  0.50000000E-04  0.75000000E+00
  0.15000000E-03  0.75000000E+00
  0.25000000E-03  0.75000000E+00
  0.35000000E-03  0.75000000E+00
  0.45000000E-03  0.75000000E+00
  0.55000000E-03  0.75000000E+00
  0.65000000E-03  0.75000000E+00
  0.75000000E-03  0.75000000E+00
  0.85000000E-03  0.75000000E+00
  0.95000000E-03  0.75000000E+00
  0.10500000E-02  0.75000000E+00
  0.11500000E-02  0.75000000E+00
  0.12500000E-02  0.75000000E+00
  0.13500000E-02  0.75000000E+00
  0.14500000E-02  0.75000000E+00
  0.15500000E-02  0.75000000E+00
  0.16500000E-02  0.75000000E+00
  0.17500000E-02  0.75000000E+00
  0.18500000E-02  0.75000000E+00
  0.19500000E-02  0.75000000E+00
  0.20500000E-02  0.75000000E+00
  0.21500000E-02  0.75000000E+00
  0.22500000E-02  0.75000000E+00
  0.23500000E-02  0.75000000E+00
  0.24500000E-02  0.75000000E+00
  0.25500000E-02  0.75000000E+00
  0.26500000E-02  0.75000000E+00
  0.27500000E-02  0.75000000E+00
  0.28500000E-02  0.75000000E+00
  0.29500000E-02  0.75000000E+00
  0.30500000E-02  0.75000000E+00
  0.31500000E-02  0.75000000E+00
  0.32500000E-02  0.75000000E+00
  0.33500000E-02  0.75000000E+00
  0.34500000E-02  0.75000000E+00
  0.35500000E-02  0.75000000E+00
  0.36500000E-02  0.75000000E+00
  0.37500000E-02  0.75000000E+00
  0.38500000E-02  0.75000000E+00
  0.39500000E-02  0.75000000E+00
  0.40500000E-02  0.75000000E+00
  0.41500000E-02  0.75000000E+00
  0.42500000E-02  0.75000000E+00
  0.43500000E-02  0.75000000E+00
  0.44500000E-02  0.75000000E+00
  0.45500000E-02  0.75000000E+00
  0.46500000E-02  0.75000000E+00
  0.47500000E-02  0.75000000E+00
  0.48500000E-02  0.75000000E+00
  0.49500000E-02  0.75000000E+00
  0.50500000E-02  0.75000000E+00
  0.51500000E-02  0.75000000E+00
  0.52500000E-02  0.75000000E+00
  0.53500000E-02  0.75000000E+00
  0.54500000E-02  0.75000000E+00
  0.55500000E-02  0.75000000E+00
  0.56500000E-02  0.75000000E+00
  0.57500000E-02  0.75000000E+00
  0.58500000E-02  0.75000000E+00
  0.59500000E-02  0.75000000E+00
  0.60500000E-02  0.75000000E+00
  0.61500000E-02  0.75000000E+00
  0.62500000E-02  0.75000000E+00
  0.63500000E-02  0.75000000E+00
  0.64500000E-02  0.75000000E+00
  0.65500000E-02  0.75000000E+00
  0.66500000E-02  0.75000000E+00
  0.67500000E-02  0.75000000E+00
  0.68500000E-02  0.75000000E+00
  0.69500000E-02  0.75000000E+00
  0.70500000E-02  0.75000000E+00
  0.71500000E-02  0.75000000E+00
  0.72500000E-02  0.75000000E+00
  0.73500000E-02  0.75000000E+00
  0.74500000E-02  0.75000000E+00
  0.75500000E-02  0.75000000E+00
  0.76500000E-02  0.75000000E+00
  0.77500000E-02  0.75000000E+00
  0.78500000E-02  0.75000000E+00
  0.79500000E-02  0.75000000E+00
  0.80500000E-02  0.75000000E+00
  0.81500000E-02  0.75000000E+00
  0.82500000E-02  0.75000000E+00
  0.83500000E-02  0.75000000E+00
  0.84500000E-02  0.75000000E+00
  0.85500000E-02  0.75000000E+00
  0.86500000E-02  0.75000000E+00
  0.87500000E-02  0.75000000E+00
  0.88500000E-02  0.75000000E+00
  0.89500000E-02  0.75000000E+00
  0.90500000E-02  0.75000000E+00
  0.91500000E-02  0.75000000E+00
  0.92500000E-02  0.75000000E+00
  0.93500000E-02  0.75000000E+00
  0.94500000E-02  0.75000000E+00
  0.95500000E-02  0.75000000E+00
  0.96500000E-02  0.75000000E+00
  0.97500000E-02  0.75000000E+00
  0.98500000E-02  0.75000000E+00
  0.99500000E-02  0.75000000E+00
  0.10050000E-01  0.75000000E+00
  0.10150000E-01  0.75000000E+00
  0.10250000E-01  0.75000000E+00
  0.10350000E-01  0.75000000E+00
  0.10450000E-01  0.75000000E+00
  0.10550000E-01  0.75000000E+00
  0.10650000E-01  0.75000000E+00
  0.10750000E-01  0.75000000E+00
  0.10850000E-01  0.75000000E+00
  0.10950000E-01  0.75000000E+00
  0.11050000E-01  0.75000000E+00
  0.11150000E-01  0.75000000E+00
  0.11250000E-01  0.75000000E+00
  0.11350000E-01  0.75000000E+00
  0.11450000E-01  0.75000000E+00
  0.11550000E-01  0.75000000E+00
  0.11650000E-01  0.75000000E+00
  0.11750000E-01  0.75000000E+00
  0.11850000E-01  0.75000000E+00
  0.11950000E-01  0.75000000E+00
  0.12050000E-01  0.75000000E+00
  0.12150000E-01  0.75000000E+00
  0.12250000E-01  0.75000000E+00
  0.12350000E-01  0.75000000E+00
  0.12450000E-01  0.75000000E+00
  0.12550000E-01  0.75000000E+00
  0.12650000E-01  0.75000000E+00
  0.12750000E-01  0.75000000E+00
  0.12850000E-01  0.75000000E+00
  0.12950000E-01  0.75000000E+00
  0.13050000E-01  0.75000000E+00
  0.13150000E-01  0.75000000E+00
  0.13250000E-01  0.75000000E+00
  0.13350000E-01  0.75000000E+00
  0.13450000E-01  0.75000000E+00
  0.13550000E-01  0.75000000E+00
  0.13650000E-01  0.75000000E+00
  0.13750000E-01  0.75000000E+00
  0.13850000E-01  0.75000000E+00
  0.13950000E-01  0.75000000E+00
  0.14050000E-01  0.75000000E+00
  0.14150000E-01  0.75000000E+00
  0.14250000E-01  0.75000000E+00
  0.14350000E-01  0.75000000E+00
  0.14450000E-01  0.75000000E+00
  0.14550000E-01  0.75000000E+00
  0.14650000E-01  0.75000000E+00
  0.14750000E-01  0.75000000E+00
  0.14850000E-01  0.75000000E+00
  0.14950000E-01  0.75000000E+00
  0.15050000E-01  0.75000000E+00
  0.15150000E-01  0.75000000E+00
  0.15250000E-01  0.75000000E+00
  0.15350000E-01  0.75000000E+00
  0.15450000E-01  0.75000000E+00
  0.15550000E-01  0.75000000E+00
  0.15650000E-01  0.75000000E+00
  0.15750000E-01  0.75000000E+00
  0.15850000E-01  0.75000000E+00
  0.15950000E-01  0.75000000E+00
  0.16050000E-01  0.75000000E+00
  0.16150000E-01  0.75000000E+00
  0.16250000E-01  0.75000000E+00
  0.16350000E-01  0.75000000E+00
  0.16450000E-01  0.75000000E+00
  0.16550000E-01  0.75000000E+00
  0.16650000E-01  0.75000000E+00
  0.16750000E-01  0.75000000E+00
  0.16850000E-01  0.75000000E+00
  0.16950000E-01  0.75000000E+00
  0.17050000E-01  0.75000000E+00
  0.17150000E-01  0.75000000E+00
  0.17250000E-01  0.75000000E+00
  0.17350000E-01  0.75000000E+00
  0.17450000E-01  0.75000000E+00
  0.17550000E-01  0.75000000E+00
  0.17650000E-01  0.75000000E+00
  0.17750000E-01  0.75000000E+00
  0.17850000E-01  0.75000000E+00
  0.17950000E-01  0.75000000E+00
  0.18050000E-01  0.75000000E+00
  0.18150000E-01  0.75000000E+00
  0.18250000E-01  0.75000000E+00
  0.18350000E-01  0.75000000E+00
  0.18450000E-01  0.75000000E+00
  0.18550000E-01  0.75000000E+00
  0.18650000E-01  0.75000000E+00
  0.18750000E-01  0.75000000E+00
  0.18850000E-01  0.75000000E+00
  0.18950000E-01  0.75000000E+00
  0.19050000E-01  0.75000000E+00
  0.19150000E-01  0.75000000E+00
  0.19250000E-01  0.75000000E+00
  0.19350000E-01  0.75000000E+00
  0.19450000E-01  0.75000000E+00
  0.19550000E-01  0.75000000E+00
  0.19650000E-01  0.75000000E+00
  0.19750000E-01  0.75000000E+00
  0.19850000E-01  0.75000000E+00
  0.19950000E-01  0.75000000E+00
  0.20050000E-01  0.75000000E+00
  0.20150000E-01  0.75000000E+00
  0.20250000E-01  0.75000000E+00
  0.20350000E-01  0.75000000E+00
  0.20450000E-01  0.75000000E+00
  0.20550000E-01  0.75000000E+00
  0.20650000E-01  0.75000000E+00
  0.20750000E-01  0.75000000E+00
  0.20850000E-01  0.75000000E+00
  0.20950000E-01  0.75000000E+00
  0.21050000E-01  0.75000000E+00
  0.21150000E-01  0.75000000E+00
  0.21250000E-01  0.75000000E+00
  0.21350000E-01  0.75000000E+00
  0.21450000E-01  0.75000000E+00
  0.21550000E-01  0.75000000E+00
  0.21650000E-01  0.75000000E+00
  0.21750000E-01  0.75000000E+00
  0.21850000E-01  0.75000000E+00
  0.21950000E-01  0.75000000E+00
  0.22050000E-01  0.75000000E+00
  0.22150000E-01  0.75000000E+00
  0.22250000E-01  0.75000000E+00
  0.22350000E-01  0.75000000E+00
  0.22450000E-01  0.75000000E+00
  0.22550000E-01  0.75000000E+00
  0.22650000E-01  0.75000000E+00
  0.22750000E-01  0.75000000E+00
  0.22850000E-01  0.75000000E+00
  0.22950000E-01  0.75000000E+00
  0.23050000E-01  0.75000000E+00
  0.23150000E-01  0.75000000E+00
  0.23250000E-01  0.75000000E+00
  0.23350000E-01  0.75000000E+00
  0.23450000E-01  0.75000000E+00
  0.23550000E-01  0.75000000E+00
  0.23650000E-01  0.75000000E+00
  0.23750000E-01  0.75000000E+00
  0.23850000E-01  0.75000000E+00
  0.23950000E-01  0.75000000E+00
  0.24050000E-01  0.75000000E+00
  0.24150000E-01  0.75000000E+00
  0.24250000E-01  0.75000000E+00
  0.24350000E-01  0.75000000E+00
  0.24450000E-01  0.75000000E+00
  0.24550000E-01  0.75000000E+00
  0.24650000E-01  0.75000000E+00
  0.24750000E-01  0.75000000E+00
  0.24850000E-01  0.75000000E+00
  0.24950000E-01  0.75000000E+00
  0.25050000E-01  0.75000000E+00
  0.25150000E-01  0.75000000E+00
  0.25250000E-01  0.75000000E+00
  0.25350000E-01  0.75000000E+00
  0.25450000E-01  0.75000000E+00
  0.25550000E-01  0.75000000E+00
  0.25650000E-01  0.75000000E+00
  0.25750000E-01  0.75000000E+00
  0.25850000E-01  0.75000000E+00
  0.25950000E-01  0.75000000E+00
  0.26050000E-01  0.75000000E+00
  0.26150000E-01  0.75000000E+00
  0.26250000E-01  0.75000000E+00
  0.26350000E-01  0.75000000E+00
  0.26450000E-01  0.75000000E+00
  0.26550000E-01  0.75000000E+00
  0.26650000E-01  0.75000000E+00
  0.26750000E-01  0.75000000E+00
  0.26850000E-01  0.75000000E+00
  0.26950000E-01  0.75000000E+00
  0.27050000E-01  0.75000000E+00
  0.27150000E-01  0.75000000E+00
  0.27250000E-01  0.75000000E+00
  0.27350000E-01  0.75000000E+00
  0.27450000E-01  0.75000000E+00
  0.27550000E-01  0.75000000E+00
  0.27650000E-01  0.75000000E+00
  0.27750000E-01  0.75000000E+00
  0.27850000E-01  0.75000000E+00
  0.27950000E-01  0.75000000E+00
  0.28050000E-01  0.75000000E+00
  0.28150000E-01  0.75000000E+00
  0.28250000E-01  0.75000000E+00
  0.28350000E-01  0.75000000E+00
  0.28450000E-01  0.75000000E+00
  0.28550000E-01  0.75000000E+00
  0.28650000E-01  0.75000000E+00
  0.28750000E-01  0.75000000E+00
  0.28850000E-01  0.75000000E+00
  0.28950000E-01  0.75000000E+00
  0.29050000E-01  0.75000000E+00
  0.29150000E-01  0.75000000E+00
  0.29250000E-01  0.75000000E+00
  0.29350000E-01  0.75000000E+00
  0.29450000E-01  0.75000000E+00
  0.29550000E-01  0.75000000E+00
  0.29650000E-01  0.75000000E+00
  0.29750000E-01  0.75000000E+00
  0.29850000E-01  0.75000000E+00
  0.29950000E-01  0.75000000E+00
  0.30050000E-01  0.75000000E+00
  0.30150000E-01  0.75000000E+00
  0.30250000E-01  0.75000000E+00
  0.30350000E-01  0.75000000E+00
  0.30450000E-01  0.75000000E+00
  0.30550000E-01  0.75000000E+00
  0.30650000E-01  0.75000000E+00
  0.30750000E-01  0.75000000E+00
  0.30850000E-01  0.75000000E+00
  0.30950000E-01  0.75000000E+00
  0.31050000E-01  0.75000000E+00
  0.31150000E-01  0.75000000E+00
  0.31250000E-01  0.75000000E+00
  0.31350000E-01  0.75000000E+00
  0.31450000E-01  0.75000000E+00
  0.31550000E-01  0.75000000E+00
  0.31650000E-01  0.75000000E+00
  0.31750000E-01  0.75000000E+00
  0.31850000E-01  0.75000000E+00
  0.31950000E-01  0.75000000E+00
  0.32050000E-01  0.75000000E+00
  0.32150000E-01  0.75000000E+00
  0.32250000E-01  0.75000000E+00
  0.32350000E-01  0.75000000E+00
  0.32450000E-01  0.75000000E+00
  0.32550000E-01  0.75000000E+00
  0.32650000E-01  0.75000000E+00
  0.32750000E-01  0.75000000E+00
  0.32850000E-01  0.75000000E+00
  0.32950000E-01  0.75000000E+00
  0.33050000E-01  0.75000000E+00
  0.33150000E-01  0.75000000E+00
  0.33250000E-01  0.75000000E+00
  0.33350000E-01  0.75000000E+00
  0.33450000E-01  0.75000000E+00
  0.33550000E-01  0.75000000E+00
  0.33650000E-01  0.75000000E+00
  0.33750000E-01  0.75000000E+00
  0.33850000E-01  0.75000000E+00
  0.33950000E-01  0.75000000E+00
  0.34050000E-01  0.75000000E+00
  0.34150000E-01  0.75000000E+00
  0.34250000E-01  0.75000000E+00
  0.34350000E-01  0.75000000E+00
  0.34450000E-01  0.75000000E+00
  0.34550000E-01  0.75000000E+00
  0.34650000E-01  0.75000000E+00
  0.34750000E-01  0.75000000E+00
  0.34850000E-01  0.75000000E+00
  0.34950000E-01  0.75000000E+00
  0.35050000E-01  0.75000000E+00
  0.35150000E-01  0.75000000E+00
  0.35250000E-01  0.75000000E+00
  0.35350000E-01  0.75000000E+00
  0.35450000E-01  0.75000000E+00
  0.35550000E-01  0.75000000E+00
  0.35650000E-01  0.75000000E+00
  0.35750000E-01  0.75000000E+00
  0.35850000E-01  0.75000000E+00
  0.35950000E-01  0.75000000E+00
  0.36050000E-01  0.75000000E+00
  0.36150000E-01  0.75000000E+00
  0.36250000E-01  0.75000000E+00
  0.36350000E-01  0.75000000E+00
  0.36450000E-01  0.75000000E+00
  0.36550000E-01  0.75000000E+00
  0.36650000E-01  0.75000000E+00
  0.36750000E-01  0.75000000E+00
  0.36850000E-01  0.75000000E+00
  0.36950000E-01  0.75000000E+00
  0.37050000E-01  0.75000000E+00
  0.37150000E-01  0.75000000E+00
  0.37250000E-01  0.75000000E+00
  0.37350000E-01  0.75000000E+00
  0.37450000E-01  0.75000000E+00
  0.37550000E-01  0.75000000E+00
  0.37650000E-01  0.75000000E+00
  0.37750000E-01  0.75000000E+00
  0.37850000E-01  0.75000000E+00
  0.37950000E-01  0.75000000E+00
  0.38050000E-01  0.75000000E+00
  0.38150000E-01  0.75000000E+00
  0.38250000E-01  0.75000000E+00
  0.38350000E-01  0.75000000E+00
  0.38450000E-01  0.75000000E+00
  0.38550000E-01  0.75000000E+00
  0.38650000E-01  0.75000000E+00
  0.38750000E-01  0.75000000E+00
  0.38850000E-01  0.75000000E+00
  0.38950000E-01  0.75000000E+00
  0.39050000E-01  0.75000000E+00
  0.39150000E-01  0.75000000E+00
  0.39250000E-01  0.75000000E+00
  0.39350000E-01  0.75000000E+00
  0.39450000E-01  0.75000000E+00
  0.39550000E-01  0.75000000E+00
  0.39650000E-01  0.75000000E+00
  0.39750000E-01  0.75000000E+00
  0.39850000E-01  0.75000000E+00
  0.39950000E-01  0.75000000E+00
  0.40050000E-01  0.75000000E+00
  0.40150000E-01  0.75000000E+00
  0.40250000E-01  0.75000000E+00
  0.40350000E-01  0.75000000E+00
  0.40450000E-01  0.75000000E+00
  0.40550000E-01  0.75000000E+00
  0.40650000E-01  0.75000000E+00
  0.40750000E-01  0.75000000E+00
  0.40850000E-01  0.75000000E+00
  0.40950000E-01  0.75000000E+00
  0.41050000E-01  0.75000000E+00
  0.41150000E-01  0.75000000E+00
  0.41250000E-01  0.75000000E+00
  0.41350000E-01  0.75000000E+00
  0.41450000E-01  0.75000000E+00
  0.41550000E-01  0.75000000E+00
  0.41650000E-01  0.75000000E+00
  0.41750000E-01  0.75000000E+00
  0.41850000E-01  0.75000000E+00
  0.41950000E-01  0.75000000E+00
  0.42050000E-01  0.75000000E+00
  0.42150000E-01  0.75000000E+00
  0.42250000E-01  0.75000000E+00
  0.42350000E-01  0.75000000E+00
  0.42450000E-01  0.75000000E+00
  0.42550000E-01  0.75000000E+00
  0.42650000E-01  0.75000000E+00
  0.42750000E-01  0.75000000E+00
  0.42850000E-01  0.75000000E+00
  0.42950000E-01  0.75000000E+00
  0.43050000E-01  0.75000000E+00
  0.43150000E-01  0.75000000E+00
  0.43250000E-01  0.75000000E+00
  0.43350000E-01  0.75000000E+00
  0.43450000E-01  0.75000000E+00
  0.43550000E-01  0.75000000E+00
  0.43650000E-01  0.75000000E+00
  0.43750000E-01  0.75000000E+00
  0.43850000E-01  0.75000000E+00
  0.43950000E-01  0.75000000E+00
  0.44050000E-01  0.75000000E+00
  0.44150000E-01  0.75000000E+00
  0.44250000E-01  0.75000000E+00
  0.44350000E-01  0.75000000E+00
  0.44450000E-01  0.75000000E+00
  0.44550000E-01  0.75000000E+00
  0.44650000E-01  0.75000000E+00
  0.44750000E-01  0.75000000E+00
  0.44850000E-01  0.75000000E+00
  0.44950000E-01  0.75000000E+00
  0.45050000E-01  0.75000000E+00
  0.45150000E-01  0.75000000E+00
  0.45250000E-01  0.75000000E+00
  0.45350000E-01  0.75000000E+00
  0.45450000E-01  0.75000000E+00
  0.45550000E-01  0.75000000E+00
  0.45650000E-01  0.75000000E+00
  0.45750000E-01  0.75000000E+00
  0.45850000E-01  0.75000000E+00
  0.45950000E-01  0.75000000E+00
  0.46050000E-01  0.75000000E+00
  0.46150000E-01  0.75000000E+00
  0.46250000E-01  0.75000000E+00
  0.46350000E-01  0.75000000E+00
  0.46450000E-01  0.75000000E+00
  0.46550000E-01  0.75000000E+00
  0.46650000E-01  0.75000000E+00
  0.46750000E-01  0.75000000E+00
  0.46850000E-01  0.75000000E+00
  0.46950000E-01  0.75000000E+00
  0.47050000E-01  0.75000000E+00
  0.47150000E-01  0.75000000E+00
  0.47250000E-01  0.75000000E+00
  0.47350000E-01  0.75000000E+00
  0.47450000E-01  0.75000000E+00
  0.47550000E-01  0.75000000E+00
  0.47650000E-01  0.75000000E+00
  0.47750000E-01  0.75000000E+00
  0.47850000E-01  0.75000000E+00
  0.47950000E-01  0.75000000E+00
  0.48050000E-01  0.75000000E+00
  0.48150000E-01  0.75000000E+00
  0.48250000E-01  0.75000000E+00
  0.48350000E-01  0.75000000E+00
  0.48450000E-01  0.75000000E+00
  0.48550000E-01  0.75000000E+00
  0.48650000E-01  0.75000000E+00
  0.48750000E-01  0.75000000E+00
  0.48850000E-01  0.75000000E+00
  0.48950000E-01  0.75000000E+00
  0.49050000E-01  0.75000000E+00
  0.49150000E-01  0.75000000E+00
  0.49250000E-01  0.75000000E+00
  0.49350000E-01  0.75000000E+00
  0.49450000E-01  0.75000000E+00
  0.49550000E-01  0.75000000E+00
  0.49650000E-01  0.75000000E+00
  0.49750000E-01  0.75000000E+00
  0.49850000E-01  0.75000000E+00
  0.49950000E-01  0.75000000E+00
  0.50050000E-01  0.75000000E+00
  0.50150000E-01  0.75000000E+00
  0.50250000E-01  0.75000000E+00
  0.50350000E-01  0.75000000E+00
  0.50450000E-01  0.75000000E+00
  0.50550000E-01  0.75000000E+00
  0.50650000E-01  0.75000000E+00
  0.50750000E-01  0.75000000E+00
  0.50850000E-01  0.75000000E+00
  0.50950000E-01  0.75000000E+00
  0.51050000E-01  0.75000000E+00
  0.51150000E-01  0.75000000E+00
  0.51250000E-01  0.75000000E+00
  0.51350000E-01  0.75000000E+00
  0.51450000E-01  0.75000000E+00
  0.51550000E-01  0.75000000E+00
  0.51650000E-01  0.75000000E+00
  0.51750000E-01  0.75000000E+00
  0.51850000E-01  0.75000000E+00
  0.51950000E-01  0.75000000E+00
  0.52050000E-01  0.75000000E+00
  0.52150000E-01  0.75000000E+00
  0.52250000E-01  0.75000000E+00
  0.52350000E-01  0.75000000E+00
  0.52450000E-01  0.75000000E+00
  0.52550000E-01  0.75000000E+00
  0.52650000E-01  0.75000000E+00
  0.52750000E-01  0.75000000E+00
  0.52850000E-01  0.75000000E+00
  0.52950000E-01  0.75000000E+00
  0.53050000E-01  0.75000000E+00
  0.53150000E-01  0.75000000E+00
  0.53250000E-01  0.75000000E+00
  0.53350000E-01  0.75000000E+00
  0.53450000E-01  0.75000000E+00
  0.53550000E-01  0.75000000E+00
  0.53650000E-01  0.75000000E+00
  0.53750000E-01  0.75000000E+00
  0.53850000E-01  0.75000000E+00
  0.53950000E-01  0.75000000E+00
  0.54050000E-01  0.75000000E+00
  0.54150000E-01  0.75000000E+00
  0.54250000E-01  0.75000000E+00
  0.54350000E-01  0.75000000E+00
  0.54450000E-01  0.75000000E+00
  0.54550000E-01  0.75000000E+00
  0.54650000E-01  0.75000000E+00
  0.54750000E-01  0.75000000E+00
  0.54850000E-01  0.75000000E+00
  0.54950000E-01  0.75000000E+00
  0.55050000E-01  0.75000000E+00
  0.55150000E-01  0.75000000E+00
  0.55250000E-01  0.75000000E+00
  0.55350000E-01  0.75000000E+00
  0.55450000E-01  0.75000000E+00
  0.55550000E-01  0.75000000E+00
  0.55650000E-01  0.75000000E+00
  0.55750000E-01  0.75000000E+00
  0.55850000E-01  0.75000000E+00
  0.55950000E-01  0.75000000E+00
  0.56050000E-01  0.75000000E+00
  0.56150000E-01  0.75000000E+00
  0.56250000E-01  0.75000000E+00
  0.56350000E-01  0.75000000E+00
  0.56450000E-01  0.75000000E+00
  0.56550000E-01  0.75000000E+00
  0.56650000E-01  0.75000000E+00
  0.56750000E-01  0.75000000E+00
  0.56850000E-01  0.75000000E+00
  0.56950000E-01  0.75000000E+00
  0.57050000E-01  0.75000000E+00
  0.57150000E-01  0.75000000E+00
  0.57250000E-01  0.75000000E+00
  0.57350000E-01  0.75000000E+00
  0.57450000E-01  0.75000000E+00
  0.57550000E-01  0.75000000E+00
  0.57650000E-01  0.75000000E+00
  0.57750000E-01  0.75000000E+00
  0.57850000E-01  0.75000000E+00
  0.57950000E-01  0.75000000E+00
  0.58050000E-01  0.75000000E+00
  0.58150000E-01  0.75000000E+00
  0.58250000E-01  0.75000000E+00
  0.58350000E-01  0.75000000E+00
  0.58450000E-01  0.75000000E+00
  0.58550000E-01  0.75000000E+00
  0.58650000E-01  0.75000000E+00
  0.58750000E-01  0.75000000E+00
  0.58850000E-01  0.75000000E+00
  0.58950000E-01  0.75000000E+00
  0.59050000E-01  0.75000000E+00
  0.59150000E-01  0.75000000E+00
  0.59250000E-01  0.75000000E+00
  0.59350000E-01  0.75000000E+00
  0.59450000E-01  0.75000000E+00
  0.59550000E-01  0.75000000E+00
  0.59650000E-01  0.75000000E+00
  0.59750000E-01  0.75000000E+00
  0.59850000E-01  0.75000000E+00
  0.59950000E-01  0.75000000E+00
  0.60050000E-01  0.75000000E+00
  0.60150000E-01  0.75000000E+00
  0.60250000E-01  0.75000000E+00
  0.60350000E-01  0.75000000E+00
  0.60450000E-01  0.75000000E+00
  0.60550000E-01  0.75000000E+00
  0.60650000E-01  0.75000000E+00
  0.60750000E-01  0.75000000E+00
  0.60850000E-01  0.75000000E+00
  0.60950000E-01  0.75000000E+00
  0.61050000E-01  0.75000000E+00
  0.61150000E-01  0.75000000E+00
  0.61250000E-01  0.75000000E+00
  0.61350000E-01  0.75000000E+00
  0.61450000E-01  0.75000000E+00
  0.61550000E-01  0.75000000E+00
  0.61650000E-01  0.75000000E+00
  0.61750000E-01  0.75000000E+00
  0.61850000E-01  0.75000000E+00
  0.61950000E-01  0.75000000E+00
  0.62050000E-01  0.75000000E+00
  0.62150000E-01  0.75000000E+00
  0.62250000E-01  0.75000000E+00
  0.62350000E-01  0.75000000E+00
  0.62450000E-01  0.75000000E+00
  0.62550000E-01  0.75000000E+00
  0.62650000E-01  0.75000000E+00
  0.62750000E-01  0.75000000E+00
  0.62850000E-01  0.75000000E+00
  0.62950000E-01  0.75000000E+00
  0.63050000E-01  0.75000000E+00
  0.63150000E-01  0.75000000E+00
  0.63250000E-01  0.75000000E+00
  0.63350000E-01  0.75000000E+00
  0.63450000E-01  0.75000000E+00
  0.63550000E-01  0.75000000E+00
  0.63650000E-01  0.75000000E+00
  0.63750000E-01  0.75000000E+00
  0.63850000E-01  0.75000000E+00
  0.63950000E-01  0.75000000E+00
  0.64050000E-01  0.75000000E+00
  0.64150000E-01  0.75000000E+00
  0.64250000E-01  0.75000000E+00
  0.64350000E-01  0.75000000E+00
  0.64450000E-01  0.75000000E+00
  0.64550000E-01  0.75000000E+00
  0.64650000E-01  0.75000000E+00
  0.64750000E-01  0.75000000E+00
  0.64850000E-01  0.75000000E+00
  0.64950000E-01  0.75000000E+00
  0.65050000E-01  0.75000000E+00
  0.65150000E-01  0.75000000E+00
  0.65250000E-01  0.75000000E+00
  0.65350000E-01  0.75000000E+00
  0.65450000E-01  0.75000000E+00
  0.65550000E-01  0.75000000E+00
  0.65650000E-01  0.75000000E+00
  0.65750000E-01  0.75000000E+00
  0.65850000E-01  0.75000000E+00
  0.65950000E-01  0.75000000E+00
  0.66050000E-01  0.75000000E+00
  0.66150000E-01  0.75000000E+00
  0.66250000E-01  0.75000000E+00
  0.66350000E-01  0.75000000E+00
  0.66450000E-01  0.75000000E+00
  0.66550000E-01  0.75000000E+00
  0.66650000E-01  0.75000000E+00
  0.66750000E-01  0.75000000E+00
  0.66850000E-01  0.75000000E+00
  0.66950000E-01  0.75000000E+00
  0.67050000E-01  0.75000000E+00
  0.67150000E-01  0.75000000E+00
  0.67250000E-01  0.75000000E+00
  0.67350000E-01  0.75000000E+00
  0.67450000E-01  0.75000000E+00
  0.67550000E-01  0.75000000E+00
  0.67650000E-01  0.75000000E+00
  0.67750000E-01  0.75000000E+00
  0.67850000E-01  0.75000000E+00
  0.67950000E-01  0.75000000E+00
  0.68050000E-01  0.75000000E+00
  0.68150000E-01  0.75000000E+00
  0.68250000E-01  0.75000000E+00
  0.68350000E-01  0.75000000E+00
  0.68450000E-01  0.75000000E+00
  0.68550000E-01  0.75000000E+00
  0.68650000E-01  0.75000000E+00
  0.68750000E-01  0.75000000E+00
  0.68850000E-01  0.75000000E+00
  0.68950000E-01  0.75000000E+00
  0.69050000E-01  0.75000000E+00
  0.69150000E-01  0.75000000E+00
  0.69250000E-01  0.75000000E+00
  0.69350000E-01  0.75000000E+00
  0.69450000E-01  0.75000000E+00
  0.69550000E-01  0.75000000E+00
  0.69650000E-01  0.75000000E+00
  0.69750000E-01  0.75000000E+00
  0.69850000E-01  0.75000000E+00
  0.69950000E-01  0.75000000E+00
  0.70050000E-01  0.75000000E+00
  0.70150000E-01  0.75000000E+00
  0.70250000E-01  0.75000000E+00
  0.70350000E-01  0.75000000E+00
  0.70450000E-01  0.75000000E+00
  0.70550000E-01  0.75000000E+00
  0.70650000E-01  0.75000000E+00
  0.70750000E-01  0.75000000E+00
  0.70850000E-01  0.75000000E+00
  0.70950000E-01  0.75000000E+00
  0.71050000E-01  0.75000000E+00
  0.71150000E-01  0.75000000E+00
  0.71250000E-01  0.75000000E+00
  0.71350000E-01  0.75000000E+00
  0.71450000E-01  0.75000000E+00
  0.71550000E-01  0.75000000E+00
  0.71650000E-01  0.75000000E+00
  0.71750000E-01  0.75000000E+00
  0.71850000E-01  0.75000000E+00
  0.71950000E-01  0.75000000E+00
  0.72050000E-01  0.75000000E+00
  0.72150000E-01  0.75000000E+00
  0.72250000E-01  0.75000000E+00
  0.72350000E-01  0.75000000E+00
  0.72450000E-01  0.75000000E+00
  0.72550000E-01  0.75000000E+00
  0.72650000E-01  0.75000000E+00
  0.72750000E-01  0.75000000E+00
  0.72850000E-01  0.75000000E+00
  0.72950000E-01  0.75000000E+00
  0.73050000E-01  0.75000000E+00
  0.73150000E-01  0.75000000E+00
  0.73250000E-01  0.75000000E+00
  0.73350000E-01  0.75000000E+00
  0.73450000E-01  0.75000000E+00
  0.73550000E-01  0.75000000E+00
  0.73650000E-01  0.75000000E+00
  0.73750000E-01  0.75000000E+00
  0.73850000E-01  0.75000000E+00
  0.73950000E-01  0.75000000E+00
  0.74050000E-01  0.75000000E+00
  0.74150000E-01  0.75000000E+00
  0.74250000E-01  0.75000000E+00
  0.74350000E-01  0.75000000E+00
  0.74450000E-01  0.75000000E+00
  0.74550000E-01  0.75000000E+00
  0.74650000E-01  0.75000000E+00
  0.74750000E-01  0.75000000E+00
  0.74850000E-01  0.75000000E+00
  0.74950000E-01  0.75000000E+00
  0.75050000E-01  0.75000000E+00
  0.75150000E-01  0.75000000E+00
  0.75250000E-01  0.75000000E+00
  0.75350000E-01  0.75000000E+00
  0.75450000E-01  0.75000000E+00
  0.75550000E-01  0.75000000E+00
  0.75650000E-01  0.75000000E+00
  0.75750000E-01  0.75000000E+00
  0.75850000E-01  0.75000000E+00
  0.75950000E-01  0.75000000E+00
  0.76050000E-01  0.75000000E+00
  0.76150000E-01  0.75000000E+00
  0.76250000E-01  0.75000000E+00
  0.76350000E-01  0.75000000E+00
  0.76450000E-01  0.75000000E+00
  0.76550000E-01  0.75000000E+00
  0.76650000E-01  0.75000000E+00
  0.76750000E-01  0.75000000E+00
  0.76850000E-01  0.75000000E+00
  0.76950000E-01  0.75000000E+00
  0.77050000E-01  0.75000000E+00
  0.77150000E-01  0.75000000E+00
  0.77250000E-01  0.75000000E+00
  0.77350000E-01  0.75000000E+00
  0.77450000E-01  0.75000000E+00
  0.77550000E-01  0.75000000E+00
  0.77650000E-01  0.75000000E+00
  0.77750000E-01  0.75000000E+00
  0.77850000E-01  0.75000000E+00
  0.77950000E-01  0.75000000E+00
  0.78050000E-01  0.75000000E+00
  0.78150000E-01  0.75000000E+00
  0.78250000E-01  0.75000000E+00
  0.78350000E-01  0.75000000E+00
  0.78450000E-01  0.75000000E+00
  0.78550000E-01  0.75000000E+00
  0.78650000E-01  0.75000000E+00
  0.78750000E-01  0.75000000E+00
  0.78850000E-01  0.75000000E+00
  0.78950000E-01  0.75000000E+00
  0.79050000E-01  0.75000000E+00
  0.79150000E-01  0.75000000E+00
  0.79250000E-01  0.75000000E+00
  0.79350000E-01  0.75000000E+00
  0.79450000E-01  0.75000000E+00
  0.79550000E-01  0.75000000E+00
  0.79650000E-01  0.75000000E+00
  0.79750000E-01  0.75000000E+00
  0.79850000E-01  0.75000000E+00
  0.79950000E-01  0.75000000E+00
  0.80050000E-01  0.75000000E+00
  0.80150000E-01  0.75000000E+00
  0.80250000E-01  0.75000000E+00
  0.80350000E-01  0.75000000E+00
  0.80450000E-01  0.75000000E+00
  0.80550000E-01  0.75000000E+00
  0.80650000E-01  0.75000000E+00
  0.80750000E-01  0.75000000E+00
  0.80850000E-01  0.75000000E+00
  0.80950000E-01  0.75000000E+00
  0.81050000E-01  0.75000000E+00
  0.81150000E-01  0.75000000E+00
  0.81250000E-01  0.75000000E+00
  0.81350000E-01  0.75000000E+00
  0.81450000E-01  0.75000000E+00
  0.81550000E-01  0.75000000E+00
  0.81650000E-01  0.75000000E+00
  0.81750000E-01  0.75000000E+00
  0.81850000E-01  0.75000000E+00
  0.81950000E-01  0.75000000E+00
  0.82050000E-01  0.75000000E+00
  0.82150000E-01  0.75000000E+00
  0.82250000E-01  0.75000000E+00
  0.82350000E-01  0.75000000E+00
  0.82450000E-01  0.75000000E+00
  0.82550000E-01  0.75000000E+00
  0.82650000E-01  0.75000000E+00
  0.82750000E-01  0.75000000E+00
  0.82850000E-01  0.75000000E+00
  0.82950000E-01  0.75000000E+00
  0.83050000E-01  0.75000000E+00
  0.83150000E-01  0.75000000E+00
  0.83250000E-01  0.75000000E+00
  0.83350000E-01  0.75000000E+00
  0.83450000E-01  0.75000000E+00
  0.83550000E-01  0.75000000E+00
  0.83650000E-01  0.75000000E+00
  0.83750000E-01  0.75000000E+00
  0.83850000E-01  0.75000000E+00
  0.83950000E-01  0.75000000E+00
  0.84050000E-01  0.75000000E+00
  0.84150000E-01  0.75000000E+00
  0.84250000E-01  0.75000000E+00
  0.84350000E-01  0.75000000E+00
  0.84450000E-01  0.75000000E+00
  0.84550000E-01  0.75000000E+00
  0.84650000E-01  0.75000000E+00
  0.84750000E-01  0.75000000E+00
  0.84850000E-01  0.75000000E+00
  0.84950000E-01  0.75000000E+00
  0.85050000E-01  0.75000000E+00
  0.85150000E-01  0.75000000E+00
  0.85250000E-01  0.75000000E+00
  0.85350000E-01  0.75000000E+00
  0.85450000E-01  0.75000000E+00
  0.85550000E-01  0.75000000E+00
  0.85650000E-01  0.75000000E+00
  0.85750000E-01  0.75000000E+00
  0.85850000E-01  0.75000000E+00
  0.85950000E-01  0.75000000E+00
  0.86050000E-01  0.75000000E+00
  0.86150000E-01  0.75000000E+00
  0.86250000E-01  0.75000000E+00
  0.86350000E-01  0.75000000E+00
  0.86450000E-01  0.75000000E+00
  0.86550000E-01  0.75000000E+00
  0.86650000E-01  0.75000000E+00
  0.86750000E-01  0.75000000E+00
  0.86850000E-01  0.75000000E+00
  0.86950000E-01  0.75000000E+00
  0.87050000E-01  0.75000000E+00
  0.87150000E-01  0.75000000E+00
  0.87250000E-01  0.75000000E+00
  0.87350000E-01  0.75000000E+00
  0.87450000E-01  0.75000000E+00
  0.87550000E-01  0.75000000E+00
  0.87650000E-01  0.75000000E+00
  0.87750000E-01  0.75000000E+00
  0.87850000E-01  0.75000000E+00
  0.87950000E-01  0.75000000E+00
  0.88050000E-01  0.75000000E+00
  0.88150000E-01  0.75000000E+00
  0.88250000E-01  0.75000000E+00
  0.88350000E-01  0.75000000E+00
  0.88450000E-01  0.75000000E+00
  0.88550000E-01  0.75000000E+00
  0.88650000E-01  0.75000000E+00
  0.88750000E-01  0.75000000E+00
  0.88850000E-01  0.75000000E+00
  0.88950000E-01  0.75000000E+00
  0.89050000E-01  0.75000000E+00
  0.89150000E-01  0.75000000E+00
  0.89250000E-01  0.75000000E+00
  0.89350000E-01  0.75000000E+00
  0.89450000E-01  0.75000000E+00
  0.89550000E-01  0.75000000E+00
  0.89650000E-01  0.75000000E+00
  0.89750000E-01  0.75000000E+00
  0.89850000E-01  0.75000000E+00
  0.89950000E-01  0.75000000E+00
  0.90050000E-01  0.75000000E+00
  0.90150000E-01  0.75000000E+00
  0.90250000E-01  0.75000000E+00
  0.90350000E-01  0.75000000E+00
  0.90450000E-01  0.75000000E+00
  0.90550000E-01  0.75000000E+00
  0.90650000E-01  0.75000000E+00
  0.90750000E-01  0.75000000E+00
  0.90850000E-01  0.75000000E+00
  0.90950000E-01  0.75000000E+00
  0.91050000E-01  0.75000000E+00
  0.91150000E-01  0.75000000E+00
  0.91250000E-01  0.75000000E+00
  0.91350000E-01  0.75000000E+00
  0.91450000E-01  0.75000000E+00
  0.91550000E-01  0.75000000E+00
  0.91650000E-01  0.75000000E+00
  0.91750000E-01  0.75000000E+00
  0.91850000E-01  0.75000000E+00
  0.91950000E-01  0.75000000E+00
  0.92050000E-01  0.75000000E+00
  0.92150000E-01  0.75000000E+00
  0.92250000E-01  0.75000000E+00
  0.92350000E-01  0.75000000E+00
  0.92450000E-01  0.75000000E+00
  0.92550000E-01  0.75000000E+00
  0.92650000E-01  0.75000000E+00
  0.92750000E-01  0.75000000E+00
  0.92850000E-01  0.75000000E+00
  0.92950000E-01  0.75000000E+00
  0.93050000E-01  0.75000000E+00
  0.93150000E-01  0.75000000E+00
  0.93250000E-01  0.75000000E+00
  0.93350000E-01  0.75000000E+00
  0.93450000E-01  0.75000000E+00
  0.93550000E-01  0.75000000E+00
  0.93650000E-01  0.75000000E+00
  0.93750000E-01  0.75000000E+00
  0.93850000E-01  0.75000000E+00
  0.93950000E-01  0.75000000E+00
  0.94050000E-01  0.75000000E+00
  0.94150000E-01  0.75000000E+00
  0.94250000E-01  0.75000000E+00
  0.94350000E-01  0.75000000E+00
  0.94450000E-01  0.75000000E+00
  0.94550000E-01  0.75000000E+00
  0.94650000E-01  0.75000000E+00
  0.94750000E-01  0.75000000E+00
  0.94850000E-01  0.75000000E+00
  0.94950000E-01  0.75000000E+00
  0.95050000E-01  0.75000000E+00
  0.95150000E-01  0.75000000E+00
  0.95250000E-01  0.75000000E+00
  0.95350000E-01  0.75000000E+00
  0.95450000E-01  0.75000000E+00
  0.95550000E-01  0.75000000E+00
  0.95650000E-01  0.75000000E+00
  0.95750000E-01  0.75000000E+00
  0.95850000E-01  0.75000000E+00
  0.95950000E-01  0.75000000E+00
  0.96050000E-01  0.75000000E+00
  0.96150000E-01  0.75000000E+00
  0.96250000E-01  0.75000000E+00
  0.96350000E-01  0.75000000E+00
  0.96450000E-01  0.75000000E+00
  0.96550000E-01  0.75000000E+00
  0.96650000E-01  0.75000000E+00
  0.96750000E-01  0.75000000E+00
  0.96850000E-01  0.75000000E+00
  0.96950000E-01  0.75000000E+00
  0.97050000E-01  0.75000000E+00
  0.97150000E-01  0.75000000E+00
  0.97250000E-01  0.75000000E+00
  0.97350000E-01  0.75000000E+00
  0.97450000E-01  0.75000000E+00
  0.97550000E-01  0.75000000E+00
  0.97650000E-01  0.75000000E+00
  0.97750000E-01  0.75000000E+00
  0.97850000E-01  0.75000000E+00
  0.97950000E-01  0.75000000E+00
  0.98050000E-01  0.75000000E+00
  0.98150000E-01  0.75000000E+00
  0.98250000E-01  0.75000000E+00
  0.98350000E-01  0.75000000E+00
  0.98450000E-01  0.75000000E+00
  0.98550000E-01  0.75000000E+00
  0.98650000E-01  0.75000000E+00
  0.98750000E-01  0.75000000E+00
  0.98850000E-01  0.75000000E+00
  0.98950000E-01  0.75000000E+00
  0.99050000E-01  0.75000000E+00
  0.99150000E-01  0.75000000E+00
  0.99250000E-01  0.75000000E+00
  0.99350000E-01  0.75000000E+00
  0.99450000E-01  0.75000000E+00
  0.99550000E-01  0.75000000E+00
  0.99650000E-01  0.75000000E+00
  0.99750000E-01  0.75000000E+00
  0.99850000E-01  0.75000000E+00
  0.99950000E-01  0.75000000E+00
  0.10005000E+00  0.75000000E+00
  0.10015000E+00  0.75000000E+00
  0.10025000E+00  0.75000000E+00
  0.10035000E+00  0.75000000E+00
  0.10045000E+00  0.75000000E+00
  0.10055000E+00  0.75000000E+00
  0.10065000E+00  0.75000000E+00
  0.10075000E+00  0.75000000E+00
  0.10085000E+00  0.75000000E+00
  0.10095000E+00  0.75000000E+00
  0.10105000E+00  0.75000000E+00
  0.10115000E+00  0.75000000E+00
  0.10125000E+00  0.75000000E+00
  0.10135000E+00  0.75000000E+00
  0.10145000E+00  0.75000000E+00
  0.10155000E+00  0.75000000E+00
  0.10165000E+00  0.75000000E+00
  0.10175000E+00  0.75000000E+00
  0.10185000E+00  0.75000000E+00
  0.10195000E+00  0.75000000E+00
  0.10205000E+00  0.75000000E+00
  0.10215000E+00  0.75000000E+00
  0.10225000E+00  0.75000000E+00
  0.10235000E+00  0.75000000E+00
  0.10245000E+00  0.75000000E+00
  0.10255000E+00  0.75000000E+00
  0.10265000E+00  0.75000000E+00
  0.10275000E+00  0.75000000E+00
  0.10285000E+00  0.75000000E+00
  0.10295000E+00  0.75000000E+00
  0.10305000E+00  0.75000000E+00
  0.10315000E+00  0.75000000E+00
  0.10325000E+00  0.75000000E+00
  0.10335000E+00  0.75000000E+00
  0.10345000E+00  0.75000000E+00
  0.10355000E+00  0.75000000E+00
  0.10365000E+00  0.75000000E+00
  0.10375000E+00  0.75000000E+00
  0.10385000E+00  0.75000000E+00
  0.10395000E+00  0.75000000E+00
  0.10405000E+00  0.75000000E+00
  0.10415000E+00  0.75000000E+00
  0.10425000E+00  0.75000000E+00
  0.10435000E+00  0.75000000E+00
  0.10445000E+00  0.75000000E+00
  0.10455000E+00  0.75000000E+00
  0.10465000E+00  0.75000000E+00
  0.10475000E+00  0.75000000E+00
  0.10485000E+00  0.75000000E+00
  0.10495000E+00  0.75000000E+00
  0.10505000E+00  0.75000000E+00
  0.10515000E+00  0.75000000E+00
  0.10525000E+00  0.75000000E+00
  0.10535000E+00  0.75000000E+00
  0.10545000E+00  0.75000000E+00
  0.10555000E+00  0.75000000E+00
  0.10565000E+00  0.75000000E+00
  0.10575000E+00  0.75000000E+00
  0.10585000E+00  0.75000000E+00
  0.10595000E+00  0.75000000E+00
  0.10605000E+00  0.75000000E+00
  0.10615000E+00  0.75000000E+00
  0.10625000E+00  0.75000000E+00
  0.10635000E+00  0.75000000E+00
  0.10645000E+00  0.75000000E+00
  0.10655000E+00  0.75000000E+00
  0.10665000E+00  0.75000000E+00
  0.10675000E+00  0.75000000E+00
  0.10685000E+00  0.75000000E+00
  0.10695000E+00  0.75000000E+00
  0.10705000E+00  0.75000000E+00
  0.10715000E+00  0.75000000E+00
  0.10725000E+00  0.75000000E+00
  0.10735000E+00  0.75000000E+00
  0.10745000E+00  0.75000000E+00
  0.10755000E+00  0.75000000E+00
  0.10765000E+00  0.75000000E+00
  0.10775000E+00  0.75000000E+00
  0.10785000E+00  0.75000000E+00
  0.10795000E+00  0.75000000E+00
  0.10805000E+00  0.75000000E+00
  0.10815000E+00  0.75000000E+00
  0.10825000E+00  0.75000000E+00
  0.10835000E+00  0.75000000E+00
  0.10845000E+00  0.75000000E+00
  0.10855000E+00  0.75000000E+00
  0.10865000E+00  0.75000000E+00
  0.10875000E+00  0.75000000E+00
  0.10885000E+00  0.75000000E+00
  0.10895000E+00  0.75000000E+00
  0.10905000E+00  0.75000000E+00
  0.10915000E+00  0.75000000E+00
  0.10925000E+00  0.75000000E+00
  0.10935000E+00  0.75000000E+00
  0.10945000E+00  0.75000000E+00
  0.10955000E+00  0.75000000E+00
  0.10965000E+00  0.75000000E+00
  0.10975000E+00  0.75000000E+00
  0.10985000E+00  0.75000000E+00
  0.10995000E+00  0.75000000E+00
  0.11005000E+00  0.75000000E+00
  0.11015000E+00  0.75000000E+00
  0.11025000E+00  0.75000000E+00
  0.11035000E+00  0.75000000E+00
  0.11045000E+00  0.75000000E+00
  0.11055000E+00  0.75000000E+00
  0.11065000E+00  0.75000000E+00
  0.11075000E+00  0.75000000E+00
  0.11085000E+00  0.75000000E+00
  0.11095000E+00  0.75000000E+00
  0.11105000E+00  0.75000000E+00
  0.11115000E+00  0.75000000E+00
  0.11125000E+00  0.75000000E+00
  0.11135000E+00  0.75000000E+00
  0.11145000E+00  0.75000000E+00
  0.11155000E+00  0.75000000E+00
  0.11165000E+00  0.75000000E+00
  0.11175000E+00  0.75000000E+00
  0.11185000E+00  0.75000000E+00
  0.11195000E+00  0.75000000E+00
  0.11205000E+00  0.75000000E+00
  0.11215000E+00  0.75000000E+00
  0.11225000E+00  0.75000000E+00
  0.11235000E+00  0.75000000E+00
  0.11245000E+00  0.75000000E+00
  0.11255000E+00  0.75000000E+00
  0.11265000E+00  0.75000000E+00
  0.11275000E+00  0.75000000E+00
  0.11285000E+00  0.75000000E+00
  0.11295000E+00  0.75000000E+00
  0.11305000E+00  0.75000000E+00
  0.11315000E+00  0.75000000E+00
  0.11325000E+00  0.75000000E+00
  0.11335000E+00  0.75000000E+00
  0.11345000E+00  0.75000000E+00
  0.11355000E+00  0.75000000E+00
  0.11365000E+00  0.75000000E+00
  0.11375000E+00  0.75000000E+00
  0.11385000E+00  0.75000000E+00
  0.11395000E+00  0.75000000E+00
  0.11405000E+00  0.75000000E+00
  0.11415000E+00  0.75000000E+00
  0.11425000E+00  0.75000000E+00
  0.11435000E+00  0.75000000E+00
  0.11445000E+00  0.75000000E+00
  0.11455000E+00  0.75000000E+00
  0.11465000E+00  0.75000000E+00
  0.11475000E+00  0.75000000E+00
  0.11485000E+00  0.75000000E+00
  0.11495000E+00  0.75000000E+00
  0.11505000E+00  0.75000000E+00
  0.11515000E+00  0.75000000E+00
  0.11525000E+00  0.75000000E+00
  0.11535000E+00  0.75000000E+00
  0.11545000E+00  0.75000000E+00
  0.11555000E+00  0.75000000E+00
  0.11565000E+00  0.75000000E+00
  0.11575000E+00  0.75000000E+00
  0.11585000E+00  0.75000000E+00
  0.11595000E+00  0.75000000E+00
  0.11605000E+00  0.75000000E+00
  0.11615000E+00  0.75000000E+00
  0.11625000E+00  0.75000000E+00
  0.11635000E+00  0.75000000E+00
  0.11645000E+00  0.75000000E+00
  0.11655000E+00  0.75000000E+00
  0.11665000E+00  0.75000000E+00
  0.11675000E+00  0.75000000E+00
  0.11685000E+00  0.75000000E+00
  0.11695000E+00  0.75000000E+00
  0.11705000E+00  0.75000000E+00
  0.11715000E+00  0.75000000E+00
  0.11725000E+00  0.75000000E+00
  0.11735000E+00  0.75000000E+00
  0.11745000E+00  0.75000000E+00
  0.11755000E+00  0.75000000E+00
  0.11765000E+00  0.75000000E+00
  0.11775000E+00  0.75000000E+00
  0.11785000E+00  0.75000000E+00
  0.11795000E+00  0.75000000E+00
  0.11805000E+00  0.75000000E+00
  0.11815000E+00  0.75000000E+00
  0.11825000E+00  0.75000000E+00
  0.11835000E+00  0.75000000E+00
  0.11845000E+00  0.75000000E+00
  0.11855000E+00  0.75000000E+00
  0.11865000E+00  0.75000000E+00
  0.11875000E+00  0.75000000E+00
  0.11885000E+00  0.75000000E+00
  0.11895000E+00  0.75000000E+00
  0.11905000E+00  0.75000000E+00
  0.11915000E+00  0.75000000E+00
  0.11925000E+00  0.75000000E+00
  0.11935000E+00  0.75000000E+00
  0.11945000E+00  0.75000000E+00
  0.11955000E+00  0.75000000E+00
  0.11965000E+00  0.75000000E+00
  0.11975000E+00  0.75000000E+00
  0.11985000E+00  0.75000000E+00
  0.11995000E+00  0.75000000E+00
  0.12005000E+00  0.75000000E+00
  0.12015000E+00  0.75000000E+00
  0.12025000E+00  0.75000000E+00
  0.12035000E+00  0.75000000E+00
  0.12045000E+00  0.75000000E+00
  0.12055000E+00  0.75000000E+00
  0.12065000E+00  0.75000000E+00
  0.12075000E+00  0.75000000E+00
  0.12085000E+00  0.75000000E+00
  0.12095000E+00  0.75000000E+00
  0.12105000E+00  0.75000000E+00
  0.12115000E+00  0.75000000E+00
  0.12125000E+00  0.75000000E+00
  0.12135000E+00  0.75000000E+00
  0.12145000E+00  0.75000000E+00
  0.12155000E+00  0.75000000E+00
  0.12165000E+00  0.75000000E+00
  0.12175000E+00  0.75000000E+00
  0.12185000E+00  0.75000000E+00
  0.12195000E+00  0.75000000E+00
  0.12205000E+00  0.75000000E+00
  0.12215000E+00  0.75000000E+00
  0.12225000E+00  0.75000000E+00
  0.12235000E+00  0.75000000E+00
  0.12245000E+00  0.75000000E+00
  0.12255000E+00  0.75000000E+00
  0.12265000E+00  0.75000000E+00
  0.12275000E+00  0.75000000E+00
  0.12285000E+00  0.75000000E+00
  0.12295000E+00  0.75000000E+00
  0.12305000E+00  0.75000000E+00
  0.12315000E+00  0.75000000E+00
  0.12325000E+00  0.75000000E+00
  0.12335000E+00  0.75000000E+00
  0.12345000E+00  0.75000000E+00
  0.12355000E+00  0.75000000E+00
  0.12365000E+00  0.75000000E+00
  0.12375000E+00  0.75000000E+00
  0.12385000E+00  0.75000000E+00
  0.12395000E+00  0.75000000E+00
  0.12405000E+00  0.75000000E+00
  0.12415000E+00  0.75000000E+00
  0.12425000E+00  0.75000000E+00
  0.12435000E+00  0.75000000E+00
  0.12445000E+00  0.75000000E+00
  0.12455000E+00  0.75000000E+00
  0.12465000E+00  0.75000000E+00
  0.12475000E+00  0.75000000E+00
  0.12485000E+00  0.75000000E+00
  0.12495000E+00  0.75000000E+00
  0.12505000E+00  0.75000000E+00
  0.12515000E+00  0.75000000E+00
  0.12525000E+00  0.75000000E+00
  0.12535000E+00  0.75000000E+00
  0.12545000E+00  0.75000000E+00
  0.12555000E+00  0.75000000E+00
  0.12565000E+00  0.75000000E+00
  0.12575000E+00  0.75000000E+00
  0.12585000E+00  0.75000000E+00
  0.12595000E+00  0.75000000E+00
  0.12605000E+00  0.75000000E+00
  0.12615000E+00  0.75000000E+00
  0.12625000E+00  0.75000000E+00
  0.12635000E+00  0.75000000E+00
  0.12645000E+00  0.75000000E+00
  0.12655000E+00  0.75000000E+00
  0.12665000E+00  0.75000000E+00
  0.12675000E+00  0.75000000E+00
  0.12685000E+00  0.75000000E+00
  0.12695000E+00  0.75000000E+00
  0.12705000E+00  0.75000000E+00
  0.12715000E+00  0.75000000E+00
  0.12725000E+00  0.75000000E+00
  0.12735000E+00  0.75000000E+00
  0.12745000E+00  0.75000000E+00
  0.12755000E+00  0.75000000E+00
  0.12765000E+00  0.75000000E+00
  0.12775000E+00  0.75000000E+00
  0.12785000E+00  0.75000000E+00
  0.12795000E+00  0.75000000E+00
  0.12805000E+00  0.75000000E+00
  0.12815000E+00  0.75000000E+00
  0.12825000E+00  0.75000000E+00
  0.12835000E+00  0.75000000E+00
  0.12845000E+00  0.75000000E+00
  0.12855000E+00  0.75000000E+00
  0.12865000E+00  0.75000000E+00
  0.12875000E+00  0.75000000E+00
  0.12885000E+00  0.75000000E+00
  0.12895000E+00  0.75000000E+00
  0.12905000E+00  0.75000000E+00
  0.12915000E+00  0.75000000E+00
  0.12925000E+00  0.75000000E+00
  0.12935000E+00  0.75000000E+00
  0.12945000E+00  0.75000000E+00
  0.12955000E+00  0.75000000E+00
  0.12965000E+00  0.75000000E+00
  0.12975000E+00  0.75000000E+00
  0.12985000E+00  0.75000000E+00
  0.12995000E+00  0.75000000E+00
  0.13005000E+00  0.75000000E+00
  0.13015000E+00  0.75000000E+00
  0.13025000E+00  0.75000000E+00
  0.13035000E+00  0.75000000E+00
  0.13045000E+00  0.75000000E+00
  0.13055000E+00  0.75000000E+00
  0.13065000E+00  0.75000000E+00
  0.13075000E+00  0.75000000E+00
  0.13085000E+00  0.75000000E+00
  0.13095000E+00  0.75000000E+00
  0.13105000E+00  0.75000000E+00
  0.13115000E+00  0.75000000E+00
  0.13125000E+00  0.75000000E+00
  0.13135000E+00  0.75000000E+00
  0.13145000E+00  0.75000000E+00
  0.13155000E+00  0.75000000E+00
  0.13165000E+00  0.75000000E+00
  0.13175000E+00  0.75000000E+00
  0.13185000E+00  0.75000000E+00
  0.13195000E+00  0.75000000E+00
  0.13205000E+00  0.75000000E+00
  0.13215000E+00  0.75000000E+00
  0.13225000E+00  0.75000000E+00
  0.13235000E+00  0.75000000E+00
  0.13245000E+00  0.75000000E+00
  0.13255000E+00  0.75000000E+00
  0.13265000E+00  0.75000000E+00
  0.13275000E+00  0.75000000E+00
  0.13285000E+00  0.75000000E+00
  0.13295000E+00  0.75000000E+00
  0.13305000E+00  0.75000000E+00
  0.13315000E+00  0.75000000E+00
  0.13325000E+00  0.75000000E+00
  0.13335000E+00  0.75000000E+00
  0.13345000E+00  0.75000000E+00
  0.13355000E+00  0.75000000E+00
  0.13365000E+00  0.75000000E+00
  0.13375000E+00  0.75000000E+00
  0.13385000E+00  0.75000000E+00
  0.13395000E+00  0.75000000E+00
  0.13405000E+00  0.75000000E+00
  0.13415000E+00  0.75000000E+00
  0.13425000E+00  0.75000000E+00
  0.13435000E+00  0.75000000E+00
  0.13445000E+00  0.75000000E+00
  0.13455000E+00  0.75000000E+00
  0.13465000E+00  0.75000000E+00
  0.13475000E+00  0.75000000E+00
  0.13485000E+00  0.75000000E+00
  0.13495000E+00  0.75000000E+00
  0.13505000E+00  0.75000000E+00
  0.13515000E+00  0.75000000E+00
  0.13525000E+00  0.75000000E+00
  0.13535000E+00  0.75000000E+00
  0.13545000E+00  0.75000000E+00
  0.13555000E+00  0.75000000E+00
  0.13565000E+00  0.75000000E+00
  0.13575000E+00  0.75000000E+00
  0.13585000E+00  0.75000000E+00
  0.13595000E+00  0.75000000E+00
  0.13605000E+00  0.75000000E+00
  0.13615000E+00  0.75000000E+00
  0.13625000E+00  0.75000000E+00
  0.13635000E+00  0.75000000E+00
  0.13645000E+00  0.75000000E+00
  0.13655000E+00  0.75000000E+00
  0.13665000E+00  0.75000000E+00
  0.13675000E+00  0.75000000E+00
  0.13685000E+00  0.75000000E+00
  0.13695000E+00  0.75000000E+00
  0.13705000E+00  0.75000000E+00
  0.13715000E+00  0.75000000E+00
  0.13725000E+00  0.75000000E+00
  0.13735000E+00  0.75000000E+00
  0.13745000E+00  0.75000000E+00
  0.13755000E+00  0.75000000E+00
  0.13765000E+00  0.75000000E+00
  0.13775000E+00  0.75000000E+00
  0.13785000E+00  0.75000000E+00
  0.13795000E+00  0.75000000E+00
  0.13805000E+00  0.75000000E+00
  0.13815000E+00  0.75000000E+00
  0.13825000E+00  0.75000000E+00
  0.13835000E+00  0.75000000E+00
  0.13845000E+00  0.75000000E+00
  0.13855000E+00  0.75000000E+00
  0.13865000E+00  0.75000000E+00
  0.13875000E+00  0.75000000E+00
  0.13885000E+00  0.75000000E+00
  0.13895000E+00  0.75000000E+00
  0.13905000E+00  0.75000000E+00
  0.13915000E+00  0.75000000E+00
  0.13925000E+00  0.75000000E+00
  0.13935000E+00  0.75000000E+00
  0.13945000E+00  0.75000000E+00
  0.13955000E+00  0.75000000E+00
  0.13965000E+00  0.75000000E+00
  0.13975000E+00  0.75000000E+00
  0.13985000E+00  0.75000000E+00
  0.13995000E+00  0.75000000E+00
  0.14005000E+00  0.75000000E+00
  0.14015000E+00  0.75000000E+00
  0.14025000E+00  0.75000000E+00
  0.14035000E+00  0.75000000E+00
  0.14045000E+00  0.75000000E+00
  0.14055000E+00  0.75000000E+00
  0.14065000E+00  0.75000000E+00
  0.14075000E+00  0.75000000E+00
  0.14085000E+00  0.75000000E+00
  0.14095000E+00  0.75000000E+00
  0.14105000E+00  0.75000000E+00
  0.14115000E+00  0.75000000E+00
  0.14125000E+00  0.75000000E+00
  0.14135000E+00  0.75000000E+00
  0.14145000E+00  0.75000000E+00
  0.14155000E+00  0.75000000E+00
  0.14165000E+00  0.75000000E+00
  0.14175000E+00  0.75000000E+00
  0.14185000E+00  0.75000000E+00
  0.14195000E+00  0.75000000E+00
  0.14205000E+00  0.75000000E+00
  0.14215000E+00  0.75000000E+00
  0.14225000E+00  0.75000000E+00
  0.14235000E+00  0.75000000E+00
  0.14245000E+00  0.75000000E+00
  0.14255000E+00  0.75000000E+00
  0.14265000E+00  0.75000000E+00
  0.14275000E+00  0.75000000E+00
  0.14285000E+00  0.75000000E+00
  0.14295000E+00  0.75000000E+00
  0.14305000E+00  0.75000000E+00
  0.14315000E+00  0.75000000E+00
  0.14325000E+00  0.75000000E+00
  0.14335000E+00  0.75000000E+00
  0.14345000E+00  0.75000000E+00
  0.14355000E+00  0.75000000E+00
  0.14365000E+00  0.75000000E+00
  0.14375000E+00  0.75000000E+00
  0.14385000E+00  0.75000000E+00
  0.14395000E+00  0.75000000E+00
  0.14405000E+00  0.75000000E+00
  0.14415000E+00  0.75000000E+00
  0.14425000E+00  0.75000000E+00
  0.14435000E+00  0.75000000E+00
  0.14445000E+00  0.75000000E+00
  0.14455000E+00  0.75000000E+00
  0.14465000E+00  0.75000000E+00
  0.14475000E+00  0.75000000E+00
  0.14485000E+00  0.75000000E+00
  0.14495000E+00  0.75000000E+00
  0.14505000E+00  0.75000000E+00
  0.14515000E+00  0.75000000E+00
  0.14525000E+00  0.75000000E+00
  0.14535000E+00  0.75000000E+00
  0.14545000E+00  0.75000000E+00
  0.14555000E+00  0.75000000E+00
  0.14565000E+00  0.75000000E+00
  0.14575000E+00  0.75000000E+00
  0.14585000E+00  0.75000000E+00
  0.14595000E+00  0.75000000E+00
  0.14605000E+00  0.75000000E+00
  0.14615000E+00  0.75000000E+00
  0.14625000E+00  0.75000000E+00
  0.14635000E+00  0.75000000E+00
  0.14645000E+00  0.75000000E+00
  0.14655000E+00  0.75000000E+00
  0.14665000E+00  0.75000000E+00
  0.14675000E+00  0.75000000E+00
  0.14685000E+00  0.75000000E+00
  0.14695000E+00  0.75000000E+00
  0.14705000E+00  0.75000000E+00
  0.14715000E+00  0.75000000E+00
  0.14725000E+00  0.75000000E+00
  0.14735000E+00  0.75000000E+00
  0.14745000E+00  0.75000000E+00
  0.14755000E+00  0.75000000E+00
  0.14765000E+00  0.75000000E+00
  0.14775000E+00  0.75000000E+00
  0.14785000E+00  0.75000000E+00
  0.14795000E+00  0.75000000E+00
  0.14805000E+00  0.75000000E+00
  0.14815000E+00  0.75000000E+00
  0.14825000E+00  0.75000000E+00
  0.14835000E+00  0.75000000E+00
  0.14845000E+00  0.75000000E+00
  0.14855000E+00  0.75000000E+00
  0.14865000E+00  0.75000000E+00
  0.14875000E+00  0.75000000E+00
  0.14885000E+00  0.75000000E+00
  0.14895000E+00  0.75000000E+00
  0.14905000E+00  0.75000000E+00
  0.14915000E+00  0.75000000E+00
  0.14925000E+00  0.75000000E+00
  0.14935000E+00  0.75000000E+00
  0.14945000E+00  0.75000000E+00
  0.14955000E+00  0.75000000E+00
  0.14965000E+00  0.75000000E+00
  0.14975000E+00  0.75000000E+00
  0.14985000E+00  0.75000000E+00
  0.14995000E+00  0.75000000E+00
  0.15005000E+00  0.75000000E+00
  0.15015000E+00  0.75000000E+00
  0.15025000E+00  0.75000000E+00
  0.15035000E+00  0.75000000E+00
  0.15045000E+00  0.75000000E+00
  0.15055000E+00  0.75000000E+00
  0.15065000E+00  0.75000000E+00
  0.15075000E+00  0.75000000E+00
  0.15085000E+00  0.75000000E+00
  0.15095000E+00  0.75000000E+00
  0.15105000E+00  0.75000000E+00
  0.15115000E+00  0.75000000E+00
  0.15125000E+00  0.75000000E+00
  0.15135000E+00  0.75000000E+00
  0.15145000E+00  0.75000000E+00
  0.15155000E+00  0.75000000E+00
  0.15165000E+00  0.75000000E+00
  0.15175000E+00  0.75000000E+00
  0.15185000E+00  0.75000000E+00
  0.15195000E+00  0.75000000E+00
  0.15205000E+00  0.75000000E+00
  0.15215000E+00  0.75000000E+00
  0.15225000E+00  0.75000000E+00
  0.15235000E+00  0.75000000E+00
  0.15245000E+00  0.75000000E+00
  0.15255000E+00  0.75000000E+00
  0.15265000E+00  0.75000000E+00
  0.15275000E+00  0.75000000E+00
  0.15285000E+00  0.75000000E+00
  0.15295000E+00  0.75000000E+00
  0.15305000E+00  0.75000000E+00
  0.15315000E+00  0.75000000E+00
  0.15325000E+00  0.75000000E+00
  0.15335000E+00  0.75000000E+00
  0.15345000E+00  0.75000000E+00
  0.15355000E+00  0.75000000E+00
  0.15365000E+00  0.75000000E+00
  0.15375000E+00  0.75000000E+00
  0.15385000E+00  0.75000000E+00
  0.15395000E+00  0.75000000E+00
  0.15405000E+00  0.75000000E+00
  0.15415000E+00  0.75000000E+00
  0.15425000E+00  0.75000000E+00
  0.15435000E+00  0.75000000E+00
  0.15445000E+00  0.75000000E+00
  0.15455000E+00  0.75000000E+00
  0.15465000E+00  0.75000000E+00
  0.15475000E+00  0.75000000E+00
  0.15485000E+00  0.75000000E+00
  0.15495000E+00  0.75000000E+00
  0.15505000E+00  0.75000000E+00
  0.15515000E+00  0.75000000E+00
  0.15525000E+00  0.75000000E+00
  0.15535000E+00  0.75000000E+00
  0.15545000E+00  0.75000000E+00
  0.15555000E+00  0.75000000E+00
  0.15565000E+00  0.75000000E+00
  0.15575000E+00  0.75000000E+00
  0.15585000E+00  0.75000000E+00
  0.15595000E+00  0.75000000E+00
  0.15605000E+00  0.75000000E+00
  0.15615000E+00  0.75000000E+00
  0.15625000E+00  0.75000000E+00
  0.15635000E+00  0.75000000E+00
  0.15645000E+00  0.75000000E+00
  0.15655000E+00  0.75000000E+00
  0.15665000E+00  0.75000000E+00
  0.15675000E+00  0.75000000E+00
  0.15685000E+00  0.75000000E+00
  0.15695000E+00  0.75000000E+00
  0.15705000E+00  0.75000000E+00
  0.15715000E+00  0.75000000E+00
  0.15725000E+00  0.75000000E+00
  0.15735000E+00  0.75000000E+00
  0.15745000E+00  0.75000000E+00
  0.15755000E+00  0.75000000E+00
  0.15765000E+00  0.75000000E+00
  0.15775000E+00  0.75000000E+00
  0.15785000E+00  0.75000000E+00
  0.15795000E+00  0.75000000E+00
  0.15805000E+00  0.75000000E+00
  0.15815000E+00  0.75000000E+00
  0.15825000E+00  0.75000000E+00
  0.15835000E+00  0.75000000E+00
  0.15845000E+00  0.75000000E+00
  0.15855000E+00  0.75000000E+00
  0.15865000E+00  0.75000000E+00
  0.15875000E+00  0.75000000E+00
  0.15885000E+00  0.75000000E+00
  0.15895000E+00  0.75000000E+00
  0.15905000E+00  0.75000000E+00
  0.15915000E+00  0.75000000E+00
  0.15925000E+00  0.75000000E+00
  0.15935000E+00  0.75000000E+00
  0.15945000E+00  0.75000000E+00
  0.15955000E+00  0.75000000E+00
  0.15965000E+00  0.75000000E+00
  0.15975000E+00  0.75000000E+00
  0.15985000E+00  0.75000000E+00
  0.15995000E+00  0.75000000E+00
  0.16005000E+00  0.75000000E+00
  0.16015000E+00  0.75000000E+00
  0.16025000E+00  0.75000000E+00
  0.16035000E+00  0.75000000E+00
  0.16045000E+00  0.75000000E+00
  0.16055000E+00  0.75000000E+00
  0.16065000E+00  0.75000000E+00
  0.16075000E+00  0.75000000E+00
  0.16085000E+00  0.75000000E+00
  0.16095000E+00  0.75000000E+00
  0.16105000E+00  0.75000000E+00
  0.16115000E+00  0.75000000E+00
  0.16125000E+00  0.75000000E+00
  0.16135000E+00  0.75000000E+00
  0.16145000E+00  0.75000000E+00
  0.16155000E+00  0.75000000E+00
  0.16165000E+00  0.75000000E+00
  0.16175000E+00  0.75000000E+00
  0.16185000E+00  0.75000000E+00
  0.16195000E+00  0.75000000E+00
  0.16205000E+00  0.75000000E+00
  0.16215000E+00  0.75000000E+00
  0.16225000E+00  0.75000000E+00
  0.16235000E+00  0.75000000E+00
  0.16245000E+00  0.75000000E+00
  0.16255000E+00  0.75000000E+00
  0.16265000E+00  0.75000000E+00
  0.16275000E+00  0.75000000E+00
  0.16285000E+00  0.75000000E+00
  0.16295000E+00  0.75000000E+00
  0.16305000E+00  0.75000000E+00
  0.16315000E+00  0.75000000E+00
  0.16325000E+00  0.75000000E+00
  0.16335000E+00  0.75000000E+00
  0.16345000E+00  0.75000000E+00
  0.16355000E+00  0.75000000E+00
  0.16365000E+00  0.75000000E+00
  0.16375000E+00  0.75000000E+00
  0.16385000E+00  0.75000000E+00
  0.16395000E+00  0.75000000E+00
  0.16405000E+00  0.75000000E+00
  0.16415000E+00  0.75000000E+00
  0.16425000E+00  0.75000000E+00
  0.16435000E+00  0.75000000E+00
  0.16445000E+00  0.75000000E+00
  0.16455000E+00  0.75000000E+00
  0.16465000E+00  0.75000000E+00
  0.16475000E+00  0.75000000E+00
  0.16485000E+00  0.75000000E+00
  0.16495000E+00  0.75000000E+00
  0.16505000E+00  0.75000000E+00
  0.16515000E+00  0.75000000E+00
  0.16525000E+00  0.75000000E+00
  0.16535000E+00  0.75000000E+00
  0.16545000E+00  0.75000000E+00
  0.16555000E+00  0.75000000E+00
  0.16565000E+00  0.75000000E+00
  0.16575000E+00  0.75000000E+00
  0.16585000E+00  0.75000000E+00
  0.16595000E+00  0.75000000E+00
  0.16605000E+00  0.75000000E+00
  0.16615000E+00  0.75000000E+00
  0.16625000E+00  0.75000000E+00
  0.16635000E+00  0.75000000E+00
  0.16645000E+00  0.75000000E+00
  0.16655000E+00  0.75000000E+00
  0.16665000E+00  0.75000000E+00
  0.16675000E+00  0.75000000E+00
  0.16685000E+00  0.75000000E+00
  0.16695000E+00  0.75000000E+00
  0.16705000E+00  0.75000000E+00
  0.16715000E+00  0.75000000E+00
  0.16725000E+00  0.75000000E+00
  0.16735000E+00  0.75000000E+00
  0.16745000E+00  0.75000000E+00
  0.16755000E+00  0.75000000E+00
  0.16765000E+00  0.75000000E+00
  0.16775000E+00  0.75000000E+00
  0.16785000E+00  0.75000000E+00
  0.16795000E+00  0.75000000E+00
  0.16805000E+00  0.75000000E+00
  0.16815000E+00  0.75000000E+00
  0.16825000E+00  0.75000000E+00
  0.16835000E+00  0.75000000E+00
  0.16845000E+00  0.75000000E+00
  0.16855000E+00  0.75000000E+00
  0.16865000E+00  0.75000000E+00
  0.16875000E+00  0.75000000E+00
  0.16885000E+00  0.75000000E+00
  0.16895000E+00  0.75000000E+00
  0.16905000E+00  0.75000000E+00
  0.16915000E+00  0.75000000E+00
  0.16925000E+00  0.75000000E+00
  0.16935000E+00  0.75000000E+00
  0.16945000E+00  0.75000000E+00
  0.16955000E+00  0.75000000E+00
  0.16965000E+00  0.75000000E+00
  0.16975000E+00  0.75000000E+00
  0.16985000E+00  0.75000000E+00
  0.16995000E+00  0.75000000E+00
  0.17005000E+00  0.75000000E+00
  0.17015000E+00  0.75000000E+00
  0.17025000E+00  0.75000000E+00
  0.17035000E+00  0.75000000E+00
  0.17045000E+00  0.75000000E+00
  0.17055000E+00  0.75000000E+00
  0.17065000E+00  0.75000000E+00
  0.17075000E+00  0.75000000E+00
  0.17085000E+00  0.75000000E+00
  0.17095000E+00  0.75000000E+00
  0.17105000E+00  0.75000000E+00
  0.17115000E+00  0.75000000E+00
  0.17125000E+00  0.75000000E+00
  0.17135000E+00  0.75000000E+00
  0.17145000E+00  0.75000000E+00
  0.17155000E+00  0.75000000E+00
  0.17165000E+00  0.75000000E+00
  0.17175000E+00  0.75000000E+00
  0.17185000E+00  0.75000000E+00
  0.17195000E+00  0.75000000E+00
  0.17205000E+00  0.75000000E+00
  0.17215000E+00  0.75000000E+00
  0.17225000E+00  0.75000000E+00
  0.17235000E+00  0.75000000E+00
  0.17245000E+00  0.75000000E+00
  0.17255000E+00  0.75000000E+00
  0.17265000E+00  0.75000000E+00
  0.17275000E+00  0.75000000E+00
  0.17285000E+00  0.75000000E+00
  0.17295000E+00  0.75000000E+00
  0.17305000E+00  0.75000000E+00
  0.17315000E+00  0.75000000E+00
  0.17325000E+00  0.75000000E+00
  0.17335000E+00  0.75000000E+00
  0.17345000E+00  0.75000000E+00
  0.17355000E+00  0.75000000E+00
  0.17365000E+00  0.75000000E+00
  0.17375000E+00  0.75000000E+00
  0.17385000E+00  0.75000000E+00
  0.17395000E+00  0.75000000E+00
  0.17405000E+00  0.75000000E+00
  0.17415000E+00  0.75000000E+00
  0.17425000E+00  0.75000000E+00
  0.17435000E+00  0.75000000E+00
  0.17445000E+00  0.75000000E+00
  0.17455000E+00  0.75000000E+00
  0.17465000E+00  0.75000000E+00
  0.17475000E+00  0.75000000E+00
  0.17485000E+00  0.75000000E+00
  0.17495000E+00  0.75000000E+00
  0.17505000E+00  0.75000000E+00
  0.17515000E+00  0.75000000E+00
  0.17525000E+00  0.75000000E+00
  0.17535000E+00  0.75000000E+00
  0.17545000E+00  0.75000000E+00
  0.17555000E+00  0.75000000E+00
  0.17565000E+00  0.75000000E+00
  0.17575000E+00  0.75000000E+00
  0.17585000E+00  0.75000000E+00
  0.17595000E+00  0.75000000E+00
  0.17605000E+00  0.75000000E+00
  0.17615000E+00  0.75000000E+00
  0.17625000E+00  0.75000000E+00
  0.17635000E+00  0.75000000E+00
  0.17645000E+00  0.75000000E+00
  0.17655000E+00  0.75000000E+00
  0.17665000E+00  0.75000000E+00
  0.17675000E+00  0.75000000E+00
  0.17685000E+00  0.75000000E+00
  0.17695000E+00  0.75000000E+00
  0.17705000E+00  0.75000000E+00
  0.17715000E+00  0.75000000E+00
  0.17725000E+00  0.75000000E+00
  0.17735000E+00  0.75000000E+00
  0.17745000E+00  0.75000000E+00
  0.17755000E+00  0.75000000E+00
  0.17765000E+00  0.75000000E+00
  0.17775000E+00  0.75000000E+00
  0.17785000E+00  0.75000000E+00
  0.17795000E+00  0.75000000E+00
  0.17805000E+00  0.75000000E+00
  0.17815000E+00  0.75000000E+00
  0.17825000E+00  0.75000000E+00
  0.17835000E+00  0.75000000E+00
  0.17845000E+00  0.75000000E+00
  0.17855000E+00  0.75000000E+00
  0.17865000E+00  0.75000000E+00
  0.17875000E+00  0.75000000E+00
  0.17885000E+00  0.75000000E+00
  0.17895000E+00  0.75000000E+00
  0.17905000E+00  0.75000000E+00
  0.17915000E+00  0.75000000E+00
  0.17925000E+00  0.75000000E+00
  0.17935000E+00  0.75000000E+00
  0.17945000E+00  0.75000000E+00
  0.17955000E+00  0.75000000E+00
  0.17965000E+00  0.75000000E+00
  0.17975000E+00  0.75000000E+00
  0.17985000E+00  0.75000000E+00
  0.17995000E+00  0.75000000E+00
  0.18005000E+00  0.75000000E+00
  0.18015000E+00  0.75000000E+00
  0.18025000E+00  0.75000000E+00
  0.18035000E+00  0.75000000E+00
  0.18045000E+00  0.75000000E+00
  0.18055000E+00  0.75000000E+00
  0.18065000E+00  0.75000000E+00
  0.18075000E+00  0.75000000E+00
  0.18085000E+00  0.75000000E+00
  0.18095000E+00  0.75000000E+00
  0.18105000E+00  0.75000000E+00
  0.18115000E+00  0.75000000E+00
  0.18125000E+00  0.75000000E+00
  0.18135000E+00  0.75000000E+00
  0.18145000E+00  0.75000000E+00
  0.18155000E+00  0.75000000E+00
  0.18165000E+00  0.75000000E+00
  0.18175000E+00  0.75000000E+00
  0.18185000E+00  0.75000000E+00
  0.18195000E+00  0.75000000E+00
  0.18205000E+00  0.75000000E+00
  0.18215000E+00  0.75000000E+00
  0.18225000E+00  0.75000000E+00
  0.18235000E+00  0.75000000E+00
  0.18245000E+00  0.75000000E+00
  0.18255000E+00  0.75000000E+00
  0.18265000E+00  0.75000000E+00
  0.18275000E+00  0.75000000E+00
  0.18285000E+00  0.75000000E+00
  0.18295000E+00  0.75000000E+00
  0.18305000E+00  0.75000000E+00
  0.18315000E+00  0.75000000E+00
  0.18325000E+00  0.75000000E+00
  0.18335000E+00  0.75000000E+00
  0.18345000E+00  0.75000000E+00
  0.18355000E+00  0.75000000E+00
  0.18365000E+00  0.75000000E+00
  0.18375000E+00  0.75000000E+00
  0.18385000E+00  0.75000000E+00
  0.18395000E+00  0.75000000E+00
  0.18405000E+00  0.75000000E+00
  0.18415000E+00  0.75000000E+00
  0.18425000E+00  0.75000000E+00
  0.18435000E+00  0.75000000E+00
  0.18445000E+00  0.75000000E+00
  0.18455000E+00  0.75000000E+00
  0.18465000E+00  0.75000000E+00
  0.18475000E+00  0.75000000E+00
  0.18485000E+00  0.75000000E+00
  0.18495000E+00  0.75000000E+00
  0.18505000E+00  0.75000000E+00
  0.18515000E+00  0.75000000E+00
  0.18525000E+00  0.75000000E+00
  0.18535000E+00  0.75000000E+00
  0.18545000E+00  0.75000000E+00
  0.18555000E+00  0.75000000E+00
  0.18565000E+00  0.75000000E+00
  0.18575000E+00  0.75000000E+00
  0.18585000E+00  0.75000000E+00
  0.18595000E+00  0.75000000E+00
  0.18605000E+00  0.75000000E+00
  0.18615000E+00  0.75000000E+00
  0.18625000E+00  0.75000000E+00
  0.18635000E+00  0.75000000E+00
  0.18645000E+00  0.75000000E+00
  0.18655000E+00  0.75000000E+00
  0.18665000E+00  0.75000000E+00
  0.18675000E+00  0.75000000E+00
  0.18685000E+00  0.75000000E+00
  0.18695000E+00  0.75000000E+00
  0.18705000E+00  0.75000000E+00
  0.18715000E+00  0.75000000E+00
  0.18725000E+00  0.75000000E+00
  0.18735000E+00  0.75000000E+00
  0.18745000E+00  0.75000000E+00
  0.18755000E+00  0.75000000E+00
  0.18765000E+00  0.75000000E+00
  0.18775000E+00  0.75000000E+00
  0.18785000E+00  0.75000000E+00
  0.18795000E+00  0.75000000E+00
  0.18805000E+00  0.75000000E+00
  0.18815000E+00  0.75000000E+00
  0.18825000E+00  0.75000000E+00
  0.18835000E+00  0.75000000E+00
  0.18845000E+00  0.75000000E+00
  0.18855000E+00  0.75000000E+00
  0.18865000E+00  0.75000000E+00
  0.18875000E+00  0.75000000E+00
  0.18885000E+00  0.75000000E+00
  0.18895000E+00  0.75000000E+00
  0.18905000E+00  0.75000000E+00
  0.18915000E+00  0.75000000E+00
  0.18925000E+00  0.75000000E+00
  0.18935000E+00  0.75000000E+00
  0.18945000E+00  0.75000000E+00
  0.18955000E+00  0.75000000E+00
  0.18965000E+00  0.75000000E+00
  0.18975000E+00  0.75000000E+00
  0.18985000E+00  0.75000000E+00
  0.18995000E+00  0.75000000E+00
  0.19005000E+00  0.75000000E+00
  0.19015000E+00  0.75000000E+00
  0.19025000E+00  0.75000000E+00
  0.19035000E+00  0.75000000E+00
  0.19045000E+00  0.75000000E+00
  0.19055000E+00  0.75000000E+00
  0.19065000E+00  0.75000000E+00
  0.19075000E+00  0.75000000E+00
  0.19085000E+00  0.75000000E+00
  0.19095000E+00  0.75000000E+00
  0.19105000E+00  0.75000000E+00
  0.19115000E+00  0.75000000E+00
  0.19125000E+00  0.75000000E+00
  0.19135000E+00  0.75000000E+00
  0.19145000E+00  0.75000000E+00
  0.19155000E+00  0.75000000E+00
  0.19165000E+00  0.75000000E+00
  0.19175000E+00  0.75000000E+00
  0.19185000E+00  0.75000000E+00
  0.19195000E+00  0.75000000E+00
  0.19205000E+00  0.75000000E+00
  0.19215000E+00  0.75000000E+00
  0.19225000E+00  0.75000000E+00
  0.19235000E+00  0.75000000E+00
  0.19245000E+00  0.75000000E+00
  0.19255000E+00  0.75000000E+00
  0.19265000E+00  0.75000000E+00
  0.19275000E+00  0.75000000E+00
  0.19285000E+00  0.75000000E+00
  0.19295000E+00  0.75000000E+00
  0.19305000E+00  0.75000000E+00
  0.19315000E+00  0.75000000E+00
  0.19325000E+00  0.75000000E+00
  0.19335000E+00  0.75000000E+00
  0.19345000E+00  0.75000000E+00
  0.19355000E+00  0.75000000E+00
  0.19365000E+00  0.75000000E+00
  0.19375000E+00  0.75000000E+00
  0.19385000E+00  0.75000000E+00
  0.19395000E+00  0.75000000E+00
  0.19405000E+00  0.75000000E+00
  0.19415000E+00  0.75000000E+00
  0.19425000E+00  0.75000000E+00
  0.19435000E+00  0.75000000E+00
  0.19445000E+00  0.75000000E+00
  0.19455000E+00  0.75000000E+00
  0.19465000E+00  0.75000000E+00
  0.19475000E+00  0.75000000E+00
  0.19485000E+00  0.75000000E+00
  0.19495000E+00  0.75000000E+00
  0.19505000E+00  0.75000000E+00
  0.19515000E+00  0.75000000E+00
  0.19525000E+00  0.75000000E+00
  0.19535000E+00  0.75000000E+00
  0.19545000E+00  0.75000000E+00
  0.19555000E+00  0.75000000E+00
  0.19565000E+00  0.75000000E+00
  0.19575000E+00  0.75000000E+00
  0.19585000E+00  0.75000000E+00
  0.19595000E+00  0.75000000E+00
  0.19605000E+00  0.75000000E+00
  0.19615000E+00  0.75000000E+00
  0.19625000E+00  0.75000000E+00
  0.19635000E+00  0.75000000E+00
  0.19645000E+00  0.75000000E+00
  0.19655000E+00  0.75000000E+00
  0.19665000E+00  0.75000000E+00
  0.19675000E+00  0.75000000E+00
  0.19685000E+00  0.75000000E+00
  0.19695000E+00  0.75000000E+00
  0.19705000E+00  0.75000000E+00
  0.19715000E+00  0.75000000E+00
  0.19725000E+00  0.75000000E+00
  0.19735000E+00  0.75000000E+00
  0.19745000E+00  0.75000000E+00
  0.19755000E+00  0.75000000E+00
  0.19765000E+00  0.75000000E+00
  0.19775000E+00  0.75000000E+00
  0.19785000E+00  0.75000000E+00
  0.19795000E+00  0.75000000E+00
  0.19805000E+00  0.75000000E+00
  0.19815000E+00  0.75000000E+00
  0.19825000E+00  0.75000000E+00
  0.19835000E+00  0.75000000E+00
  0.19845000E+00  0.75000000E+00
  0.19855000E+00  0.75000000E+00
  0.19865000E+00  0.75000000E+00
  0.19875000E+00  0.75000000E+00
  0.19885000E+00  0.75000000E+00
  0.19895000E+00  0.75000000E+00
  0.19905000E+00  0.75000000E+00
  0.19915000E+00  0.75000000E+00
  0.19925000E+00  0.75000000E+00
  0.19935000E+00  0.75000000E+00
  0.19945000E+00  0.75000000E+00
  0.19955000E+00  0.75000000E+00
  0.19965000E+00  0.75000000E+00
  0.19975000E+00  0.75000000E+00
  0.19985000E+00  0.75000000E+00
  0.19995000E+00  0.75000000E+00
  0.20005000E+00  0.75000000E+00
  0.20015000E+00  0.75000000E+00
  0.20025000E+00  0.75000000E+00
  0.20035000E+00  0.75000000E+00
  0.20045000E+00  0.75000000E+00
  0.20055000E+00  0.75000000E+00
  0.20065000E+00  0.75000000E+00
  0.20075000E+00  0.75000000E+00
  0.20085000E+00  0.75000000E+00
  0.20095000E+00  0.75000000E+00
  0.20105000E+00  0.75000000E+00
  0.20115000E+00  0.75000000E+00
  0.20125000E+00  0.75000000E+00
  0.20135000E+00  0.75000000E+00
  0.20145000E+00  0.75000000E+00
  0.20155000E+00  0.75000000E+00
  0.20165000E+00  0.75000000E+00
  0.20175000E+00  0.75000000E+00
  0.20185000E+00  0.75000000E+00
  0.20195000E+00  0.75000000E+00
  0.20205000E+00  0.75000000E+00
  0.20215000E+00  0.75000000E+00
  0.20225000E+00  0.75000000E+00
  0.20235000E+00  0.75000000E+00
  0.20245000E+00  0.75000000E+00
  0.20255000E+00  0.75000000E+00
  0.20265000E+00  0.75000000E+00
  0.20275000E+00  0.75000000E+00
  0.20285000E+00  0.75000000E+00
  0.20295000E+00  0.75000000E+00
  0.20305000E+00  0.75000000E+00
  0.20315000E+00  0.75000000E+00
  0.20325000E+00  0.75000000E+00
  0.20335000E+00  0.75000000E+00
  0.20345000E+00  0.75000000E+00
  0.20355000E+00  0.75000000E+00
  0.20365000E+00  0.75000000E+00
  0.20375000E+00  0.75000000E+00
  0.20385000E+00  0.75000000E+00
  0.20395000E+00  0.75000000E+00
  0.20405000E+00  0.75000000E+00
  0.20415000E+00  0.75000000E+00
  0.20425000E+00  0.75000000E+00
  0.20435000E+00  0.75000000E+00
  0.20445000E+00  0.75000000E+00
  0.20455000E+00  0.75000000E+00
  0.20465000E+00  0.75000000E+00
  0.20475000E+00  0.75000000E+00
  0.20485000E+00  0.75000000E+00
  0.20495000E+00  0.75000000E+00
  0.20505000E+00  0.75000000E+00
  0.20515000E+00  0.75000000E+00
  0.20525000E+00  0.75000000E+00
  0.20535000E+00  0.75000000E+00
  0.20545000E+00  0.75000000E+00
  0.20555000E+00  0.75000000E+00
  0.20565000E+00  0.75000000E+00
  0.20575000E+00  0.75000000E+00
  0.20585000E+00  0.75000000E+00
  0.20595000E+00  0.75000000E+00
  0.20605000E+00  0.75000000E+00
  0.20615000E+00  0.75000000E+00
  0.20625000E+00  0.75000000E+00
  0.20635000E+00  0.75000000E+00
  0.20645000E+00  0.75000000E+00
  0.20655000E+00  0.75000000E+00
  0.20665000E+00  0.75000000E+00
  0.20675000E+00  0.75000000E+00
  0.20685000E+00  0.75000000E+00
  0.20695000E+00  0.75000000E+00
  0.20705000E+00  0.75000000E+00
  0.20715000E+00  0.75000000E+00
  0.20725000E+00  0.75000000E+00
  0.20735000E+00  0.75000000E+00
  0.20745000E+00  0.75000000E+00
  0.20755000E+00  0.75000000E+00
  0.20765000E+00  0.75000000E+00
  0.20775000E+00  0.75000000E+00
  0.20785000E+00  0.75000000E+00
  0.20795000E+00  0.75000000E+00
  0.20805000E+00  0.75000000E+00
  0.20815000E+00  0.75000000E+00
  0.20825000E+00  0.75000000E+00
  0.20835000E+00  0.75000000E+00
  0.20845000E+00  0.75000000E+00
  0.20855000E+00  0.75000000E+00
  0.20865000E+00  0.75000000E+00
  0.20875000E+00  0.75000000E+00
  0.20885000E+00  0.75000000E+00
  0.20895000E+00  0.75000000E+00
  0.20905000E+00  0.75000000E+00
  0.20915000E+00  0.75000000E+00
  0.20925000E+00  0.75000000E+00
  0.20935000E+00  0.75000000E+00
  0.20945000E+00  0.75000000E+00
  0.20955000E+00  0.75000000E+00
  0.20965000E+00  0.75000000E+00
  0.20975000E+00  0.75000000E+00
  0.20985000E+00  0.75000000E+00
  0.20995000E+00  0.75000000E+00
  0.21005000E+00  0.75000000E+00
  0.21015000E+00  0.75000000E+00
  0.21025000E+00  0.75000000E+00
  0.21035000E+00  0.75000000E+00
  0.21045000E+00  0.75000000E+00
  0.21055000E+00  0.75000000E+00
  0.21065000E+00  0.75000000E+00
  0.21075000E+00  0.75000000E+00
  0.21085000E+00  0.75000000E+00
  0.21095000E+00  0.75000000E+00
  0.21105000E+00  0.75000000E+00
  0.21115000E+00  0.75000000E+00
  0.21125000E+00  0.75000000E+00
  0.21135000E+00  0.75000000E+00
  0.21145000E+00  0.75000008E+00
  0.21155000E+00  0.75000028E+00
  0.21165000E+00  0.75000074E+00
  0.21175000E+00  0.75000125E+00
  0.21185000E+00  0.75000189E+00
  0.21195000E+00  0.75000252E+00
  0.21205000E+00  0.75000306E+00
  0.21215000E+00  0.75000353E+00
  0.21225000E+00  0.75000371E+00
  0.21235000E+00  0.75000381E+00
  0.21245000E+00  0.75000382E+00
  0.21255000E+00  0.75000387E+00
  0.21265000E+00  0.75001840E+00
  0.21275000E+00  0.75006567E+00
  0.21285000E+00  0.75018737E+00
  0.21295000E+00  0.75032383E+00
  0.21305000E+00  0.75052600E+00
  0.21315000E+00  0.75073864E+00
  0.21325000E+00  0.75100423E+00
  0.21335000E+00  0.75127712E+00
  0.21345000E+00  0.75158916E+00
  0.21355000E+00  0.75190596E+00
  0.21365000E+00  0.75224994E+00
  0.21375000E+00  0.75259693E+00
  0.21385000E+00  0.75296199E+00
  0.21395000E+00  0.75332899E+00
  0.21405000E+00  0.75370774E+00
  0.21415000E+00  0.75408778E+00
  0.21425000E+00  0.75447546E+00
  0.21435000E+00  0.75486405E+00
  0.21445000E+00  0.75525767E+00
  0.21455000E+00  0.75565198E+00
  0.21465000E+00  0.75604970E+00
  0.21475000E+00  0.75644797E+00
  0.21485000E+00  0.75684862E+00
  0.21495000E+00  0.75724973E+00
  0.21505000E+00  0.75765257E+00
  0.21515000E+00  0.75805580E+00
  0.21525000E+00  0.75846032E+00
  0.21535000E+00  0.75886518E+00
  0.21545000E+00  0.75927104E+00
  0.21555000E+00  0.75967721E+00
  0.21565000E+00  0.76008414E+00
  0.21575000E+00  0.76049137E+00
  0.21585000E+00  0.76089921E+00
  0.21595000E+00  0.76130731E+00
  0.21605000E+00  0.76171590E+00
  0.21615000E+00  0.76212474E+00
  0.21625000E+00  0.76253397E+00
  0.21635000E+00  0.76294344E+00
  0.21645000E+00  0.76335322E+00
  0.21655000E+00  0.76376324E+00
  0.21665000E+00  0.76417350E+00
  0.21675000E+00  0.76458398E+00
  0.21685000E+00  0.76499467E+00
  0.21695000E+00  0.76540556E+00
  0.21705000E+00  0.76581662E+00
  0.21715000E+00  0.76622788E+00
  0.21725000E+00  0.76663926E+00
  0.21735000E+00  0.76705085E+00
  0.21745000E+00  0.76746253E+00
  0.21755000E+00  0.76787440E+00
  0.21765000E+00  0.76828635E+00
  0.21775000E+00  0.76869849E+00
  0.21785000E+00  0.76911067E+00
  0.21795000E+00  0.76952304E+00
  0.21805000E+00  0.76993544E+00
  0.21815000E+00  0.77034803E+00
  0.21825000E+00  0.77076063E+00
  0.21835000E+00  0.77117341E+00
  0.21845000E+00  0.77158618E+00
  0.21855000E+00  0.77199914E+00
  0.21865000E+00  0.77241209E+00
  0.21875000E+00  0.77282521E+00
  0.21885000E+00  0.77323831E+00
  0.21895000E+00  0.77365158E+00
  0.21905000E+00  0.77406482E+00
  0.21915000E+00  0.77447823E+00
  0.21925000E+00  0.77489159E+00
  0.21935000E+00  0.77530514E+00
  0.21945000E+00  0.77571862E+00
  0.21955000E+00  0.77613228E+00
  0.21965000E+00  0.77654588E+00
  0.21975000E+00  0.77695966E+00
  0.21985000E+00  0.77737336E+00
  0.21995000E+00  0.77778724E+00
  0.22005000E+00  0.77820104E+00
  0.22015000E+00  0.77861501E+00
  0.22025000E+00  0.77902891E+00
  0.22035000E+00  0.77944297E+00
  0.22045000E+00  0.77985695E+00
  0.22055000E+00  0.78027110E+00
  0.22065000E+00  0.78068516E+00
  0.22075000E+00  0.78109939E+00
  0.22085000E+00  0.78151353E+00
  0.22095000E+00  0.78192784E+00
  0.22105000E+00  0.78234205E+00
  0.22115000E+00  0.78275642E+00
  0.22125000E+00  0.78317070E+00
  0.22135000E+00  0.78358515E+00
  0.22145000E+00  0.78399949E+00
  0.22155000E+00  0.78441400E+00
  0.22165000E+00  0.78482840E+00
  0.22175000E+00  0.78524297E+00
  0.22185000E+00  0.78565743E+00
  0.22195000E+00  0.78607206E+00
  0.22205000E+00  0.78648657E+00
  0.22215000E+00  0.78690125E+00
  0.22225000E+00  0.78731582E+00
  0.22235000E+00  0.78773055E+00
  0.22245000E+00  0.78814517E+00
  0.22255000E+00  0.78855995E+00
  0.22265000E+00  0.78897462E+00
  0.22275000E+00  0.78938945E+00
  0.22285000E+00  0.78980416E+00
  0.22295000E+00  0.79021903E+00
  0.22305000E+00  0.79063379E+00
  0.22315000E+00  0.79104870E+00
  0.22325000E+00  0.79146350E+00
  0.22335000E+00  0.79187846E+00
  0.22345000E+00  0.79229329E+00
  0.22355000E+00  0.79270829E+00
  0.22365000E+00  0.79312316E+00
  0.22375000E+00  0.79353820E+00
  0.22385000E+00  0.79395311E+00
  0.22395000E+00  0.79436818E+00
  0.22405000E+00  0.79478313E+00
  0.22415000E+00  0.79519823E+00
  0.22425000E+00  0.79561321E+00
  0.22435000E+00  0.79602835E+00
  0.22445000E+00  0.79644336E+00
  0.22455000E+00  0.79685853E+00
  0.22465000E+00  0.79727357E+00
  0.22475000E+00  0.79768878E+00
  0.22485000E+00  0.79810385E+00
  0.22495000E+00  0.79851908E+00
  0.22505000E+00  0.79893418E+00
  0.22515000E+00  0.79934944E+00
  0.22525000E+00  0.79976457E+00
  0.22535000E+00  0.80017986E+00
  0.22545000E+00  0.80059501E+00
  0.22555000E+00  0.80101033E+00
  0.22565000E+00  0.80142551E+00
  0.22575000E+00  0.80184085E+00
  0.22585000E+00  0.80225606E+00
  0.22595000E+00  0.80267142E+00
  0.22605000E+00  0.80308665E+00
  0.22615000E+00  0.80350204E+00
  0.22625000E+00  0.80391730E+00
  0.22635000E+00  0.80433271E+00
  0.22645000E+00  0.80474799E+00
  0.22655000E+00  0.80516342E+00
  0.22665000E+00  0.80557872E+00
  0.22675000E+00  0.80599418E+00
  0.22685000E+00  0.80640950E+00
  0.22695000E+00  0.80682498E+00
  0.22705000E+00  0.80724031E+00
  0.22715000E+00  0.80765581E+00
  0.22725000E+00  0.80807117E+00
  0.22735000E+00  0.80848669E+00
  0.22745000E+00  0.80890207E+00
  0.22755000E+00  0.80931761E+00
  0.22765000E+00  0.80973301E+00
  0.22775000E+00  0.81014856E+00
  0.22785000E+00  0.81056398E+00
  0.22795000E+00  0.81097955E+00
  0.22805000E+00  0.81139499E+00
  0.22815000E+00  0.81181058E+00
  0.22825000E+00  0.81222603E+00
  0.22835000E+00  0.81264164E+00
  0.22845000E+00  0.81305711E+00
  0.22855000E+00  0.81347273E+00
  0.22865000E+00  0.81388822E+00
  0.22875000E+00  0.81430386E+00
  0.22885000E+00  0.81471936E+00
  0.22895000E+00  0.81513502E+00
  0.22905000E+00  0.81555053E+00
  0.22915000E+00  0.81596620E+00
  0.22925000E+00  0.81638173E+00
  0.22935000E+00  0.81679742E+00
  0.22945000E+00  0.81721297E+00
  0.22955000E+00  0.81762867E+00
  0.22965000E+00  0.81804423E+00
  0.22975000E+00  0.81845995E+00
  0.22985000E+00  0.81887552E+00
  0.22995000E+00  0.81929125E+00
  0.23005000E+00  0.81970683E+00
  0.23015000E+00  0.82012258E+00
  0.23025000E+00  0.82053818E+00
  0.23035000E+00  0.82095394E+00
  0.23045000E+00  0.82136955E+00
  0.23055000E+00  0.82178532E+00
  0.23065000E+00  0.82220094E+00
  0.23075000E+00  0.82261673E+00
  0.23085000E+00  0.82303236E+00
  0.23095000E+00  0.82344816E+00
  0.23105000E+00  0.82386381E+00
  0.23115000E+00  0.82427961E+00
  0.23125000E+00  0.82469527E+00
  0.23135000E+00  0.82511109E+00
  0.23145000E+00  0.82552676E+00
  0.23155000E+00  0.82594259E+00
  0.23165000E+00  0.82635828E+00
  0.23175000E+00  0.82677412E+00
  0.23185000E+00  0.82718981E+00
  0.23195000E+00  0.82760566E+00
  0.23205000E+00  0.82802137E+00
  0.23215000E+00  0.82843723E+00
  0.23225000E+00  0.82885294E+00
  0.23235000E+00  0.82926882E+00
  0.23245000E+00  0.82968454E+00
  0.23255000E+00  0.83010043E+00
  0.23265000E+00  0.83051616E+00
  0.23275000E+00  0.83093206E+00
  0.23285000E+00  0.83134780E+00
  0.23295000E+00  0.83176370E+00
  0.23305000E+00  0.83217946E+00
  0.23315000E+00  0.83259537E+00
  0.23325000E+00  0.83301113E+00
  0.23335000E+00  0.83342706E+00
  0.23345000E+00  0.83384283E+00
  0.23355000E+00  0.83425876E+00
  0.23365000E+00  0.83467454E+00
  0.23375000E+00  0.83509048E+00
  0.23385000E+00  0.83550627E+00
  0.23395000E+00  0.83592222E+00
  0.23405000E+00  0.83633802E+00
  0.23415000E+00  0.83675398E+00
  0.23425000E+00  0.83716979E+00
  0.23435000E+00  0.83758575E+00
  0.23445000E+00  0.83800157E+00
  0.23455000E+00  0.83841754E+00
  0.23465000E+00  0.83883337E+00
  0.23475000E+00  0.83924935E+00
  0.23485000E+00  0.83966518E+00
  0.23495000E+00  0.84008117E+00
  0.23505000E+00  0.84049701E+00
  0.23515000E+00  0.84091301E+00
  0.23525000E+00  0.84132886E+00
  0.23535000E+00  0.84174487E+00
  0.23545000E+00  0.84216072E+00
  0.23555000E+00  0.84257674E+00
  0.23565000E+00  0.84299260E+00
  0.23575000E+00  0.84340862E+00
  0.23585000E+00  0.84382449E+00
  0.23595000E+00  0.84424052E+00
  0.23605000E+00  0.84465639E+00
  0.23615000E+00  0.84507243E+00
  0.23625000E+00  0.84548831E+00
  0.23635000E+00  0.84590436E+00
  0.23645000E+00  0.84632025E+00
  0.23655000E+00  0.84673630E+00
  0.23665000E+00  0.84715220E+00
  0.23675000E+00  0.84756825E+00
  0.23685000E+00  0.84798416E+00
  0.23695000E+00  0.84840022E+00
  0.23705000E+00  0.84881613E+00
  0.23715000E+00  0.84923220E+00
  0.23725000E+00  0.84964812E+00
  0.23735000E+00  0.85006419E+00
  0.23745000E+00  0.85048012E+00
  0.23755000E+00  0.85089620E+00
  0.23765000E+00  0.85131213E+00
  0.23775000E+00  0.85172822E+00
  0.23785000E+00  0.85214416E+00
  0.23795000E+00  0.85256025E+00
  0.23805000E+00  0.85297619E+00
  0.23815000E+00  0.85339229E+00
  0.23825000E+00  0.85380824E+00
  0.23835000E+00  0.85422435E+00
  0.23845000E+00  0.85464030E+00
  0.23855000E+00  0.85505642E+00
  0.23865000E+00  0.85547237E+00
  0.23875000E+00  0.85588849E+00
  0.23885000E+00  0.85630446E+00
  0.23895000E+00  0.85672058E+00
  0.23905000E+00  0.85713655E+00
  0.23915000E+00  0.85755268E+00
  0.23925000E+00  0.85796866E+00
  0.23935000E+00  0.85838480E+00
  0.23945000E+00  0.85880078E+00
  0.23955000E+00  0.85921692E+00
  0.23965000E+00  0.85963290E+00
  0.23975000E+00  0.86004905E+00
  0.23985000E+00  0.86046504E+00
  0.23995000E+00  0.86088119E+00
  0.24005000E+00  0.86129719E+00
  0.24015000E+00  0.86171335E+00
  0.24025000E+00  0.86212935E+00
  0.24035000E+00  0.86254551E+00
  0.24045000E+00  0.86296152E+00
  0.24055000E+00  0.86337769E+00
  0.24065000E+00  0.86379370E+00
  0.24075000E+00  0.86420987E+00
  0.24085000E+00  0.86462589E+00
  0.24095000E+00  0.86504206E+00
  0.24105000E+00  0.86545808E+00
  0.24115000E+00  0.86587427E+00
  0.24125000E+00  0.86629029E+00
  0.24135000E+00  0.86670648E+00
  0.24145000E+00  0.86712251E+00
  0.24155000E+00  0.86753870E+00
  0.24165000E+00  0.86795474E+00
  0.24175000E+00  0.86837093E+00
  0.24185000E+00  0.86878697E+00
  0.24195000E+00  0.86920317E+00
  0.24205000E+00  0.86961922E+00
  0.24215000E+00  0.87003542E+00
  0.24225000E+00  0.87045147E+00
  0.24235000E+00  0.87086768E+00
  0.24245000E+00  0.87128373E+00
  0.24255000E+00  0.87169995E+00
  0.24265000E+00  0.87211600E+00
  0.24275000E+00  0.87253222E+00
  0.24285000E+00  0.87294828E+00
  0.24295000E+00  0.87336451E+00
  0.24305000E+00  0.87378057E+00
  0.24315000E+00  0.87419680E+00
  0.24325000E+00  0.87461287E+00
  0.24335000E+00  0.87502910E+00
  0.24345000E+00  0.87544517E+00
  0.24355000E+00  0.87586141E+00
  0.24365000E+00  0.87627748E+00
  0.24375000E+00  0.87669372E+00
  0.24385000E+00  0.87710980E+00
  0.24395000E+00  0.87752605E+00
  0.24405000E+00  0.87794213E+00
  0.24415000E+00  0.87835838E+00
  0.24425000E+00  0.87877447E+00
  0.24435000E+00  0.87919072E+00
  0.24445000E+00  0.87960681E+00
  0.24455000E+00  0.88002307E+00
  0.24465000E+00  0.88043916E+00
  0.24475000E+00  0.88085542E+00
  0.24485000E+00  0.88127152E+00
  0.24495000E+00  0.88168779E+00
  0.24505000E+00  0.88210389E+00
  0.24515000E+00  0.88252016E+00
  0.24525000E+00  0.88293626E+00
  0.24535000E+00  0.88335253E+00
  0.24545000E+00  0.88376864E+00
  0.24555000E+00  0.88418492E+00
  0.24565000E+00  0.88460103E+00
  0.24575000E+00  0.88501731E+00
  0.24585000E+00  0.88543343E+00
  0.24595000E+00  0.88584971E+00
  0.24605000E+00  0.88626583E+00
  0.24615000E+00  0.88668211E+00
  0.24625000E+00  0.88709824E+00
  0.24635000E+00  0.88751453E+00
  0.24645000E+00  0.88793065E+00
  0.24655000E+00  0.88834694E+00
  0.24665000E+00  0.88876308E+00
  0.24675000E+00  0.88917937E+00
  0.24685000E+00  0.88959551E+00
  0.24695000E+00  0.89001180E+00
  0.24705000E+00  0.89042794E+00
  0.24715000E+00  0.89084424E+00
  0.24725000E+00  0.89126038E+00
  0.24735000E+00  0.89167669E+00
  0.24745000E+00  0.89209283E+00
  0.24755000E+00  0.89250914E+00
  0.24765000E+00  0.89292529E+00
  0.24775000E+00  0.89334160E+00
  0.24785000E+00  0.89375775E+00
  0.24795000E+00  0.89417406E+00
  0.24805000E+00  0.89459022E+00
  0.24815000E+00  0.89500653E+00
  0.24825000E+00  0.89542269E+00
  0.24835000E+00  0.89583901E+00
  0.24845000E+00  0.89625517E+00
  0.24855000E+00  0.89667149E+00
  0.24865000E+00  0.89708766E+00
  0.24875000E+00  0.89750398E+00
  0.24885000E+00  0.89792015E+00
  0.24895000E+00  0.89833647E+00
  0.24905000E+00  0.89875264E+00
  0.24915000E+00  0.89916898E+00
  0.24925000E+00  0.89958515E+00
  0.24935000E+00  0.90000148E+00
  0.24945000E+00  0.90041766E+00
  0.24955000E+00  0.90083399E+00
  0.24965000E+00  0.90125017E+00
  0.24975000E+00  0.90166651E+00
  0.24985000E+00  0.90208269E+00
  0.24995000E+00  0.90249903E+00
  0.25005000E+00  0.90291522E+00
  0.25015000E+00  0.90333156E+00
  0.25025000E+00  0.90374775E+00
  0.25035000E+00  0.90416410E+00
  0.25045000E+00  0.90458029E+00
  0.25055000E+00  0.90499664E+00
  0.25065000E+00  0.90541283E+00
  0.25075000E+00  0.90582918E+00
  0.25085000E+00  0.90624538E+00
  0.25095000E+00  0.90666173E+00
  0.25105000E+00  0.90707793E+00
  0.25115000E+00  0.90749429E+00
  0.25125000E+00  0.90791049E+00
  0.25135000E+00  0.90832685E+00
  0.25145000E+00  0.90874305E+00
  0.25155000E+00  0.90915942E+00
  0.25165000E+00  0.90957562E+00
  0.25175000E+00  0.90999199E+00
  0.25185000E+00  0.91040820E+00
  0.25195000E+00  0.91082457E+00
  0.25205000E+00  0.91124078E+00
  0.25215000E+00  0.91165715E+00
  0.25225000E+00  0.91207336E+00
  0.25235000E+00  0.91248973E+00
  0.25245000E+00  0.91290595E+00
  0.25255000E+00  0.91332233E+00
  0.25265000E+00  0.91373854E+00
  0.25275000E+00  0.91415492E+00
  0.25285000E+00  0.91457114E+00
  0.25295000E+00  0.91498752E+00
  0.25305000E+00  0.91540375E+00
  0.25315000E+00  0.91582013E+00
  0.25325000E+00  0.91623635E+00
  0.25335000E+00  0.91665274E+00
  0.25345000E+00  0.91706897E+00
  0.25355000E+00  0.91748536E+00
  0.25365000E+00  0.91790159E+00
  0.25375000E+00  0.91831798E+00
  0.25385000E+00  0.91873421E+00
  0.25395000E+00  0.91915060E+00
  0.25405000E+00  0.91956684E+00
  0.25415000E+00  0.91998323E+00
  0.25425000E+00  0.92039947E+00
  0.25435000E+00  0.92081586E+00
  0.25445000E+00  0.92123210E+00
  0.25455000E+00  0.92164850E+00
  0.25465000E+00  0.92206474E+00
  0.25475000E+00  0.92248115E+00
  0.25485000E+00  0.92289739E+00
  0.25495000E+00  0.92331379E+00
  0.25505000E+00  0.92373004E+00
  0.25515000E+00  0.92414645E+00
  0.25525000E+00  0.92456269E+00
  0.25535000E+00  0.92497910E+00
  0.25545000E+00  0.92539535E+00
  0.25555000E+00  0.92581176E+00
  0.25565000E+00  0.92622801E+00
  0.25575000E+00  0.92664443E+00
  0.25585000E+00  0.92706068E+00
  0.25595000E+00  0.92747710E+00
  0.25605000E+00  0.92789335E+00
  0.25615000E+00  0.92830977E+00
  0.25625000E+00  0.92872603E+00
  0.25635000E+00  0.92914245E+00
  0.25645000E+00  0.92955871E+00
  0.25655000E+00  0.92997513E+00
  0.25665000E+00  0.93039139E+00
  0.25675000E+00  0.93080782E+00
  0.25685000E+00  0.93122408E+00
  0.25695000E+00  0.93164051E+00
  0.25705000E+00  0.93205677E+00
  0.25715000E+00  0.93247320E+00
  0.25725000E+00  0.93288947E+00
  0.25735000E+00  0.93330590E+00
  0.25745000E+00  0.93372217E+00
  0.25755000E+00  0.93413860E+00
  0.25765000E+00  0.93455487E+00
  0.25775000E+00  0.93497131E+00
  0.25785000E+00  0.93538758E+00
  0.25795000E+00  0.93580402E+00
  0.25805000E+00  0.93622029E+00
  0.25815000E+00  0.93663673E+00
  0.25825000E+00  0.93705301E+00
  0.25835000E+00  0.93746945E+00
  0.25845000E+00  0.93788573E+00
  0.25855000E+00  0.93830217E+00
  0.25865000E+00  0.93871845E+00
  0.25875000E+00  0.93913490E+00
  0.25885000E+00  0.93955118E+00
  0.25895000E+00  0.93996763E+00
  0.25905000E+00  0.94038391E+00
  0.25915000E+00  0.94080036E+00
  0.25925000E+00  0.94121665E+00
  0.25935000E+00  0.94163310E+00
  0.25945000E+00  0.94204939E+00
  0.25955000E+00  0.94246584E+00
  0.25965000E+00  0.94288213E+00
  0.25975000E+00  0.94329858E+00
  0.25985000E+00  0.94371488E+00
  0.25995000E+00  0.94413133E+00
  0.26005000E+00  0.94454763E+00
  0.26015000E+00  0.94496408E+00
  0.26025000E+00  0.94538038E+00
  0.26035000E+00  0.94579684E+00
  0.26045000E+00  0.94621314E+00
  0.26055000E+00  0.94662960E+00
  0.26065000E+00  0.94704590E+00
  0.26075000E+00  0.94746236E+00
  0.26085000E+00  0.94787866E+00
  0.26095000E+00  0.94829513E+00
  0.26105000E+00  0.94871143E+00
  0.26115000E+00  0.94912790E+00
  0.26125000E+00  0.94954420E+00
  0.26135000E+00  0.94996067E+00
  0.26145000E+00  0.95037698E+00
  0.26155000E+00  0.95079345E+00
  0.26165000E+00  0.95120975E+00
  0.26175000E+00  0.95162623E+00
  0.26185000E+00  0.95204254E+00
  0.26195000E+00  0.95245901E+00
  0.26205000E+00  0.95287532E+00
  0.26215000E+00  0.95329180E+00
  0.26225000E+00  0.95370811E+00
  0.26235000E+00  0.95412459E+00
  0.26245000E+00  0.95454090E+00
  0.26255000E+00  0.95495738E+00
  0.26265000E+00  0.95537370E+00
  0.26275000E+00  0.95579018E+00
  0.26285000E+00  0.95620650E+00
  0.26295000E+00  0.95662298E+00
  0.26305000E+00  0.95703930E+00
  0.26315000E+00  0.95745578E+00
  0.26325000E+00  0.95787211E+00
  0.26335000E+00  0.95828859E+00
  0.26345000E+00  0.95870492E+00
  0.26355000E+00  0.95912140E+00
  0.26365000E+00  0.95953773E+00
  0.26375000E+00  0.95995422E+00
  0.26385000E+00  0.96037054E+00
  0.26395000E+00  0.96078703E+00
  0.26405000E+00  0.96120336E+00
  0.26415000E+00  0.96161986E+00
  0.26425000E+00  0.96203619E+00
  0.26435000E+00  0.96245268E+00
  0.26445000E+00  0.96286901E+00
  0.26455000E+00  0.96328551E+00
  0.26465000E+00  0.96370184E+00
  0.26475000E+00  0.96411834E+00
  0.26485000E+00  0.96453467E+00
  0.26495000E+00  0.96495117E+00
  0.26505000E+00  0.96536751E+00
  0.26515000E+00  0.96578401E+00
  0.26525000E+00  0.96620035E+00
  0.26535000E+00  0.96661685E+00
  0.26545000E+00  0.96703319E+00
  0.26555000E+00  0.96744969E+00
  0.26565000E+00  0.96786603E+00
  0.26575000E+00  0.96828254E+00
  0.26585000E+00  0.96869888E+00
  0.26595000E+00  0.96911539E+00
  0.26605000E+00  0.96953173E+00
  0.26615000E+00  0.96994824E+00
  0.26625000E+00  0.97036459E+00
  0.26635000E+00  0.97078110E+00
  0.26645000E+00  0.97119744E+00
  0.26655000E+00  0.97161396E+00
  0.26665000E+00  0.97203031E+00
  0.26675000E+00  0.97244682E+00
  0.26685000E+00  0.97286317E+00
  0.26695000E+00  0.97327968E+00
  0.26705000E+00  0.97369604E+00
  0.26715000E+00  0.97411255E+00
  0.26725000E+00  0.97452891E+00
  0.26735000E+00  0.97494542E+00
  0.26745000E+00  0.97536178E+00
  0.26755000E+00  0.97577830E+00
  0.26765000E+00  0.97619466E+00
  0.26775000E+00  0.97661118E+00
  0.26785000E+00  0.97702754E+00
  0.26795000E+00  0.97744406E+00
  0.26805000E+00  0.97786042E+00
  0.26815000E+00  0.97827694E+00
  0.26825000E+00  0.97869330E+00
  0.26835000E+00  0.97910983E+00
  0.26845000E+00  0.97952619E+00
  0.26855000E+00  0.97994272E+00
  0.26865000E+00  0.98035908E+00
  0.26875000E+00  0.98077561E+00
  0.26885000E+00  0.98119198E+00
  0.26895000E+00  0.98160851E+00
  0.26905000E+00  0.98202488E+00
  0.26915000E+00  0.98244141E+00
  0.26925000E+00  0.98285778E+00
  0.26935000E+00  0.98327431E+00
  0.26945000E+00  0.98369068E+00
  0.26955000E+00  0.98410722E+00
  0.26965000E+00  0.98452359E+00
  0.26975000E+00  0.98494013E+00
  0.26985000E+00  0.98535650E+00
  0.26995000E+00  0.98577304E+00
  0.27005000E+00  0.98618941E+00
  0.27015000E+00  0.98660595E+00
  0.27025000E+00  0.98702233E+00
  0.27035000E+00  0.98743887E+00
  0.27045000E+00  0.98785525E+00
  0.27055000E+00  0.98827179E+00
  0.27065000E+00  0.98868817E+00
  0.27075000E+00  0.98910472E+00
  0.27085000E+00  0.98952110E+00
  0.27095000E+00  0.98993764E+00
  0.27105000E+00  0.99035403E+00
  0.27115000E+00  0.99077057E+00
  0.27125000E+00  0.99118696E+00
  0.27135000E+00  0.99160351E+00
  0.27145000E+00  0.99201989E+00
  0.27155000E+00  0.99243644E+00
  0.27165000E+00  0.99285283E+00
  0.27175000E+00  0.99326938E+00
  0.27185000E+00  0.99368577E+00
  0.27195000E+00  0.99410233E+00
  0.27205000E+00  0.99451872E+00
  0.27215000E+00  0.99493527E+00
  0.27225000E+00  0.99535167E+00
  0.27235000E+00  0.99576822E+00
  0.27245000E+00  0.99618462E+00
  0.27255000E+00  0.99660117E+00
  0.27265000E+00  0.99701757E+00
  0.27275000E+00  0.99743413E+00
  0.27285000E+00  0.99785053E+00
  0.27295000E+00  0.99826709E+00
  0.27305000E+00  0.99868349E+00
  0.27315000E+00  0.99910005E+00
  0.27325000E+00  0.99951645E+00
  0.27335000E+00  0.99993302E+00
  0.27345000E+00  0.10003494E+01
  0.27355000E+00  0.10007660E+01
  0.27365000E+00  0.10011824E+01
  0.27375000E+00  0.10015990E+01
  0.27385000E+00  0.10020154E+01
  0.27395000E+00  0.10024319E+01
  0.27405000E+00  0.10028483E+01
  0.27415000E+00  0.10032649E+01
  0.27425000E+00  0.10036813E+01
  0.27435000E+00  0.10040979E+01
  0.27445000E+00  0.10045143E+01
  0.27455000E+00  0.10049309E+01
  0.27465000E+00  0.10053473E+01
  0.27475000E+00  0.10057639E+01
  0.27485000E+00  0.10061803E+01
  0.27495000E+00  0.10065969E+01
  0.27505000E+00  0.10070133E+01
  0.27515000E+00  0.10074298E+01
  0.27525000E+00  0.10078463E+01
  0.27535000E+00  0.10082628E+01
  0.27545000E+00  0.10086793E+01
  0.27555000E+00  0.10090958E+01
  0.27565000E+00  0.10095123E+01
  0.27575000E+00  0.10099289E+01
  0.27585000E+00  0.10103453E+01
  0.27595000E+00  0.10107619E+01
  0.27605000E+00  0.10111783E+01
  0.27615000E+00  0.10115949E+01
  0.27625000E+00  0.10120113E+01
  0.27635000E+00  0.10124279E+01
  0.27645000E+00  0.10128443E+01
  0.27655000E+00  0.10132609E+01
  0.27665000E+00  0.10136773E+01
  0.27675000E+00  0.10140939E+01
  0.27685000E+00  0.10145104E+01
  0.27695000E+00  0.10149270E+01
  0.27705000E+00  0.10153434E+01
  0.27715000E+00  0.10157600E+01
  0.27725000E+00  0.10161764E+01
  0.27735000E+00  0.10165930E+01
  0.27745000E+00  0.10170095E+01
  0.27755000E+00  0.10174261E+01
  0.27765000E+00  0.10178425E+01
  0.27775000E+00  0.10182591E+01
  0.27785000E+00  0.10186755E+01
  0.27795000E+00  0.10190921E+01
  0.27805000E+00  0.10195086E+01
  0.27815000E+00  0.10199252E+01
  0.27825000E+00  0.10203416E+01
  0.27835000E+00  0.10207582E+01
  0.27845000E+00  0.10211747E+01
  0.27855000E+00  0.10215913E+01
  0.27865000E+00  0.10220077E+01
  0.27875000E+00  0.10224244E+01
  0.27885000E+00  0.10228408E+01
  0.27895000E+00  0.10232574E+01
  0.27905000E+00  0.10236739E+01
  0.27915000E+00  0.10240905E+01
  0.27925000E+00  0.10245069E+01
  0.27935000E+00  0.10249236E+01
  0.27945000E+00  0.10253400E+01
  0.27955000E+00  0.10257566E+01
  0.27965000E+00  0.10261731E+01
  0.27975000E+00  0.10265897E+01
  0.27985000E+00  0.10270062E+01
  0.27995000E+00  0.10274228E+01
  0.28005000E+00  0.10278393E+01
  0.28015000E+00  0.10282559E+01
  0.28025000E+00  0.10286724E+01
  0.28035000E+00  0.10290890E+01
  0.28045000E+00  0.10295054E+01
  0.28055000E+00  0.10299221E+01
  0.28065000E+00  0.10303385E+01
  0.28075000E+00  0.10307552E+01
  0.28085000E+00  0.10311717E+01
  0.28095000E+00  0.10315883E+01
  0.28105000E+00  0.10320048E+01
  0.28115000E+00  0.10324214E+01
  0.28125000E+00  0.10328379E+01
  0.28135000E+00  0.10332545E+01
  0.28145000E+00  0.10336710E+01
  0.28155000E+00  0.10340876E+01
  0.28165000E+00  0.10345041E+01
  0.28175000E+00  0.10349208E+01
  0.28185000E+00  0.10353372E+01
  0.28195000E+00  0.10357539E+01
  0.28205000E+00  0.10361704E+01
  0.28215000E+00  0.10365870E+01
  0.28225000E+00  0.10370035E+01
  0.28235000E+00  0.10374202E+01
  0.28245000E+00  0.10378367E+01
  0.28255000E+00  0.10382533E+01
  0.28265000E+00  0.10386698E+01
  0.28275000E+00  0.10390865E+01
  0.28285000E+00  0.10395030E+01
  0.28295000E+00  0.10399196E+01
  0.28305000E+00  0.10403361E+01
  0.28315000E+00  0.10407528E+01
  0.28325000E+00  0.10411693E+01
  0.28335000E+00  0.10415860E+01
  0.28345000E+00  0.10420025E+01
  0.28355000E+00  0.10424191E+01
  0.28365000E+00  0.10428356E+01
  0.28375000E+00  0.10432523E+01
  0.28385000E+00  0.10436688E+01
  0.28395000E+00  0.10440855E+01
  0.28405000E+00  0.10445020E+01
  0.28415000E+00  0.10449187E+01
  0.28425000E+00  0.10453352E+01
  0.28435000E+00  0.10457519E+01
  0.28445000E+00  0.10461684E+01
  0.28455000E+00  0.10465851E+01
  0.28465000E+00  0.10470016E+01
  0.28475000E+00  0.10474183E+01
  0.28485000E+00  0.10478348E+01
  0.28495000E+00  0.10482515E+01
  0.28505000E+00  0.10486681E+01
  0.28515000E+00  0.10490848E+01
  0.28525000E+00  0.10495013E+01
  0.28535000E+00  0.10499180E+01
  0.28545000E+00  0.10503345E+01
  0.28555000E+00  0.10507512E+01
  0.28565000E+00  0.10511678E+01
  0.28575000E+00  0.10515845E+01
  0.28585000E+00  0.10520010E+01
  0.28595000E+00  0.10524177E+01
  0.28605000E+00  0.10528343E+01
  0.28615000E+00  0.10532510E+01
  0.28625000E+00  0.10536675E+01
  0.28635000E+00  0.10540843E+01
  0.28645000E+00  0.10545008E+01
  0.28655000E+00  0.10549175E+01
  0.28665000E+00  0.10553341E+01
  0.28675000E+00  0.10557508E+01
  0.28685000E+00  0.10561674E+01
  0.28695000E+00  0.10565841E+01
  0.28705000E+00  0.10570007E+01
  0.28715000E+00  0.10574174E+01
  0.28725000E+00  0.10578340E+01
  0.28735000E+00  0.10582507E+01
  0.28745000E+00  0.10586673E+01
  0.28755000E+00  0.10590840E+01
  0.28765000E+00  0.10595006E+01
  0.28775000E+00  0.10599174E+01
  0.28785000E+00  0.10603340E+01
  0.28795000E+00  0.10607507E+01
  0.28805000E+00  0.10611673E+01
  0.28815000E+00  0.10615841E+01
  0.28825000E+00  0.10620007E+01
  0.28835000E+00  0.10624174E+01
  0.28845000E+00  0.10628340E+01
  0.28855000E+00  0.10632508E+01
  0.28865000E+00  0.10636674E+01
  0.28875000E+00  0.10640842E+01
  0.28885000E+00  0.10645008E+01
  0.28895000E+00  0.10649175E+01
  0.28905000E+00  0.10653342E+01
  0.28915000E+00  0.10657509E+01
  0.28925000E+00  0.10661676E+01
  0.28935000E+00  0.10665844E+01
  0.28945000E+00  0.10670010E+01
  0.28955000E+00  0.10674178E+01
  0.28965000E+00  0.10678344E+01
  0.28975000E+00  0.10682512E+01
  0.28985000E+00  0.10686678E+01
  0.28995000E+00  0.10690847E+01
  0.29005000E+00  0.10695013E+01
  0.29015000E+00  0.10699181E+01
  0.29025000E+00  0.10703348E+01
  0.29035000E+00  0.10707516E+01
  0.29045000E+00  0.10711682E+01
  0.29055000E+00  0.10715851E+01
  0.29065000E+00  0.10720017E+01
  0.29075000E+00  0.10724186E+01
  0.29085000E+00  0.10728352E+01
  0.29095000E+00  0.10732521E+01
  0.29105000E+00  0.10736687E+01
  0.29115000E+00  0.10740856E+01
  0.29125000E+00  0.10745023E+01
  0.29135000E+00  0.10749191E+01
  0.29145000E+00  0.10753358E+01
  0.29155000E+00  0.10757527E+01
  0.29165000E+00  0.10761694E+01
  0.29175000E+00  0.10765863E+01
  0.29185000E+00  0.10770030E+01
  0.29195000E+00  0.10774198E+01
  0.29205000E+00  0.10778366E+01
  0.29215000E+00  0.10782534E+01
  0.29225000E+00  0.10786702E+01
  0.29235000E+00  0.10790871E+01
  0.29245000E+00  0.10795038E+01
  0.29255000E+00  0.10799207E+01
  0.29265000E+00  0.10803374E+01
  0.29275000E+00  0.10807544E+01
  0.29285000E+00  0.10811711E+01
  0.29295000E+00  0.10815880E+01
  0.29305000E+00  0.10820048E+01
  0.29315000E+00  0.10824217E+01
  0.29325000E+00  0.10828385E+01
  0.29335000E+00  0.10832554E+01
  0.29345000E+00  0.10836722E+01
  0.29355000E+00  0.10840892E+01
  0.29365000E+00  0.10845060E+01
  0.29375000E+00  0.10849229E+01
  0.29385000E+00  0.10853397E+01
  0.29395000E+00  0.10857567E+01
  0.29405000E+00  0.10861735E+01
  0.29415000E+00  0.10865905E+01
  0.29425000E+00  0.10870073E+01
  0.29435000E+00  0.10874243E+01
  0.29445000E+00  0.10878412E+01
  0.29455000E+00  0.10882582E+01
  0.29465000E+00  0.10886750E+01
  0.29475000E+00  0.10890921E+01
  0.29485000E+00  0.10895089E+01
  0.29495000E+00  0.10899260E+01
  0.29505000E+00  0.10903428E+01
  0.29515000E+00  0.10907599E+01
  0.29525000E+00  0.10911768E+01
  0.29535000E+00  0.10915938E+01
  0.29545000E+00  0.10920108E+01
  0.29555000E+00  0.10924278E+01
  0.29565000E+00  0.10928448E+01
  0.29575000E+00  0.10932619E+01
  0.29585000E+00  0.10936788E+01
  0.29595000E+00  0.10940959E+01
  0.29605000E+00  0.10945129E+01
  0.29615000E+00  0.10949300E+01
  0.29625000E+00  0.10953470E+01
  0.29635000E+00  0.10957641E+01
  0.29645000E+00  0.10961811E+01
  0.29655000E+00  0.10965983E+01
  0.29665000E+00  0.10970153E+01
  0.29675000E+00  0.10974325E+01
  0.29685000E+00  0.10978496E+01
  0.29695000E+00  0.10982668E+01
  0.29705000E+00  0.10986838E+01
  0.29715000E+00  0.10991011E+01
  0.29725000E+00  0.10995182E+01
  0.29735000E+00  0.10999354E+01
  0.29745000E+00  0.11003526E+01
  0.29755000E+00  0.11007699E+01
  0.29765000E+00  0.11011870E+01
  0.29775000E+00  0.11016043E+01
  0.29785000E+00  0.11020215E+01
  0.29795000E+00  0.11024389E+01
  0.29805000E+00  0.11028561E+01
  0.29815000E+00  0.11032735E+01
  0.29825000E+00  0.11036908E+01
  0.29835000E+00  0.11041082E+01
  0.29845000E+00  0.11045255E+01
  0.29855000E+00  0.11049430E+01
  0.29865000E+00  0.11053604E+01
  0.29875000E+00  0.11057780E+01
  0.29885000E+00  0.11061954E+01
  0.29895000E+00  0.11066130E+01
  0.29905000E+00  0.11070305E+01
  0.29915000E+00  0.11074482E+01
  0.29925000E+00  0.11078659E+01
  0.29935000E+00  0.11082837E+01
  0.29945000E+00  0.11087015E+01
  0.29955000E+00  0.11091195E+01
  0.29965000E+00  0.11095375E+01
  0.29975000E+00  0.11099559E+01
  0.29985000E+00  0.11103745E+01
  0.29995000E+00  0.11107936E+01
  0.30005000E+00  0.11112345E+01
  0.30015000E+00  0.11116501E+01
  0.30025000E+00  0.11120659E+01
  0.30035000E+00  0.11124812E+01
  0.30045000E+00  0.11128967E+01
  0.30055000E+00  0.11133120E+01
  0.30065000E+00  0.11137275E+01
  0.30075000E+00  0.11141427E+01
  0.30085000E+00  0.11145582E+01
  0.30095000E+00  0.11149734E+01
  0.30105000E+00  0.11153889E+01
  0.30115000E+00  0.11158042E+01
  0.30125000E+00  0.11162197E+01
  0.30135000E+00  0.11166350E+01
  0.30145000E+00  0.11170505E+01
  0.30155000E+00  0.11174658E+01
  0.30165000E+00  0.11178814E+01
  0.30175000E+00  0.11182967E+01
  0.30185000E+00  0.11187122E+01
  0.30195000E+00  0.11191276E+01
  0.30205000E+00  0.11195432E+01
  0.30215000E+00  0.11199585E+01
  0.30225000E+00  0.11203741E+01
  0.30235000E+00  0.11207895E+01
  0.30245000E+00  0.11212051E+01
  0.30255000E+00  0.11216205E+01
  0.30265000E+00  0.11220361E+01
  0.30275000E+00  0.11224515E+01
  0.30285000E+00  0.11228672E+01
  0.30295000E+00  0.11232826E+01
  0.30305000E+00  0.11236982E+01
  0.30315000E+00  0.11241137E+01
  0.30325000E+00  0.11245293E+01
  0.30335000E+00  0.11249448E+01
  0.30345000E+00  0.11253604E+01
  0.30355000E+00  0.11257759E+01
  0.30365000E+00  0.11261916E+01
  0.30375000E+00  0.11266070E+01
  0.30385000E+00  0.11270227E+01
  0.30395000E+00  0.11274382E+01
  0.30405000E+00  0.11278539E+01
  0.30415000E+00  0.11282694E+01
  0.30425000E+00  0.11286851E+01
  0.30435000E+00  0.11291006E+01
  0.30445000E+00  0.11295163E+01
  0.30455000E+00  0.11299319E+01
  0.30465000E+00  0.11303476E+01
  0.30475000E+00  0.11307631E+01
  0.30485000E+00  0.11311789E+01
  0.30495000E+00  0.11315944E+01
  0.30505000E+00  0.11320101E+01
  0.30515000E+00  0.11324257E+01
  0.30525000E+00  0.11328414E+01
  0.30535000E+00  0.11332570E+01
  0.30545000E+00  0.11336728E+01
  0.30555000E+00  0.11340883E+01
  0.30565000E+00  0.11345041E+01
  0.30575000E+00  0.11349197E+01
  0.30585000E+00  0.11353354E+01
  0.30595000E+00  0.11357510E+01
  0.30605000E+00  0.11361668E+01
  0.30615000E+00  0.11365824E+01
  0.30625000E+00  0.11369982E+01
  0.30635000E+00  0.11374138E+01
  0.30645000E+00  0.11378296E+01
  0.30655000E+00  0.11382452E+01
  0.30665000E+00  0.11386610E+01
  0.30675000E+00  0.11390766E+01
  0.30685000E+00  0.11394925E+01
  0.30695000E+00  0.11399081E+01
  0.30705000E+00  0.11403239E+01
  0.30715000E+00  0.11407395E+01
  0.30725000E+00  0.11411554E+01
  0.30735000E+00  0.11415710E+01
  0.30745000E+00  0.11419869E+01
  0.30755000E+00  0.11424025E+01
  0.30765000E+00  0.11428184E+01
  0.30775000E+00  0.11432340E+01
  0.30785000E+00  0.11436499E+01
  0.30795000E+00  0.11440656E+01
  0.30805000E+00  0.11444814E+01
  0.30815000E+00  0.11448971E+01
  0.30825000E+00  0.11453130E+01
  0.30835000E+00  0.11457287E+01
  0.30845000E+00  0.11461445E+01
  0.30855000E+00  0.11465602E+01
  0.30865000E+00  0.11469761E+01
  0.30875000E+00  0.11473918E+01
  0.30885000E+00  0.11478077E+01
  0.30895000E+00  0.11482234E+01
  0.30905000E+00  0.11486393E+01
  0.30915000E+00  0.11490550E+01
  0.30925000E+00  0.11494709E+01
  0.30935000E+00  0.11498867E+01
  0.30945000E+00  0.11503026E+01
  0.30955000E+00  0.11507183E+01
  0.30965000E+00  0.11511342E+01
  0.30975000E+00  0.11515500E+01
  0.30985000E+00  0.11519659E+01
  0.30995000E+00  0.11523816E+01
  0.31005000E+00  0.11527976E+01
  0.31015000E+00  0.11532133E+01
  0.31025000E+00  0.11536293E+01
  0.31035000E+00  0.11540450E+01
  0.31045000E+00  0.11544610E+01
  0.31055000E+00  0.11548767E+01
  0.31065000E+00  0.11552927E+01
  0.31075000E+00  0.11557085E+01
  0.31085000E+00  0.11561244E+01
  0.31095000E+00  0.11565402E+01
  0.31105000E+00  0.11569562E+01
  0.31115000E+00  0.11573720E+01
  0.31125000E+00  0.11577880E+01
  0.31135000E+00  0.11582037E+01
  0.31145000E+00  0.11586197E+01
  0.31155000E+00  0.11590355E+01
  0.31165000E+00  0.11594515E+01
  0.31175000E+00  0.11598673E+01
  0.31185000E+00  0.11602833E+01
  0.31195000E+00  0.11606991E+01
  0.31205000E+00  0.11611151E+01
  0.31215000E+00  0.11615309E+01
  0.31225000E+00  0.11619470E+01
  0.31235000E+00  0.11623628E+01
  0.31245000E+00  0.11627788E+01
  0.31255000E+00  0.11631946E+01
  0.31265000E+00  0.11636107E+01
  0.31275000E+00  0.11640265E+01
  0.31285000E+00  0.11644425E+01
  0.31295000E+00  0.11648584E+01
  0.31305000E+00  0.11652744E+01
  0.31315000E+00  0.11656902E+01
  0.31325000E+00  0.11661063E+01
  0.31335000E+00  0.11665221E+01
  0.31345000E+00  0.11669382E+01
  0.31355000E+00  0.11673540E+01
  0.31365000E+00  0.11677701E+01
  0.31375000E+00  0.11681860E+01
  0.31385000E+00  0.11686020E+01
  0.31395000E+00  0.11690179E+01
  0.31405000E+00  0.11694340E+01
  0.31415000E+00  0.11698498E+01
  0.31425000E+00  0.11702659E+01
  0.31435000E+00  0.11706818E+01
  0.31445000E+00  0.11710979E+01
  0.31455000E+00  0.11715138E+01
  0.31465000E+00  0.11719299E+01
  0.31475000E+00  0.11723457E+01
  0.31485000E+00  0.11727618E+01
  0.31495000E+00  0.11731777E+01
  0.31505000E+00  0.11735938E+01
  0.31515000E+00  0.11740097E+01
  0.31525000E+00  0.11744258E+01
  0.31535000E+00  0.11748418E+01
  0.31545000E+00  0.11752579E+01
  0.31555000E+00  0.11756738E+01
  0.31565000E+00  0.11760899E+01
  0.31575000E+00  0.11765058E+01
  0.31585000E+00  0.11769219E+01
  0.31595000E+00  0.11773379E+01
  0.31605000E+00  0.11777540E+01
  0.31615000E+00  0.11781699E+01
  0.31625000E+00  0.11785861E+01
  0.31635000E+00  0.11790020E+01
  0.31645000E+00  0.11794181E+01
  0.31655000E+00  0.11798341E+01
  0.31665000E+00  0.11802502E+01
  0.31675000E+00  0.11806662E+01
  0.31685000E+00  0.11810823E+01
  0.31695000E+00  0.11814983E+01
  0.31705000E+00  0.11819144E+01
  0.31715000E+00  0.11823304E+01
  0.31725000E+00  0.11827465E+01
  0.31735000E+00  0.11831625E+01
  0.31745000E+00  0.11835787E+01
  0.31755000E+00  0.11839946E+01
  0.31765000E+00  0.11844108E+01
  0.31775000E+00  0.11848268E+01
  0.31785000E+00  0.11852429E+01
  0.31795000E+00  0.11856589E+01
  0.31805000E+00  0.11860751E+01
  0.31815000E+00  0.11864911E+01
  0.31825000E+00  0.11869073E+01
  0.31835000E+00  0.11873233E+01
  0.31845000E+00  0.11877395E+01
  0.31855000E+00  0.11881554E+01
  0.31865000E+00  0.11885716E+01
  0.31875000E+00  0.11889876E+01
  0.31885000E+00  0.11894038E+01
  0.31895000E+00  0.11898198E+01
  0.31905000E+00  0.11902360E+01
  0.31915000E+00  0.11906521E+01
  0.31925000E+00  0.11910683E+01
  0.31935000E+00  0.11914843E+01
  0.31945000E+00  0.11919005E+01
  0.31955000E+00  0.11923165E+01
  0.31965000E+00  0.11927327E+01
  0.31975000E+00  0.11931487E+01
  0.31985000E+00  0.11935650E+01
  0.31995000E+00  0.11939810E+01
  0.32005000E+00  0.11943972E+01
  0.32015000E+00  0.11948133E+01
  0.32025000E+00  0.11952295E+01
  0.32035000E+00  0.11956455E+01
  0.32045000E+00  0.11960618E+01
  0.32055000E+00  0.11964778E+01
  0.32065000E+00  0.11968941E+01
  0.32075000E+00  0.11973101E+01
  0.32085000E+00  0.11977264E+01
  0.32095000E+00  0.11981424E+01
  0.32105000E+00  0.11985587E+01
  0.32115000E+00  0.11989747E+01
  0.32125000E+00  0.11993910E+01
  0.32135000E+00  0.11998070E+01
  0.32145000E+00  0.12002233E+01
  0.32155000E+00  0.12006393E+01
  0.32165000E+00  0.12010556E+01
  0.32175000E+00  0.12014717E+01
  0.32185000E+00  0.12018880E+01
  0.32195000E+00  0.12023040E+01
  0.32205000E+00  0.12027203E+01
  0.32215000E+00  0.12031364E+01
  0.32225000E+00  0.12035527E+01
  0.32235000E+00  0.12039687E+01
  0.32245000E+00  0.12043850E+01
  0.32255000E+00  0.12048011E+01
  0.32265000E+00  0.12052174E+01
  0.32275000E+00  0.12056335E+01
  0.32285000E+00  0.12060498E+01
  0.32295000E+00  0.12064659E+01
  0.32305000E+00  0.12068822E+01
  0.32315000E+00  0.12072983E+01
  0.32325000E+00  0.12077146E+01
  0.32335000E+00  0.12081307E+01
  0.32345000E+00  0.12085470E+01
  0.32355000E+00  0.12089631E+01
  0.32365000E+00  0.12093794E+01
  0.32375000E+00  0.12097955E+01
  0.32385000E+00  0.12102118E+01
  0.32395000E+00  0.12106279E+01
  0.32405000E+00  0.12110442E+01
  0.32415000E+00  0.12114604E+01
  0.32425000E+00  0.12118767E+01
  0.32435000E+00  0.12122928E+01
  0.32445000E+00  0.12127091E+01
  0.32455000E+00  0.12131253E+01
  0.32465000E+00  0.12135416E+01
  0.32475000E+00  0.12139577E+01
  0.32485000E+00  0.12143741E+01
  0.32495000E+00  0.12147902E+01
  0.32505000E+00  0.12152065E+01
  0.32515000E+00  0.12156227E+01
  0.32525000E+00  0.12160390E+01
  0.32535000E+00  0.12164551E+01
  0.32545000E+00  0.12168715E+01
  0.32555000E+00  0.12172876E+01
  0.32565000E+00  0.12177040E+01
  0.32575000E+00  0.12181201E+01
  0.32585000E+00  0.12185365E+01
  0.32595000E+00  0.12189526E+01
  0.32605000E+00  0.12193690E+01
  0.32615000E+00  0.12197851E+01
  0.32625000E+00  0.12202015E+01
  0.32635000E+00  0.12206177E+01
  0.32645000E+00  0.12210340E+01
  0.32655000E+00  0.12214502E+01
  0.32665000E+00  0.12218666E+01
  0.32675000E+00  0.12222827E+01
  0.32685000E+00  0.12226991E+01
  0.32695000E+00  0.12231153E+01
  0.32705000E+00  0.12235317E+01
  0.32715000E+00  0.12239478E+01
  0.32725000E+00  0.12243642E+01
  0.32735000E+00  0.12247804E+01
  0.32745000E+00  0.12251968E+01
  0.32755000E+00  0.12256129E+01
  0.32765000E+00  0.12260293E+01
  0.32775000E+00  0.12264455E+01
  0.32785000E+00  0.12268619E+01
  0.32795000E+00  0.12272781E+01
  0.32805000E+00  0.12276945E+01
  0.32815000E+00  0.12281107E+01
  0.32825000E+00  0.12285271E+01
  0.32835000E+00  0.12289433E+01
  0.32845000E+00  0.12293597E+01
  0.32855000E+00  0.12297759E+01
  0.32865000E+00  0.12301923E+01
  0.32875000E+00  0.12306085E+01
  0.32885000E+00  0.12310249E+01
  0.32895000E+00  0.12314411E+01
  0.32905000E+00  0.12318575E+01
  0.32915000E+00  0.12322737E+01
  0.32925000E+00  0.12326901E+01
  0.32935000E+00  0.12331063E+01
  0.32945000E+00  0.12335227E+01
  0.32955000E+00  0.12339389E+01
  0.32965000E+00  0.12343554E+01
  0.32975000E+00  0.12347716E+01
  0.32985000E+00  0.12351880E+01
  0.32995000E+00  0.12356042E+01
  0.33005000E+00  0.12360206E+01
  0.33015000E+00  0.12364369E+01
  0.33025000E+00  0.12368533E+01
  0.33035000E+00  0.12372695E+01
  0.33045000E+00  0.12376859E+01
  0.33055000E+00  0.12381022E+01
  0.33065000E+00  0.12385186E+01
  0.33075000E+00  0.12389348E+01
  0.33085000E+00  0.12393513E+01
  0.33095000E+00  0.12397675E+01
  0.33105000E+00  0.12401839E+01
  0.33115000E+00  0.12406002E+01
  0.33125000E+00  0.12410166E+01
  0.33135000E+00  0.12414329E+01
  0.33145000E+00  0.12418493E+01
  0.33155000E+00  0.12422655E+01
  0.33165000E+00  0.12426820E+01
  0.33175000E+00  0.12430982E+01
  0.33185000E+00  0.12435147E+01
  0.33195000E+00  0.12439309E+01
  0.33205000E+00  0.12443474E+01
  0.33215000E+00  0.12447636E+01
  0.33225000E+00  0.12451801E+01
  0.33235000E+00  0.12455963E+01
  0.33245000E+00  0.12460128E+01
  0.33255000E+00  0.12464290E+01
  0.33265000E+00  0.12468455E+01
  0.33275000E+00  0.12472618E+01
  0.33285000E+00  0.12476782E+01
  0.33295000E+00  0.12480945E+01
  0.33305000E+00  0.12485109E+01
  0.33315000E+00  0.12489272E+01
  0.33325000E+00  0.12493437E+01
  0.33335000E+00  0.12497599E+01
  0.33345000E+00  0.12501764E+01
  0.33355000E+00  0.12505927E+01
  0.33365000E+00  0.12510091E+01
  0.33375000E+00  0.12514254E+01
  0.33385000E+00  0.12518419E+01
  0.33395000E+00  0.12522581E+01
  0.33405000E+00  0.12526746E+01
  0.33415000E+00  0.12530909E+01
  0.33425000E+00  0.12535074E+01
  0.33435000E+00  0.12539236E+01
  0.33445000E+00  0.12543401E+01
  0.33455000E+00  0.12547564E+01
  0.33465000E+00  0.12551729E+01
  0.33475000E+00  0.12555891E+01
  0.33485000E+00  0.12560056E+01
  0.33495000E+00  0.12564219E+01
  0.33505000E+00  0.12568384E+01
  0.33515000E+00  0.12572547E+01
  0.33525000E+00  0.12576712E+01
  0.33535000E+00  0.12580874E+01
  0.33545000E+00  0.12585039E+01
  0.33555000E+00  0.12589202E+01
  0.33565000E+00  0.12593367E+01
  0.33575000E+00  0.12597530E+01
  0.33585000E+00  0.12601695E+01
  0.33595000E+00  0.12605858E+01
  0.33605000E+00  0.12610022E+01
  0.33615000E+00  0.12614185E+01
  0.33625000E+00  0.12618350E+01
  0.33635000E+00  0.12622513E+01
  0.33645000E+00  0.12626678E+01
  0.33655000E+00  0.12630841E+01
  0.33665000E+00  0.12635006E+01
  0.33675000E+00  0.12639169E+01
  0.33685000E+00  0.12643334E+01
  0.33695000E+00  0.12647497E+01
  0.33705000E+00  0.12651662E+01
  0.33715000E+00  0.12655825E+01
  0.33725000E+00  0.12659990E+01
  0.33735000E+00  0.12664152E+01
  0.33745000E+00  0.12668317E+01
  0.33755000E+00  0.12672480E+01
  0.33765000E+00  0.12676645E+01
  0.33775000E+00  0.12680808E+01
  0.33785000E+00  0.12684973E+01
  0.33795000E+00  0.12689136E+01
  0.33805000E+00  0.12693301E+01
  0.33815000E+00  0.12697464E+01
  0.33825000E+00  0.12701629E+01
  0.33835000E+00  0.12705792E+01
  0.33845000E+00  0.12709957E+01
  0.33855000E+00  0.12714120E+01
  0.33865000E+00  0.12718285E+01
  0.33875000E+00  0.12722448E+01
  0.33885000E+00  0.12726613E+01
  0.33895000E+00  0.12730776E+01
  0.33905000E+00  0.12734941E+01
  0.33915000E+00  0.12739104E+01
  0.33925000E+00  0.12743269E+01
  0.33935000E+00  0.12747432E+01
  0.33945000E+00  0.12751597E+01
  0.33955000E+00  0.12755760E+01
  0.33965000E+00  0.12759925E+01
  0.33975000E+00  0.12764088E+01
  0.33985000E+00  0.12768253E+01
  0.33995000E+00  0.12772416E+01
  0.34005000E+00  0.12776581E+01
  0.34015000E+00  0.12780744E+01
  0.34025000E+00  0.12784909E+01
  0.34035000E+00  0.12789072E+01
  0.34045000E+00  0.12793237E+01
  0.34055000E+00  0.12797400E+01
  0.34065000E+00  0.12801565E+01
  0.34075000E+00  0.12805728E+01
  0.34085000E+00  0.12809893E+01
  0.34095000E+00  0.12814056E+01
  0.34105000E+00  0.12818221E+01
  0.34115000E+00  0.12822384E+01
  0.34125000E+00  0.12826549E+01
  0.34135000E+00  0.12830712E+01
  0.34145000E+00  0.12834877E+01
  0.34155000E+00  0.12839040E+01
  0.34165000E+00  0.12843205E+01
  0.34175000E+00  0.12847368E+01
  0.34185000E+00  0.12851533E+01
  0.34195000E+00  0.12855696E+01
  0.34205000E+00  0.12859861E+01
  0.34215000E+00  0.12864023E+01
  0.34225000E+00  0.12868188E+01
  0.34235000E+00  0.12872351E+01
  0.34245000E+00  0.12876516E+01
  0.34255000E+00  0.12880679E+01
  0.34265000E+00  0.12884844E+01
  0.34275000E+00  0.12889007E+01
  0.34285000E+00  0.12893172E+01
  0.34295000E+00  0.12897334E+01
  0.34305000E+00  0.12901499E+01
  0.34315000E+00  0.12905662E+01
  0.34325000E+00  0.12909827E+01
  0.34335000E+00  0.12913990E+01
  0.34345000E+00  0.12918155E+01
  0.34355000E+00  0.12922317E+01
  0.34365000E+00  0.12926482E+01
  0.34375000E+00  0.12930645E+01
  0.34385000E+00  0.12934809E+01
  0.34395000E+00  0.12938972E+01
  0.34405000E+00  0.12943137E+01
  0.34415000E+00  0.12947299E+01
  0.34425000E+00  0.12951464E+01
  0.34435000E+00  0.12955627E+01
  0.34445000E+00  0.12959791E+01
  0.34455000E+00  0.12963954E+01
  0.34465000E+00  0.12968119E+01
  0.34475000E+00  0.12972281E+01
  0.34485000E+00  0.12976446E+01
  0.34495000E+00  0.12980608E+01
  0.34505000E+00  0.12984773E+01
  0.34515000E+00  0.12988935E+01
  0.34525000E+00  0.12993100E+01
  0.34535000E+00  0.12997262E+01
  0.34545000E+00  0.13001427E+01
  0.34555000E+00  0.13005589E+01
  0.34565000E+00  0.13009753E+01
  0.34575000E+00  0.13013916E+01
  0.34585000E+00  0.13018080E+01
  0.34595000E+00  0.13022242E+01
  0.34605000E+00  0.13026407E+01
  0.34615000E+00  0.13030569E+01
  0.34625000E+00  0.13034733E+01
  0.34635000E+00  0.13038895E+01
  0.34645000E+00  0.13043060E+01
  0.34655000E+00  0.13047222E+01
  0.34665000E+00  0.13051386E+01
  0.34675000E+00  0.13055548E+01
  0.34685000E+00  0.13059712E+01
  0.34695000E+00  0.13063874E+01
  0.34705000E+00  0.13068038E+01
  0.34715000E+00  0.13072200E+01
  0.34725000E+00  0.13076364E+01
  0.34735000E+00  0.13080526E+01
  0.34745000E+00  0.13084690E+01
  0.34755000E+00  0.13088851E+01
  0.34765000E+00  0.13093015E+01
  0.34775000E+00  0.13097177E+01
  0.34785000E+00  0.13101341E+01
  0.34795000E+00  0.13105502E+01
  0.34805000E+00  0.13109666E+01
  0.34815000E+00  0.13113827E+01
  0.34825000E+00  0.13117991E+01
  0.34835000E+00  0.13122152E+01
  0.34845000E+00  0.13126316E+01
  0.34855000E+00  0.13130477E+01
  0.34865000E+00  0.13134641E+01
  0.34875000E+00  0.13138802E+01
  0.34885000E+00  0.13142965E+01
  0.34895000E+00  0.13147126E+01
  0.34905000E+00  0.13151289E+01
  0.34915000E+00  0.13155450E+01
  0.34925000E+00  0.13159614E+01
  0.34935000E+00  0.13163774E+01
  0.34945000E+00  0.13167937E+01
  0.34955000E+00  0.13172098E+01
  0.34965000E+00  0.13176261E+01
  0.34975000E+00  0.13180422E+01
  0.34985000E+00  0.13184584E+01
  0.34995000E+00  0.13188745E+01
  0.35005000E+00  0.13192908E+01
  0.35015000E+00  0.13197068E+01
  0.35025000E+00  0.13201230E+01
  0.35035000E+00  0.13205391E+01
  0.35045000E+00  0.13209553E+01
  0.35055000E+00  0.13213713E+01
  0.35065000E+00  0.13217875E+01
  0.35075000E+00  0.13222035E+01
  0.35085000E+00  0.13226197E+01
  0.35095000E+00  0.13230357E+01
  0.35105000E+00  0.13234519E+01
  0.35115000E+00  0.13238678E+01
  0.35125000E+00  0.13242840E+01
  0.35135000E+00  0.13246999E+01
  0.35145000E+00  0.13251161E+01
  0.35155000E+00  0.13255320E+01
  0.35165000E+00  0.13259481E+01
  0.35175000E+00  0.13263640E+01
  0.35185000E+00  0.13267801E+01
  0.35195000E+00  0.13271960E+01
  0.35205000E+00  0.13276121E+01
  0.35215000E+00  0.13280279E+01
  0.35225000E+00  0.13284440E+01
  0.35235000E+00  0.13288598E+01
  0.35245000E+00  0.13292758E+01
  0.35255000E+00  0.13296916E+01
  0.35265000E+00  0.13301076E+01
  0.35275000E+00  0.13305233E+01
  0.35285000E+00  0.13309393E+01
  0.35295000E+00  0.13313550E+01
  0.35305000E+00  0.13317710E+01
  0.35315000E+00  0.13321866E+01
  0.35325000E+00  0.13326025E+01
  0.35335000E+00  0.13330182E+01
  0.35345000E+00  0.13334340E+01
  0.35355000E+00  0.13338496E+01
  0.35365000E+00  0.13342655E+01
  0.35375000E+00  0.13346810E+01
  0.35385000E+00  0.13350968E+01
  0.35395000E+00  0.13355123E+01
  0.35405000E+00  0.13359280E+01
  0.35415000E+00  0.13363434E+01
  0.35425000E+00  0.13367591E+01
  0.35435000E+00  0.13371745E+01
  0.35445000E+00  0.13375901E+01
  0.35455000E+00  0.13380054E+01
  0.35465000E+00  0.13384209E+01
  0.35475000E+00  0.13388361E+01
  0.35485000E+00  0.13392516E+01
  0.35495000E+00  0.13396667E+01
  0.35505000E+00  0.13400821E+01
  0.35515000E+00  0.13404971E+01
  0.35525000E+00  0.13409124E+01
  0.35535000E+00  0.13413273E+01
  0.35545000E+00  0.13417424E+01
  0.35555000E+00  0.13421572E+01
  0.35565000E+00  0.13425723E+01
  0.35575000E+00  0.13429869E+01
  0.35585000E+00  0.13434018E+01
  0.35595000E+00  0.13438163E+01
  0.35605000E+00  0.13442310E+01
  0.35615000E+00  0.13446454E+01
  0.35625000E+00  0.13450599E+01
  0.35635000E+00  0.13454740E+01
  0.35645000E+00  0.13458883E+01
  0.35655000E+00  0.13463022E+01
  0.35665000E+00  0.13467162E+01
  0.35675000E+00  0.13471298E+01
  0.35685000E+00  0.13475436E+01
  0.35695000E+00  0.13479568E+01
  0.35705000E+00  0.13483702E+01
  0.35715000E+00  0.13487830E+01
  0.35725000E+00  0.13491960E+01
  0.35735000E+00  0.13496083E+01
  0.35745000E+00  0.13500208E+01
  0.35755000E+00  0.13504325E+01
  0.35765000E+00  0.13508443E+01
  0.35775000E+00  0.13512552E+01
  0.35785000E+00  0.13516663E+01
  0.35795000E+00  0.13520762E+01
  0.35805000E+00  0.13524863E+01
  0.35815000E+00  0.13528950E+01
  0.35825000E+00  0.13533037E+01
  0.35835000E+00  0.13537109E+01
  0.35845000E+00  0.13541180E+01
  0.35855000E+00  0.13545232E+01
  0.35865000E+00  0.13549283E+01
  0.35875000E+00  0.13553310E+01
  0.35885000E+00  0.13557334E+01
  0.35895000E+00  0.13561329E+01
  0.35905000E+00  0.13565320E+01
  0.35915000E+00  0.13569273E+01
  0.35925000E+00  0.13573221E+01
  0.35935000E+00  0.13577120E+01
  0.35945000E+00  0.13581012E+01
  0.35955000E+00  0.13584838E+01
  0.35965000E+00  0.13588655E+01
  0.35975000E+00  0.13592378E+01
  0.35985000E+00  0.13596089E+01
  0.35995000E+00  0.13599664E+01
  0.36005000E+00  0.13603219E+01
  0.36015000E+00  0.13606569E+01
  0.36025000E+00  0.13609000E+01
  0.36035000E+00  0.13609000E+01
  0.36045000E+00  0.13609000E+01
  0.36055000E+00  0.13609000E+01
  0.36065000E+00  0.13609000E+01
  0.36075000E+00  0.13609000E+01
  0.36085000E+00  0.13609000E+01
  0.36095000E+00  0.13609000E+01
  0.36105000E+00  0.13609000E+01
  0.36115000E+00  0.13609000E+01
  0.36125000E+00  0.13609000E+01
  0.36135000E+00  0.13609000E+01
  0.36145000E+00  0.13609000E+01
  0.36155000E+00  0.13609000E+01
  0.36165000E+00  0.13609000E+01
  0.36175000E+00  0.13609000E+01
  0.36185000E+00  0.13609000E+01
  0.36195000E+00  0.13609000E+01
  0.36205000E+00  0.13609000E+01
  0.36215000E+00  0.13609000E+01
  0.36225000E+00  0.13609000E+01
  0.36235000E+00  0.13609000E+01
  0.36245000E+00  0.13609000E+01
  0.36255000E+00  0.13609000E+01
  0.36265000E+00  0.13609000E+01
  0.36275000E+00  0.13609000E+01
  0.36285000E+00  0.13609000E+01
  0.36295000E+00  0.13609000E+01
  0.36305000E+00  0.13609000E+01
  0.36315000E+00  0.13609000E+01
  0.36325000E+00  0.13609000E+01
  0.36335000E+00  0.13609000E+01
  0.36345000E+00  0.13609000E+01
  0.36355000E+00  0.13609000E+01
  0.36365000E+00  0.13609000E+01
  0.36375000E+00  0.13609000E+01
  0.36385000E+00  0.13609000E+01
  0.36395000E+00  0.13609000E+01
  0.36405000E+00  0.13609000E+01
  0.36415000E+00  0.13609000E+01
  0.36425000E+00  0.13609000E+01
  0.36435000E+00  0.13609000E+01
  0.36445000E+00  0.13609000E+01
  0.36455000E+00  0.13609000E+01
  0.36465000E+00  0.13609000E+01
  0.36475000E+00  0.13609000E+01
  0.36485000E+00  0.13609000E+01
  0.36495000E+00  0.13609000E+01
  0.36505000E+00  0.13609000E+01
  0.36515000E+00  0.13609000E+01
  0.36525000E+00  0.13609000E+01
  0.36535000E+00  0.13609000E+01
  0.36545000E+00  0.13609000E+01
  0.36555000E+00  0.13609000E+01
  0.36565000E+00  0.13609000E+01
  0.36575000E+00  0.13609000E+01
  0.36585000E+00  0.13609000E+01
  0.36595000E+00  0.13609000E+01
  0.36605000E+00  0.13609000E+01
  0.36615000E+00  0.13609000E+01
  0.36625000E+00  0.13609000E+01
  0.36635000E+00  0.13609000E+01
  0.36645000E+00  0.13609000E+01
  0.36655000E+00  0.13609001E+01
  0.36665000E+00  0.13609001E+01
  0.36675000E+00  0.13609001E+01
  0.36685000E+00  0.13609001E+01
  0.36695000E+00  0.13609001E+01
  0.36705000E+00  0.13609001E+01
  0.36715000E+00  0.13609001E+01
  0.36725000E+00  0.13609001E+01
  0.36735000E+00  0.13609001E+01
  0.36745000E+00  0.13609001E+01
  0.36755000E+00  0.13609002E+01
  0.36765000E+00  0.13609003E+01
  0.36775000E+00  0.13609005E+01
  0.36785000E+00  0.13609007E+01
  0.36795000E+00  0.13609012E+01
  0.36805000E+00  0.13609016E+01
  0.36815000E+00  0.13609023E+01
  0.36825000E+00  0.13609031E+01
  0.36835000E+00  0.13609039E+01
  0.36845000E+00  0.13609048E+01
  0.36855000E+00  0.13609057E+01
  0.36865000E+00  0.13609065E+01
  0.36875000E+00  0.13609071E+01
  0.36885000E+00  0.13609076E+01
  0.36895000E+00  0.13609077E+01
  0.36905000E+00  0.13609077E+01
  0.36915000E+00  0.13609077E+01
  0.36925000E+00  0.13609077E+01
  0.36935000E+00  0.13609077E+01
  0.36945000E+00  0.13609076E+01
  0.36955000E+00  0.13609072E+01
  0.36965000E+00  0.13609068E+01
  0.36975000E+00  0.13609063E+01
  0.36985000E+00  0.13609057E+01
  0.36995000E+00  0.13609051E+01
  0.37005000E+00  0.13609045E+01
  0.37015000E+00  0.13609041E+01
  0.37025000E+00  0.13609036E+01
  0.37035000E+00  0.13609035E+01
  0.37045000E+00  0.13609034E+01
  0.37055000E+00  0.13609034E+01
  0.37065000E+00  0.13609034E+01
  0.37075000E+00  0.13609034E+01
  0.37085000E+00  0.13609034E+01
  0.37095000E+00  0.13609037E+01
  0.37105000E+00  0.13609040E+01
  0.37115000E+00  0.13609046E+01
  0.37125000E+00  0.13609053E+01
  0.37135000E+00  0.13609059E+01
  0.37145000E+00  0.13609066E+01
  0.37155000E+00  0.13609069E+01
  0.37165000E+00  0.13609071E+01
  0.37175000E+00  0.13609071E+01
  0.37185000E+00  0.13609071E+01
  0.37195000E+00  0.13609070E+01
  0.37205000E+00  0.13609069E+01
  0.37215000E+00  0.13609064E+01
  0.37225000E+00  0.13609058E+01
  0.37235000E+00  0.13609050E+01
  0.37245000E+00  0.13609041E+01
  0.37255000E+00  0.13609034E+01
  0.37265000E+00  0.13609028E+01
  0.37275000E+00  0.13609028E+01
  0.37285000E+00  0.13609028E+01
  0.37295000E+00  0.13609028E+01
  0.37305000E+00  0.13609028E+01
  0.37315000E+00  0.13609031E+01
  0.37325000E+00  0.13609036E+01
  0.37335000E+00  0.13609044E+01
  0.37345000E+00  0.13609053E+01
  0.37355000E+00  0.13609061E+01
  0.37365000E+00  0.13609069E+01
  0.37375000E+00  0.13609072E+01
  0.37385000E+00  0.13609074E+01
  0.37395000E+00  0.13609074E+01
  0.37405000E+00  0.13609074E+01
  0.37415000E+00  0.13609073E+01
  0.37425000E+00  0.13609073E+01
  0.37435000E+00  0.13609070E+01
  0.37445000E+00  0.13609066E+01
  0.37455000E+00  0.13609060E+01
  0.37465000E+00  0.13609055E+01
  0.37475000E+00  0.13609049E+01
  0.37485000E+00  0.13609043E+01
  0.37495000E+00  0.13609039E+01
  0.37505000E+00  0.13609036E+01
  0.37515000E+00  0.13609035E+01
  0.37525000E+00  0.13609035E+01
  0.37535000E+00  0.13609035E+01
  0.37545000E+00  0.13609035E+01
  0.37555000E+00  0.13609036E+01
  0.37565000E+00  0.13609037E+01
  0.37575000E+00  0.13609041E+01
  0.37585000E+00  0.13609046E+01
  0.37595000E+00  0.13609053E+01
  0.37605000E+00  0.13609061E+01
  0.37615000E+00  0.13609069E+01
  0.37625000E+00  0.13609076E+01
  0.37635000E+00  0.13609081E+01
  0.37645000E+00  0.13609085E+01
  0.37655000E+00  0.13609086E+01
  0.37665000E+00  0.13609086E+01
  0.37675000E+00  0.13609086E+01
  0.37685000E+00  0.13609086E+01
  0.37695000E+00  0.13609085E+01
  0.37705000E+00  0.13609083E+01
  0.37715000E+00  0.13609079E+01
  0.37725000E+00  0.13609075E+01
  0.37735000E+00  0.13609068E+01
  0.37745000E+00  0.13609062E+01
  0.37755000E+00  0.13609056E+01
  0.37765000E+00  0.13609049E+01
  0.37775000E+00  0.13609044E+01
  0.37785000E+00  0.13609039E+01
  0.37795000E+00  0.13609037E+01
  0.37805000E+00  0.13609036E+01
  0.37815000E+00  0.13609036E+01
  0.37825000E+00  0.13609036E+01
  0.37835000E+00  0.13609036E+01
  0.37845000E+00  0.13609036E+01
  0.37855000E+00  0.13609039E+01
  0.37865000E+00  0.13609042E+01
  0.37875000E+00  0.13609048E+01
  0.37885000E+00  0.13609054E+01
  0.37895000E+00  0.13609060E+01
  0.37905000E+00  0.13609067E+01
  0.37915000E+00  0.13609070E+01
  0.37925000E+00  0.13609072E+01
  0.37935000E+00  0.13609072E+01
  0.37945000E+00  0.13609072E+01
  0.37955000E+00  0.13609071E+01
  0.37965000E+00  0.13609070E+01
  0.37975000E+00  0.13609064E+01
  0.37985000E+00  0.13609057E+01
  0.37995000E+00  0.13609048E+01
  0.38005000E+00  0.13609039E+01
  0.38015000E+00  0.13609032E+01
  0.38025000E+00  0.13609027E+01
  0.38035000E+00  0.13609026E+01
  0.38045000E+00  0.13609026E+01
  0.38055000E+00  0.13609027E+01
  0.38065000E+00  0.13609027E+01
  0.38075000E+00  0.13609031E+01
  0.38085000E+00  0.13609036E+01
  0.38095000E+00  0.13609045E+01
  0.38105000E+00  0.13609054E+01
  0.38115000E+00  0.13609062E+01
  0.38125000E+00  0.13609070E+01
  0.38135000E+00  0.13609074E+01
  0.38145000E+00  0.13609075E+01
  0.38155000E+00  0.13609075E+01
  0.38165000E+00  0.13609075E+01
  0.38175000E+00  0.13609074E+01
  0.38185000E+00  0.13609073E+01
  0.38195000E+00  0.13609070E+01
  0.38205000E+00  0.13609066E+01
  0.38215000E+00  0.13609060E+01
  0.38225000E+00  0.13609055E+01
  0.38235000E+00  0.13609049E+01
  0.38245000E+00  0.13609043E+01
  0.38255000E+00  0.13609039E+01
  0.38265000E+00  0.13609036E+01
  0.38275000E+00  0.13609035E+01
  0.38285000E+00  0.13609035E+01
  0.38295000E+00  0.13609035E+01
  0.38305000E+00  0.13609035E+01
  0.38315000E+00  0.13609036E+01
  0.38325000E+00  0.13609037E+01
  0.38335000E+00  0.13609041E+01
  0.38345000E+00  0.13609047E+01
  0.38355000E+00  0.13609054E+01
  0.38365000E+00  0.13609062E+01
  0.38375000E+00  0.13609070E+01
  0.38385000E+00  0.13609077E+01
  0.38395000E+00  0.13609082E+01
  0.38405000E+00  0.13609086E+01
  0.38415000E+00  0.13609086E+01
  0.38425000E+00  0.13609086E+01
  0.38435000E+00  0.13609086E+01
  0.38445000E+00  0.13609086E+01
  0.38455000E+00  0.13609085E+01
  0.38465000E+00  0.13609083E+01
  0.38475000E+00  0.13609079E+01
  0.38485000E+00  0.13609074E+01
  0.38495000E+00  0.13609068E+01
  0.38505000E+00  0.13609062E+01
  0.38515000E+00  0.13609055E+01
  0.38525000E+00  0.13609049E+01
  0.38535000E+00  0.13609044E+01
  0.38545000E+00  0.13609039E+01
  0.38555000E+00  0.13609036E+01
  0.38565000E+00  0.13609035E+01
  0.38575000E+00  0.13609035E+01
  0.38585000E+00  0.13609035E+01
  0.38595000E+00  0.13609035E+01
  0.38605000E+00  0.13609035E+01
  0.38615000E+00  0.13609038E+01
  0.38625000E+00  0.13609041E+01
  0.38635000E+00  0.13609047E+01
  0.38645000E+00  0.13609054E+01
  0.38655000E+00  0.13609061E+01
  0.38665000E+00  0.13609068E+01
  0.38675000E+00  0.13609071E+01
  0.38685000E+00  0.13609073E+01
  0.38695000E+00  0.13609073E+01
  0.38705000E+00  0.13609073E+01
  0.38715000E+00  0.13609072E+01
  0.38725000E+00  0.13609070E+01
  0.38735000E+00  0.13609064E+01
  0.38745000E+00  0.13609057E+01
  0.38755000E+00  0.13609047E+01
  0.38765000E+00  0.13609038E+01
  0.38775000E+00  0.13609031E+01
  0.38785000E+00  0.13609026E+01
  0.38795000E+00  0.13609026E+01
  0.38805000E+00  0.13609026E+01
  0.38815000E+00  0.13609026E+01
  0.38825000E+00  0.13609027E+01
  0.38835000E+00  0.13609031E+01
  0.38845000E+00  0.13609037E+01
  0.38855000E+00  0.13609046E+01
  0.38865000E+00  0.13609056E+01
  0.38875000E+00  0.13609064E+01
  0.38885000E+00  0.13609072E+01
  0.38895000E+00  0.13609075E+01
  0.38905000E+00  0.13609075E+01
  0.38915000E+00  0.13609075E+01
  0.38925000E+00  0.13609075E+01
  0.38935000E+00  0.13609074E+01
  0.38945000E+00  0.13609074E+01
  0.38955000E+00  0.13609070E+01
  0.38965000E+00  0.13609066E+01
  0.38975000E+00  0.13609060E+01
  0.38985000E+00  0.13609054E+01
  0.38995000E+00  0.13609049E+01
  0.39005000E+00  0.13609043E+01
  0.39015000E+00  0.13609039E+01
  0.39025000E+00  0.13609036E+01
  0.39035000E+00  0.13609035E+01
  0.39045000E+00  0.13609035E+01
  0.39055000E+00  0.13609035E+01
  0.39065000E+00  0.13609035E+01
  0.39075000E+00  0.13609036E+01
  0.39085000E+00  0.13609037E+01
  0.39095000E+00  0.13609042E+01
  0.39105000E+00  0.13609047E+01
  0.39115000E+00  0.13609054E+01
  0.39125000E+00  0.13609063E+01
  0.39135000E+00  0.13609070E+01
  0.39145000E+00  0.13609078E+01
  0.39155000E+00  0.13609083E+01
  0.39165000E+00  0.13609086E+01
  0.39175000E+00  0.13609087E+01
  0.39185000E+00  0.13609087E+01
  0.39195000E+00  0.13609086E+01
  0.39205000E+00  0.13609086E+01
  0.39215000E+00  0.13609085E+01
  0.39225000E+00  0.13609083E+01
  0.39235000E+00  0.13609079E+01
  0.39245000E+00  0.13609074E+01
  0.39255000E+00  0.13609067E+01
  0.39265000E+00  0.13609061E+01
  0.39275000E+00  0.13609055E+01
  0.39285000E+00  0.13609048E+01
  0.39295000E+00  0.13609043E+01
  0.39305000E+00  0.13609039E+01
  0.39315000E+00  0.13609036E+01
  0.39325000E+00  0.13609035E+01
  0.39335000E+00  0.13609035E+01
  0.39345000E+00  0.13609035E+01
  0.39355000E+00  0.13609035E+01
  0.39365000E+00  0.13609036E+01
  0.39375000E+00  0.13609038E+01
  0.39385000E+00  0.13609042E+01
  0.39395000E+00  0.13609048E+01
  0.39405000E+00  0.13609055E+01
  0.39415000E+00  0.13609062E+01
  0.39425000E+00  0.13609068E+01
  0.39435000E+00  0.13609072E+01
  0.39445000E+00  0.13609073E+01
  0.39455000E+00  0.13609073E+01
  0.39465000E+00  0.13609073E+01
  0.39475000E+00  0.13609072E+01
  0.39485000E+00  0.13609070E+01
  0.39495000E+00  0.13609064E+01
  0.39505000E+00  0.13609056E+01
  0.39515000E+00  0.13609046E+01
  0.39525000E+00  0.13609036E+01
  0.39535000E+00  0.13609029E+01
  0.39545000E+00  0.13609025E+01
  0.39555000E+00  0.13609025E+01
  0.39565000E+00  0.13609025E+01
  0.39575000E+00  0.13609025E+01
  0.39585000E+00  0.13609026E+01
  0.39595000E+00  0.13609031E+01
  0.39605000E+00  0.13609038E+01
  0.39615000E+00  0.13609048E+01
  0.39625000E+00  0.13609058E+01
  0.39635000E+00  0.13609066E+01
  0.39645000E+00  0.13609073E+01
  0.39655000E+00  0.13609075E+01
  0.39665000E+00  0.13609076E+01
  0.39675000E+00  0.13609076E+01
  0.39685000E+00  0.13609076E+01
  0.39695000E+00  0.13609075E+01
  0.39705000E+00  0.13609073E+01
  0.39715000E+00  0.13609069E+01
  0.39725000E+00  0.13609065E+01
  0.39735000E+00  0.13609059E+01
  0.39745000E+00  0.13609053E+01
  0.39755000E+00  0.13609048E+01
  0.39765000E+00  0.13609042E+01
  0.39775000E+00  0.13609038E+01
  0.39785000E+00  0.13609035E+01
  0.39795000E+00  0.13609035E+01
  0.39805000E+00  0.13609035E+01
  0.39815000E+00  0.13609035E+01
  0.39825000E+00  0.13609035E+01
  0.39835000E+00  0.13609036E+01
  0.39845000E+00  0.13609037E+01
  0.39855000E+00  0.13609042E+01
  0.39865000E+00  0.13609048E+01
  0.39875000E+00  0.13609055E+01
  0.39885000E+00  0.13609064E+01
  0.39895000E+00  0.13609072E+01
  0.39905000E+00  0.13609079E+01
  0.39915000E+00  0.13609084E+01
  0.39925000E+00  0.13609087E+01
  0.39935000E+00  0.13609087E+01
  0.39945000E+00  0.13609087E+01
  0.39955000E+00  0.13609087E+01
  0.39965000E+00  0.13609087E+01
  0.39975000E+00  0.13609085E+01
  0.39985000E+00  0.13609083E+01
  0.39995000E+00  0.13609079E+01
  0.40005000E+00  0.13609073E+01
  0.40015000E+00  0.13609067E+01
  0.40025000E+00  0.13609060E+01
  0.40035000E+00  0.13609054E+01
  0.40045000E+00  0.13609048E+01
  0.40055000E+00  0.13609043E+01
  0.40065000E+00  0.13609038E+01
  0.40075000E+00  0.13609035E+01
  0.40085000E+00  0.13609034E+01
  0.40095000E+00  0.13609034E+01
  0.40105000E+00  0.13609034E+01
  0.40115000E+00  0.13609035E+01
  0.40125000E+00  0.13609035E+01
  0.40135000E+00  0.13609038E+01
  0.40145000E+00  0.13609042E+01
  0.40155000E+00  0.13609048E+01
  0.40165000E+00  0.13609056E+01
  0.40175000E+00  0.13609063E+01
  0.40185000E+00  0.13609070E+01
  0.40195000E+00  0.13609073E+01
  0.40205000E+00  0.13609075E+01
  0.40215000E+00  0.13609074E+01
  0.40225000E+00  0.13609074E+01
  0.40235000E+00  0.13609073E+01
  0.40245000E+00  0.13609071E+01
  0.40255000E+00  0.13609063E+01
  0.40265000E+00  0.13609055E+01
  0.40275000E+00  0.13609044E+01
  0.40285000E+00  0.13609034E+01
  0.40295000E+00  0.13609028E+01
  0.40305000E+00  0.13609024E+01
  0.40315000E+00  0.13609024E+01
  0.40325000E+00  0.13609024E+01
  0.40335000E+00  0.13609025E+01
  0.40345000E+00  0.13609026E+01
  0.40355000E+00  0.13609032E+01
  0.40365000E+00  0.13609040E+01
  0.40375000E+00  0.13609050E+01
  0.40385000E+00  0.13609060E+01
  0.40395000E+00  0.13609068E+01
  0.40405000E+00  0.13609074E+01
  0.40415000E+00  0.13609076E+01
  0.40425000E+00  0.13609076E+01
  0.40435000E+00  0.13609076E+01
  0.40445000E+00  0.13609076E+01
  0.40455000E+00  0.13609075E+01
  0.40465000E+00  0.13609073E+01
  0.40475000E+00  0.13609069E+01
  0.40485000E+00  0.13609064E+01
  0.40495000E+00  0.13609059E+01
  0.40505000E+00  0.13609053E+01
  0.40515000E+00  0.13609047E+01
  0.40525000E+00  0.13609042E+01
  0.40535000E+00  0.13609038E+01
  0.40545000E+00  0.13609035E+01
  0.40555000E+00  0.13609035E+01
  0.40565000E+00  0.13609035E+01
  0.40575000E+00  0.13609035E+01
  0.40585000E+00  0.13609035E+01
  0.40595000E+00  0.13609036E+01
  0.40605000E+00  0.13609037E+01
  0.40615000E+00  0.13609043E+01
  0.40625000E+00  0.13609049E+01
  0.40635000E+00  0.13609057E+01
  0.40645000E+00  0.13609066E+01
  0.40655000E+00  0.13609073E+01
  0.40665000E+00  0.13609081E+01
  0.40675000E+00  0.13609085E+01
  0.40685000E+00  0.13609088E+01
  0.40695000E+00  0.13609088E+01
  0.40705000E+00  0.13609088E+01
  0.40715000E+00  0.13609088E+01
  0.40725000E+00  0.13609088E+01
  0.40735000E+00  0.13609085E+01
  0.40745000E+00  0.13609083E+01
  0.40755000E+00  0.13609078E+01
  0.40765000E+00  0.13609072E+01
  0.40775000E+00  0.13609066E+01
  0.40785000E+00  0.13609059E+01
  0.40795000E+00  0.13609053E+01
  0.40805000E+00  0.13609047E+01
  0.40815000E+00  0.13609042E+01
  0.40825000E+00  0.13609038E+01
  0.40835000E+00  0.13609036E+01
  0.40845000E+00  0.13609035E+01
  0.40855000E+00  0.13609035E+01
  0.40865000E+00  0.13609035E+01
  0.40875000E+00  0.13609035E+01
  0.40885000E+00  0.13609035E+01
  0.40895000E+00  0.13609039E+01
  0.40905000E+00  0.13609043E+01
  0.40915000E+00  0.13609050E+01
  0.40925000E+00  0.13609057E+01
  0.40935000E+00  0.13609065E+01
  0.40945000E+00  0.13609072E+01
  0.40955000E+00  0.13609075E+01
  0.40965000E+00  0.13609076E+01
  0.40975000E+00  0.13609076E+01
  0.40985000E+00  0.13609076E+01
  0.40995000E+00  0.13609074E+01
  0.41005000E+00  0.13609072E+01
  0.41015000E+00  0.13609064E+01
  0.41025000E+00  0.13609054E+01
  0.41035000E+00  0.13609044E+01
  0.41045000E+00  0.13609033E+01
  0.41055000E+00  0.13609026E+01
  0.41065000E+00  0.13609023E+01
  0.41075000E+00  0.13609023E+01
  0.41085000E+00  0.13609023E+01
  0.41095000E+00  0.13609024E+01
  0.41105000E+00  0.13609026E+01
  0.41115000E+00  0.13609033E+01
  0.41125000E+00  0.13609041E+01
  0.41135000E+00  0.13609051E+01
  0.41145000E+00  0.13609062E+01
  0.41155000E+00  0.13609069E+01
  0.41165000E+00  0.13609075E+01
  0.41175000E+00  0.13609076E+01
  0.41185000E+00  0.13609076E+01
  0.41195000E+00  0.13609076E+01
  0.41205000E+00  0.13609076E+01
  0.41215000E+00  0.13609075E+01
  0.41225000E+00  0.13609072E+01
  0.41235000E+00  0.13609068E+01
  0.41245000E+00  0.13609063E+01
  0.41255000E+00  0.13609057E+01
  0.41265000E+00  0.13609051E+01
  0.41275000E+00  0.13609046E+01
  0.41285000E+00  0.13609041E+01
  0.41295000E+00  0.13609038E+01
  0.41305000E+00  0.13609035E+01
  0.41315000E+00  0.13609035E+01
  0.41325000E+00  0.13609035E+01
  0.41335000E+00  0.13609035E+01
  0.41345000E+00  0.13609035E+01
  0.41355000E+00  0.13609037E+01
  0.41365000E+00  0.13609039E+01
  0.41375000E+00  0.13609045E+01
  0.41385000E+00  0.13609052E+01
  0.41395000E+00  0.13609060E+01
  0.41405000E+00  0.13609068E+01
  0.41415000E+00  0.13609073E+01
  0.41425000E+00  0.13609076E+01
  0.41435000E+00  0.13609076E+01
  0.41445000E+00  0.13609076E+01
  0.41455000E+00  0.13609075E+01
  0.41465000E+00  0.13609074E+01
  0.41475000E+00  0.13609067E+01
  0.41485000E+00  0.13609059E+01
  0.41495000E+00  0.13609048E+01
  0.41505000E+00  0.13609037E+01
  0.41515000E+00  0.13609028E+01
  0.41525000E+00  0.13609022E+01
  0.41535000E+00  0.13609022E+01
  0.41545000E+00  0.13609022E+01
  0.41555000E+00  0.13609022E+01
  0.41565000E+00  0.13609023E+01
  0.41575000E+00  0.13609029E+01
  0.41585000E+00  0.13609036E+01
  0.41595000E+00  0.13609046E+01
  0.41605000E+00  0.13609057E+01
  0.41615000E+00  0.13609066E+01
  0.41625000E+00  0.13609073E+01
  0.41635000E+00  0.13609076E+01
  0.41645000E+00  0.13609076E+01
  0.41655000E+00  0.13609076E+01
  0.41665000E+00  0.13609076E+01
  0.41675000E+00  0.13609075E+01
  0.41685000E+00  0.13609074E+01
  0.41695000E+00  0.13609070E+01
  0.41705000E+00  0.13609065E+01
  0.41715000E+00  0.13609060E+01
  0.41725000E+00  0.13609054E+01
  0.41735000E+00  0.13609049E+01
  0.41745000E+00  0.13609043E+01
  0.41755000E+00  0.13609040E+01
  0.41765000E+00  0.13609036E+01
  0.41775000E+00  0.13609035E+01
  0.41785000E+00  0.13609035E+01
  0.41795000E+00  0.13609035E+01
  0.41805000E+00  0.13609035E+01
  0.41815000E+00  0.13609035E+01
  0.41825000E+00  0.13609036E+01
  0.41835000E+00  0.13609040E+01
  0.41845000E+00  0.13609046E+01
  0.41855000E+00  0.13609054E+01
  0.41865000E+00  0.13609063E+01
  0.41875000E+00  0.13609071E+01
  0.41885000E+00  0.13609079E+01
  0.41895000E+00  0.13609084E+01
  0.41905000E+00  0.13609088E+01
  0.41915000E+00  0.13609088E+01
  0.41925000E+00  0.13609088E+01
  0.41935000E+00  0.13609088E+01
  0.41945000E+00  0.13609088E+01
  0.41955000E+00  0.13609086E+01
  0.41965000E+00  0.13609084E+01
  0.41975000E+00  0.13609079E+01
  0.41985000E+00  0.13609074E+01
  0.41995000E+00  0.13609067E+01
  0.42005000E+00  0.13609061E+01
  0.42015000E+00  0.13609055E+01
  0.42025000E+00  0.13609049E+01
  0.42035000E+00  0.13609044E+01
  0.42045000E+00  0.13609039E+01
  0.42055000E+00  0.13609036E+01
  0.42065000E+00  0.13609034E+01
  0.42075000E+00  0.13609033E+01
  0.42085000E+00  0.13609033E+01
  0.42095000E+00  0.13609034E+01
  0.42105000E+00  0.13609034E+01
  0.42115000E+00  0.13609036E+01
  0.42125000E+00  0.13609039E+01
  0.42135000E+00  0.13609045E+01
  0.42145000E+00  0.13609053E+01
  0.42155000E+00  0.13609061E+01
  0.42165000E+00  0.13609069E+01
  0.42175000E+00  0.13609074E+01
  0.42185000E+00  0.13609077E+01
  0.42195000E+00  0.13609077E+01
  0.42205000E+00  0.13609077E+01
  0.42215000E+00  0.13609076E+01
  0.42225000E+00  0.13609074E+01
  0.42235000E+00  0.13609067E+01
  0.42245000E+00  0.13609058E+01
  0.42255000E+00  0.13609046E+01
  0.42265000E+00  0.13609034E+01
  0.42275000E+00  0.13609026E+01
  0.42285000E+00  0.13609021E+01
  0.42295000E+00  0.13609020E+01
  0.42305000E+00  0.13609020E+01
  0.42315000E+00  0.13609021E+01
  0.42325000E+00  0.13609022E+01
  0.42335000E+00  0.13609029E+01
  0.42345000E+00  0.13609037E+01
  0.42355000E+00  0.13609048E+01
  0.42365000E+00  0.13609059E+01
  0.42375000E+00  0.13609068E+01
  0.42385000E+00  0.13609075E+01
  0.42395000E+00  0.13609076E+01
  0.42405000E+00  0.13609077E+01
  0.42415000E+00  0.13609077E+01
  0.42425000E+00  0.13609077E+01
  0.42435000E+00  0.13609075E+01
  0.42445000E+00  0.13609074E+01
  0.42455000E+00  0.13609070E+01
  0.42465000E+00  0.13609065E+01
  0.42475000E+00  0.13609059E+01
  0.42485000E+00  0.13609053E+01
  0.42495000E+00  0.13609048E+01
  0.42505000E+00  0.13609042E+01
  0.42515000E+00  0.13609038E+01
  0.42525000E+00  0.13609035E+01
  0.42535000E+00  0.13609034E+01
  0.42545000E+00  0.13609033E+01
  0.42555000E+00  0.13609034E+01
  0.42565000E+00  0.13609034E+01
  0.42575000E+00  0.13609034E+01
  0.42585000E+00  0.13609035E+01
  0.42595000E+00  0.13609040E+01
  0.42605000E+00  0.13609046E+01
  0.42615000E+00  0.13609055E+01
  0.42625000E+00  0.13609064E+01
  0.42635000E+00  0.13609073E+01
  0.42645000E+00  0.13609081E+01
  0.42655000E+00  0.13609086E+01
  0.42665000E+00  0.13609089E+01
  0.42675000E+00  0.13609089E+01
  0.42685000E+00  0.13609089E+01
  0.42695000E+00  0.13609089E+01
  0.42705000E+00  0.13609089E+01
  0.42715000E+00  0.13609086E+01
  0.42725000E+00  0.13609084E+01
  0.42735000E+00  0.13609079E+01
  0.42745000E+00  0.13609073E+01
  0.42755000E+00  0.13609067E+01
  0.42765000E+00  0.13609061E+01
  0.42775000E+00  0.13609055E+01
  0.42785000E+00  0.13609049E+01
  0.42795000E+00  0.13609044E+01
  0.42805000E+00  0.13609039E+01
  0.42815000E+00  0.13609036E+01
  0.42825000E+00  0.13609034E+01
  0.42835000E+00  0.13609033E+01
  0.42845000E+00  0.13609033E+01
  0.42855000E+00  0.13609034E+01
  0.42865000E+00  0.13609034E+01
  0.42875000E+00  0.13609036E+01
  0.42885000E+00  0.13609039E+01
  0.42895000E+00  0.13609046E+01
  0.42905000E+00  0.13609054E+01
  0.42915000E+00  0.13609063E+01
  0.42925000E+00  0.13609072E+01
  0.42935000E+00  0.13609077E+01
  0.42945000E+00  0.13609079E+01
  0.42955000E+00  0.13609079E+01
  0.42965000E+00  0.13609079E+01
  0.42975000E+00  0.13609078E+01
  0.42985000E+00  0.13609076E+01
  0.42995000E+00  0.13609068E+01
  0.43005000E+00  0.13609057E+01
  0.43015000E+00  0.13609045E+01
  0.43025000E+00  0.13609032E+01
  0.43035000E+00  0.13609024E+01
  0.43045000E+00  0.13609019E+01
  0.43055000E+00  0.13609019E+01
  0.43065000E+00  0.13609019E+01
  0.43075000E+00  0.13609020E+01
  0.43085000E+00  0.13609022E+01
  0.43095000E+00  0.13609029E+01
  0.43105000E+00  0.13609038E+01
  0.43115000E+00  0.13609050E+01
  0.43125000E+00  0.13609061E+01
  0.43135000E+00  0.13609070E+01
  0.43145000E+00  0.13609076E+01
  0.43155000E+00  0.13609077E+01
  0.43165000E+00  0.13609077E+01
  0.43175000E+00  0.13609077E+01
  0.43185000E+00  0.13609077E+01
  0.43195000E+00  0.13609075E+01
  0.43205000E+00  0.13609073E+01
  0.43215000E+00  0.13609069E+01
  0.43225000E+00  0.13609064E+01
  0.43235000E+00  0.13609058E+01
  0.43245000E+00  0.13609053E+01
  0.43255000E+00  0.13609048E+01
  0.43265000E+00  0.13609043E+01
  0.43275000E+00  0.13609039E+01
  0.43285000E+00  0.13609035E+01
  0.43295000E+00  0.13609034E+01
  0.43305000E+00  0.13609034E+01
  0.43315000E+00  0.13609034E+01
  0.43325000E+00  0.13609034E+01
  0.43335000E+00  0.13609035E+01
  0.43345000E+00  0.13609036E+01
  0.43355000E+00  0.13609041E+01
  0.43365000E+00  0.13609047E+01
  0.43375000E+00  0.13609056E+01
  0.43385000E+00  0.13609065E+01
  0.43395000E+00  0.13609073E+01
  0.43405000E+00  0.13609082E+01
  0.43415000E+00  0.13609087E+01
  0.43425000E+00  0.13609089E+01
  0.43435000E+00  0.13609089E+01
  0.43445000E+00  0.13609089E+01
  0.43455000E+00  0.13609089E+01
  0.43465000E+00  0.13609089E+01
  0.43475000E+00  0.13609086E+01
  0.43485000E+00  0.13609083E+01
  0.43495000E+00  0.13609078E+01
  0.43505000E+00  0.13609072E+01
  0.43515000E+00  0.13609066E+01
  0.43525000E+00  0.13609060E+01
  0.43535000E+00  0.13609054E+01
  0.43545000E+00  0.13609048E+01
  0.43555000E+00  0.13609043E+01
  0.43565000E+00  0.13609038E+01
  0.43575000E+00  0.13609036E+01
  0.43585000E+00  0.13609034E+01
  0.43595000E+00  0.13609034E+01
  0.43605000E+00  0.13609034E+01
  0.43615000E+00  0.13609034E+01
  0.43625000E+00  0.13609034E+01
  0.43635000E+00  0.13609036E+01
  0.43645000E+00  0.13609040E+01
  0.43655000E+00  0.13609047E+01
  0.43665000E+00  0.13609056E+01
  0.43675000E+00  0.13609064E+01
  0.43685000E+00  0.13609073E+01
  0.43695000E+00  0.13609078E+01
  0.43705000E+00  0.13609080E+01
  0.43715000E+00  0.13609080E+01
  0.43725000E+00  0.13609080E+01
  0.43735000E+00  0.13609078E+01
  0.43745000E+00  0.13609076E+01
  0.43755000E+00  0.13609067E+01
  0.43765000E+00  0.13609056E+01
  0.43775000E+00  0.13609043E+01
  0.43785000E+00  0.13609030E+01
  0.43795000E+00  0.13609022E+01
  0.43805000E+00  0.13609018E+01
  0.43815000E+00  0.13609018E+01
  0.43825000E+00  0.13609018E+01
  0.43835000E+00  0.13609019E+01
  0.43845000E+00  0.13609021E+01
  0.43855000E+00  0.13609029E+01
  0.43865000E+00  0.13609040E+01
  0.43875000E+00  0.13609051E+01
  0.43885000E+00  0.13609064E+01
  0.43895000E+00  0.13609072E+01
  0.43905000E+00  0.13609077E+01
  0.43915000E+00  0.13609078E+01
  0.43925000E+00  0.13609078E+01
  0.43935000E+00  0.13609078E+01
  0.43945000E+00  0.13609077E+01
  0.43955000E+00  0.13609075E+01
  0.43965000E+00  0.13609073E+01
  0.43975000E+00  0.13609068E+01
  0.43985000E+00  0.13609063E+01
  0.43995000E+00  0.13609057E+01
  0.44005000E+00  0.13609052E+01
  0.44015000E+00  0.13609046E+01
  0.44025000E+00  0.13609041E+01
  0.44035000E+00  0.13609038E+01
  0.44045000E+00  0.13609034E+01
  0.44055000E+00  0.13609033E+01
  0.44065000E+00  0.13609033E+01
  0.44075000E+00  0.13609033E+01
  0.44085000E+00  0.13609033E+01
  0.44095000E+00  0.13609034E+01
  0.44105000E+00  0.13609036E+01
  0.44115000E+00  0.13609041E+01
  0.44125000E+00  0.13609047E+01
  0.44135000E+00  0.13609056E+01
  0.44145000E+00  0.13609066E+01
  0.44155000E+00  0.13609075E+01
  0.44165000E+00  0.13609083E+01
  0.44175000E+00  0.13609088E+01
  0.44185000E+00  0.13609090E+01
  0.44195000E+00  0.13609090E+01
  0.44205000E+00  0.13609090E+01
  0.44215000E+00  0.13609089E+01
  0.44225000E+00  0.13609089E+01
  0.44235000E+00  0.13609086E+01
  0.44245000E+00  0.13609083E+01
  0.44255000E+00  0.13609078E+01
  0.44265000E+00  0.13609072E+01
  0.44275000E+00  0.13609066E+01
  0.44285000E+00  0.13609059E+01
  0.44295000E+00  0.13609053E+01
  0.44305000E+00  0.13609047E+01
  0.44315000E+00  0.13609043E+01
  0.44325000E+00  0.13609038E+01
  0.44335000E+00  0.13609035E+01
  0.44345000E+00  0.13609033E+01
  0.44355000E+00  0.13609033E+01
  0.44365000E+00  0.13609033E+01
  0.44375000E+00  0.13609033E+01
  0.44385000E+00  0.13609033E+01
  0.44395000E+00  0.13609036E+01
  0.44405000E+00  0.13609040E+01
  0.44415000E+00  0.13609048E+01
  0.44425000E+00  0.13609057E+01
  0.44435000E+00  0.13609066E+01
  0.44445000E+00  0.13609075E+01
  0.44455000E+00  0.13609079E+01
  0.44465000E+00  0.13609081E+01
  0.44475000E+00  0.13609081E+01
  0.44485000E+00  0.13609081E+01
  0.44495000E+00  0.13609079E+01
  0.44505000E+00  0.13609076E+01
  0.44515000E+00  0.13609066E+01
  0.44525000E+00  0.13609054E+01
  0.44535000E+00  0.13609041E+01
  0.44545000E+00  0.13609027E+01
  0.44555000E+00  0.13609020E+01
  0.44565000E+00  0.13609016E+01
  0.44575000E+00  0.13609016E+01
  0.44585000E+00  0.13609016E+01
  0.44595000E+00  0.13609018E+01
  0.44605000E+00  0.13609021E+01
  0.44615000E+00  0.13609031E+01
  0.44625000E+00  0.13609042E+01
  0.44635000E+00  0.13609054E+01
  0.44645000E+00  0.13609067E+01
  0.44655000E+00  0.13609074E+01
  0.44665000E+00  0.13609078E+01
  0.44675000E+00  0.13609078E+01
  0.44685000E+00  0.13609078E+01
  0.44695000E+00  0.13609078E+01
  0.44705000E+00  0.13609078E+01
  0.44715000E+00  0.13609075E+01
  0.44725000E+00  0.13609072E+01
  0.44735000E+00  0.13609067E+01
  0.44745000E+00  0.13609062E+01
  0.44755000E+00  0.13609056E+01
  0.44765000E+00  0.13609051E+01
  0.44775000E+00  0.13609046E+01
  0.44785000E+00  0.13609041E+01
  0.44795000E+00  0.13609037E+01
  0.44805000E+00  0.13609034E+01
  0.44815000E+00  0.13609033E+01
  0.44825000E+00  0.13609033E+01
  0.44835000E+00  0.13609033E+01
  0.44845000E+00  0.13609033E+01
  0.44855000E+00  0.13609034E+01
  0.44865000E+00  0.13609036E+01
  0.44875000E+00  0.13609043E+01
  0.44885000E+00  0.13609050E+01
  0.44895000E+00  0.13609060E+01
  0.44905000E+00  0.13609070E+01
  0.44915000E+00  0.13609077E+01
  0.44925000E+00  0.13609081E+01
  0.44935000E+00  0.13609081E+01
  0.44945000E+00  0.13609081E+01
  0.44955000E+00  0.13609080E+01
  0.44965000E+00  0.13609079E+01
  0.44975000E+00  0.13609071E+01
  0.44985000E+00  0.13609061E+01
  0.44995000E+00  0.13609047E+01
  0.45005000E+00  0.13609033E+01
  0.45015000E+00  0.13609023E+01
  0.45025000E+00  0.13609016E+01
  0.45035000E+00  0.13609016E+01
  0.45045000E+00  0.13609016E+01
  0.45055000E+00  0.13609017E+01
  0.45065000E+00  0.13609018E+01
  0.45075000E+00  0.13609026E+01
  0.45085000E+00  0.13609036E+01
  0.45095000E+00  0.13609049E+01
  0.45105000E+00  0.13609062E+01
  0.45115000E+00  0.13609071E+01
  0.45125000E+00  0.13609077E+01
  0.45135000E+00  0.13609078E+01
  0.45145000E+00  0.13609078E+01
  0.45155000E+00  0.13609078E+01
  0.45165000E+00  0.13609078E+01
  0.45175000E+00  0.13609076E+01
  0.45185000E+00  0.13609073E+01
  0.45195000E+00  0.13609069E+01
  0.45205000E+00  0.13609064E+01
  0.45215000E+00  0.13609059E+01
  0.45225000E+00  0.13609054E+01
  0.45235000E+00  0.13609049E+01
  0.45245000E+00  0.13609044E+01
  0.45255000E+00  0.13609040E+01
  0.45265000E+00  0.13609036E+01
  0.45275000E+00  0.13609034E+01
  0.45285000E+00  0.13609033E+01
  0.45295000E+00  0.13609033E+01
  0.45305000E+00  0.13609033E+01
  0.45315000E+00  0.13609034E+01
  0.45325000E+00  0.13609034E+01
  0.45335000E+00  0.13609038E+01
  0.45345000E+00  0.13609044E+01
  0.45355000E+00  0.13609053E+01
  0.45365000E+00  0.13609063E+01
  0.45375000E+00  0.13609072E+01
  0.45385000E+00  0.13609081E+01
  0.45395000E+00  0.13609087E+01
  0.45405000E+00  0.13609090E+01
  0.45415000E+00  0.13609090E+01
  0.45425000E+00  0.13609090E+01
  0.45435000E+00  0.13609090E+01
  0.45445000E+00  0.13609089E+01
  0.45455000E+00  0.13609087E+01
  0.45465000E+00  0.13609083E+01
  0.45475000E+00  0.13609078E+01
  0.45485000E+00  0.13609072E+01
  0.45495000E+00  0.13609067E+01
  0.45505000E+00  0.13609061E+01
  0.45515000E+00  0.13609055E+01
  0.45525000E+00  0.13609050E+01
  0.45535000E+00  0.13609045E+01
  0.45545000E+00  0.13609040E+01
  0.45555000E+00  0.13609036E+01
  0.45565000E+00  0.13609033E+01
  0.45575000E+00  0.13609032E+01
  0.45585000E+00  0.13609032E+01
  0.45595000E+00  0.13609032E+01
  0.45605000E+00  0.13609032E+01
  0.45615000E+00  0.13609034E+01
  0.45625000E+00  0.13609036E+01
  0.45635000E+00  0.13609043E+01
  0.45645000E+00  0.13609051E+01
  0.45655000E+00  0.13609061E+01
  0.45665000E+00  0.13609072E+01
  0.45675000E+00  0.13609079E+01
  0.45685000E+00  0.13609083E+01
  0.45695000E+00  0.13609083E+01
  0.45705000E+00  0.13609083E+01
  0.45715000E+00  0.13609082E+01
  0.45725000E+00  0.13609080E+01
  0.45735000E+00  0.13609071E+01
  0.45745000E+00  0.13609060E+01
  0.45755000E+00  0.13609045E+01
  0.45765000E+00  0.13609029E+01
  0.45775000E+00  0.13609019E+01
  0.45785000E+00  0.13609013E+01
  0.45795000E+00  0.13609013E+01
  0.45805000E+00  0.13609013E+01
  0.45815000E+00  0.13609015E+01
  0.45825000E+00  0.13609017E+01
  0.45835000E+00  0.13609026E+01
  0.45845000E+00  0.13609038E+01
  0.45855000E+00  0.13609051E+01
  0.45865000E+00  0.13609065E+01
  0.45875000E+00  0.13609073E+01
  0.45885000E+00  0.13609079E+01
  0.45895000E+00  0.13609079E+01
  0.45905000E+00  0.13609079E+01
  0.45915000E+00  0.13609079E+01
  0.45925000E+00  0.13609078E+01
  0.45935000E+00  0.13609076E+01
  0.45945000E+00  0.13609073E+01
  0.45955000E+00  0.13609068E+01
  0.45965000E+00  0.13609064E+01
  0.45975000E+00  0.13609058E+01
  0.45985000E+00  0.13609053E+01
  0.45995000E+00  0.13609048E+01
  0.46005000E+00  0.13609043E+01
  0.46015000E+00  0.13609039E+01
  0.46025000E+00  0.13609035E+01
  0.46035000E+00  0.13609033E+01
  0.46045000E+00  0.13609032E+01
  0.46055000E+00  0.13609032E+01
  0.46065000E+00  0.13609032E+01
  0.46075000E+00  0.13609033E+01
  0.46085000E+00  0.13609034E+01
  0.46095000E+00  0.13609038E+01
  0.46105000E+00  0.13609044E+01
  0.46115000E+00  0.13609054E+01
  0.46125000E+00  0.13609064E+01
  0.46135000E+00  0.13609074E+01
  0.46145000E+00  0.13609083E+01
  0.46155000E+00  0.13609088E+01
  0.46165000E+00  0.13609091E+01
  0.46175000E+00  0.13609091E+01
  0.46185000E+00  0.13609091E+01
  0.46195000E+00  0.13609090E+01
  0.46205000E+00  0.13609090E+01
  0.46215000E+00  0.13609087E+01
  0.46225000E+00  0.13609083E+01
  0.46235000E+00  0.13609078E+01
  0.46245000E+00  0.13609072E+01
  0.46255000E+00  0.13609066E+01
  0.46265000E+00  0.13609060E+01
  0.46275000E+00  0.13609055E+01
  0.46285000E+00  0.13609049E+01
  0.46295000E+00  0.13609044E+01
  0.46305000E+00  0.13609039E+01
  0.46315000E+00  0.13609036E+01
  0.46325000E+00  0.13609032E+01
  0.46335000E+00  0.13609032E+01
  0.46345000E+00  0.13609032E+01
  0.46355000E+00  0.13609032E+01
  0.46365000E+00  0.13609032E+01
  0.46375000E+00  0.13609033E+01
  0.46385000E+00  0.13609036E+01
  0.46395000E+00  0.13609044E+01
  0.46405000E+00  0.13609053E+01
  0.46415000E+00  0.13609063E+01
  0.46425000E+00  0.13609074E+01
  0.46435000E+00  0.13609081E+01
  0.46445000E+00  0.13609084E+01
  0.46455000E+00  0.13609084E+01
  0.46465000E+00  0.13609084E+01
  0.46475000E+00  0.13609083E+01
  0.46485000E+00  0.13609081E+01
  0.46495000E+00  0.13609071E+01
  0.46505000E+00  0.13609058E+01
  0.46515000E+00  0.13609043E+01
  0.46525000E+00  0.13609026E+01
  0.46535000E+00  0.13609016E+01
  0.46545000E+00  0.13609012E+01
  0.46555000E+00  0.13609012E+01
  0.46565000E+00  0.13609012E+01
  0.46575000E+00  0.13609013E+01
  0.46585000E+00  0.13609017E+01
  0.46595000E+00  0.13609027E+01
  0.46605000E+00  0.13609040E+01
  0.46615000E+00  0.13609054E+01
  0.46625000E+00  0.13609068E+01
  0.46635000E+00  0.13609076E+01
  0.46645000E+00  0.13609080E+01
  0.46655000E+00  0.13609080E+01
  0.46665000E+00  0.13609080E+01
  0.46675000E+00  0.13609079E+01
  0.46685000E+00  0.13609079E+01
  0.46695000E+00  0.13609076E+01
  0.46705000E+00  0.13609072E+01
  0.46715000E+00  0.13609068E+01
  0.46725000E+00  0.13609063E+01
  0.46735000E+00  0.13609058E+01
  0.46745000E+00  0.13609053E+01
  0.46755000E+00  0.13609048E+01
  0.46765000E+00  0.13609043E+01
  0.46775000E+00  0.13609039E+01
  0.46785000E+00  0.13609034E+01
  0.46795000E+00  0.13609032E+01
  0.46805000E+00  0.13609031E+01
  0.46815000E+00  0.13609031E+01
  0.46825000E+00  0.13609031E+01
  0.46835000E+00  0.13609032E+01
  0.46845000E+00  0.13609033E+01
  0.46855000E+00  0.13609038E+01
  0.46865000E+00  0.13609045E+01
  0.46875000E+00  0.13609054E+01
  0.46885000E+00  0.13609065E+01
  0.46895000E+00  0.13609075E+01
  0.46905000E+00  0.13609085E+01
  0.46915000E+00  0.13609089E+01
  0.46925000E+00  0.13609091E+01
  0.46935000E+00  0.13609091E+01
  0.46945000E+00  0.13609091E+01
  0.46955000E+00  0.13609091E+01
  0.46965000E+00  0.13609090E+01
  0.46975000E+00  0.13609086E+01
  0.46985000E+00  0.13609082E+01
  0.46995000E+00  0.13609077E+01
  0.47005000E+00  0.13609071E+01
  0.47015000E+00  0.13609065E+01
  0.47025000E+00  0.13609060E+01
  0.47035000E+00  0.13609054E+01
  0.47045000E+00  0.13609049E+01
  0.47055000E+00  0.13609044E+01
  0.47065000E+00  0.13609039E+01
  0.47075000E+00  0.13609035E+01
  0.47085000E+00  0.13609032E+01
  0.47095000E+00  0.13609031E+01
  0.47105000E+00  0.13609031E+01
  0.47115000E+00  0.13609031E+01
  0.47125000E+00  0.13609031E+01
  0.47135000E+00  0.13609033E+01
  0.47145000E+00  0.13609036E+01
  0.47155000E+00  0.13609044E+01
  0.47165000E+00  0.13609054E+01
  0.47175000E+00  0.13609065E+01
  0.47185000E+00  0.13609076E+01
  0.47195000E+00  0.13609083E+01
  0.47205000E+00  0.13609086E+01
  0.47215000E+00  0.13609086E+01
  0.47225000E+00  0.13609086E+01
  0.47235000E+00  0.13609085E+01
  0.47245000E+00  0.13609082E+01
  0.47255000E+00  0.13609071E+01
  0.47265000E+00  0.13609057E+01
  0.47275000E+00  0.13609040E+01
  0.47285000E+00  0.13609023E+01
  0.47295000E+00  0.13609013E+01
  0.47305000E+00  0.13609009E+01
  0.47315000E+00  0.13609009E+01
  0.47325000E+00  0.13609010E+01
  0.47335000E+00  0.13609012E+01
  0.47345000E+00  0.13609016E+01
  0.47355000E+00  0.13609029E+01
  0.47365000E+00  0.13609043E+01
  0.47375000E+00  0.13609057E+01
  0.47385000E+00  0.13609071E+01
  0.47395000E+00  0.13609078E+01
  0.47405000E+00  0.13609080E+01
  0.47415000E+00  0.13609080E+01
  0.47425000E+00  0.13609080E+01
  0.47435000E+00  0.13609079E+01
  0.47445000E+00  0.13609078E+01
  0.47455000E+00  0.13609075E+01
  0.47465000E+00  0.13609071E+01
  0.47475000E+00  0.13609066E+01
  0.47485000E+00  0.13609062E+01
  0.47495000E+00  0.13609057E+01
  0.47505000E+00  0.13609052E+01
  0.47515000E+00  0.13609047E+01
  0.47525000E+00  0.13609043E+01
  0.47535000E+00  0.13609038E+01
  0.47545000E+00  0.13609034E+01
  0.47555000E+00  0.13609032E+01
  0.47565000E+00  0.13609031E+01
  0.47575000E+00  0.13609031E+01
  0.47585000E+00  0.13609031E+01
  0.47595000E+00  0.13609032E+01
  0.47605000E+00  0.13609033E+01
  0.47615000E+00  0.13609039E+01
  0.47625000E+00  0.13609045E+01
  0.47635000E+00  0.13609056E+01
  0.47645000E+00  0.13609067E+01
  0.47655000E+00  0.13609076E+01
  0.47665000E+00  0.13609086E+01
  0.47675000E+00  0.13609090E+01
  0.47685000E+00  0.13609091E+01
  0.47695000E+00  0.13609091E+01
  0.47705000E+00  0.13609091E+01
  0.47715000E+00  0.13609091E+01
  0.47725000E+00  0.13609089E+01
  0.47735000E+00  0.13609086E+01
  0.47745000E+00  0.13609081E+01
  0.47755000E+00  0.13609076E+01
  0.47765000E+00  0.13609070E+01
  0.47775000E+00  0.13609065E+01
  0.47785000E+00  0.13609060E+01
  0.47795000E+00  0.13609054E+01
  0.47805000E+00  0.13609049E+01
  0.47815000E+00  0.13609044E+01
  0.47825000E+00  0.13609039E+01
  0.47835000E+00  0.13609035E+01
  0.47845000E+00  0.13609031E+01
  0.47855000E+00  0.13609031E+01
  0.47865000E+00  0.13609031E+01
  0.47875000E+00  0.13609031E+01
  0.47885000E+00  0.13609031E+01
  0.47895000E+00  0.13609033E+01
  0.47905000E+00  0.13609036E+01
  0.47915000E+00  0.13609044E+01
  0.47925000E+00  0.13609055E+01
  0.47935000E+00  0.13609066E+01
  0.47945000E+00  0.13609078E+01
  0.47955000E+00  0.13609085E+01
  0.47965000E+00  0.13609089E+01
  0.47975000E+00  0.13609089E+01
  0.47985000E+00  0.13609089E+01
  0.47995000E+00  0.13609087E+01
  0.48005000E+00  0.13609083E+01
  0.48015000E+00  0.13609071E+01
  0.48025000E+00  0.13609055E+01
  0.48035000E+00  0.13609037E+01
  0.48045000E+00  0.13609019E+01
  0.48055000E+00  0.13609010E+01
  0.48065000E+00  0.13609006E+01
  0.48075000E+00  0.13609006E+01
  0.48085000E+00  0.13609006E+01
  0.48095000E+00  0.13609010E+01
  0.48105000E+00  0.13609016E+01
  0.48115000E+00  0.13609030E+01
  0.48125000E+00  0.13609046E+01
  0.48135000E+00  0.13609061E+01
  0.48145000E+00  0.13609075E+01
  0.48155000E+00  0.13609080E+01
  0.48165000E+00  0.13609081E+01
  0.48175000E+00  0.13609081E+01
  0.48185000E+00  0.13609081E+01
  0.48195000E+00  0.13609080E+01
  0.48205000E+00  0.13609078E+01
  0.48215000E+00  0.13609074E+01
  0.48225000E+00  0.13609070E+01
  0.48235000E+00  0.13609066E+01
  0.48245000E+00  0.13609061E+01
  0.48255000E+00  0.13609057E+01
  0.48265000E+00  0.13609052E+01
  0.48275000E+00  0.13609047E+01
  0.48285000E+00  0.13609042E+01
  0.48295000E+00  0.13609038E+01
  0.48305000E+00  0.13609034E+01
  0.48315000E+00  0.13609031E+01
  0.48325000E+00  0.13609031E+01
  0.48335000E+00  0.13609031E+01
  0.48345000E+00  0.13609031E+01
  0.48355000E+00  0.13609032E+01
  0.48365000E+00  0.13609033E+01
  0.48375000E+00  0.13609039E+01
  0.48385000E+00  0.13609046E+01
  0.48395000E+00  0.13609057E+01
  0.48405000E+00  0.13609068E+01
  0.48415000E+00  0.13609078E+01
  0.48425000E+00  0.13609088E+01
  0.48435000E+00  0.13609092E+01
  0.48445000E+00  0.13609093E+01
  0.48455000E+00  0.13609092E+01
  0.48465000E+00  0.13609092E+01
  0.48475000E+00  0.13609091E+01
  0.48485000E+00  0.13609089E+01
  0.48495000E+00  0.13609085E+01
  0.48505000E+00  0.13609080E+01
  0.48515000E+00  0.13609075E+01
  0.48525000E+00  0.13609069E+01
  0.48535000E+00  0.13609064E+01
  0.48545000E+00  0.13609059E+01
  0.48555000E+00  0.13609054E+01
  0.48565000E+00  0.13609049E+01
  0.48575000E+00  0.13609044E+01
  0.48585000E+00  0.13609038E+01
  0.48595000E+00  0.13609035E+01
  0.48605000E+00  0.13609031E+01
  0.48615000E+00  0.13609031E+01
  0.48625000E+00  0.13609031E+01
  0.48635000E+00  0.13609031E+01
  0.48645000E+00  0.13609031E+01
  0.48655000E+00  0.13609033E+01
  0.48665000E+00  0.13609036E+01
  0.48675000E+00  0.13609045E+01
  0.48685000E+00  0.13609056E+01
  0.48695000E+00  0.13609068E+01
  0.48705000E+00  0.13609080E+01
  0.48715000E+00  0.13609087E+01
  0.48725000E+00  0.13609090E+01
  0.48735000E+00  0.13609090E+01
  0.48745000E+00  0.13609090E+01
  0.48755000E+00  0.13609088E+01
  0.48765000E+00  0.13609084E+01
  0.48775000E+00  0.13609070E+01
  0.48785000E+00  0.13609053E+01
  0.48795000E+00  0.13609035E+01
  0.48805000E+00  0.13609016E+01
  0.48815000E+00  0.13609007E+01
  0.48825000E+00  0.13609005E+01
  0.48835000E+00  0.13609005E+01
  0.48845000E+00  0.13609005E+01
  0.48855000E+00  0.13609010E+01
  0.48865000E+00  0.13609017E+01
  0.48875000E+00  0.13609032E+01
  0.48885000E+00  0.13609050E+01
  0.48895000E+00  0.13609065E+01
  0.48905000E+00  0.13609078E+01
  0.48915000E+00  0.13609081E+01
  0.48925000E+00  0.13609082E+01
  0.48935000E+00  0.13609082E+01
  0.48945000E+00  0.13609082E+01
  0.48955000E+00  0.13609080E+01
  0.48965000E+00  0.13609078E+01
  0.48975000E+00  0.13609074E+01
  0.48985000E+00  0.13609069E+01
  0.48995000E+00  0.13609065E+01
  0.49005000E+00  0.13609061E+01
  0.49015000E+00  0.13609057E+01
  0.49025000E+00  0.13609052E+01
  0.49035000E+00  0.13609047E+01
  0.49045000E+00  0.13609042E+01
  0.49055000E+00  0.13609037E+01
  0.49065000E+00  0.13609033E+01
  0.49075000E+00  0.13609030E+01
  0.49085000E+00  0.13609030E+01
  0.49095000E+00  0.13609030E+01
  0.49105000E+00  0.13609030E+01
  0.49115000E+00  0.13609031E+01
  0.49125000E+00  0.13609032E+01
  0.49135000E+00  0.13609039E+01
  0.49145000E+00  0.13609048E+01
  0.49155000E+00  0.13609060E+01
  0.49165000E+00  0.13609073E+01
  0.49175000E+00  0.13609083E+01
  0.49185000E+00  0.13609090E+01
  0.49195000E+00  0.13609091E+01
  0.49205000E+00  0.13609091E+01
  0.49215000E+00  0.13609090E+01
  0.49225000E+00  0.13609088E+01
  0.49235000E+00  0.13609077E+01
  0.49245000E+00  0.13609062E+01
  0.49255000E+00  0.13609043E+01
  0.49265000E+00  0.13609022E+01
  0.49275000E+00  0.13609009E+01
  0.49285000E+00  0.13609003E+01
  0.49295000E+00  0.13609003E+01
  0.49305000E+00  0.13609003E+01
  0.49315000E+00  0.13609006E+01
  0.49325000E+00  0.13609011E+01
  0.49335000E+00  0.13609026E+01
  0.49345000E+00  0.13609043E+01
  0.49355000E+00  0.13609059E+01
  0.49365000E+00  0.13609075E+01
  0.49375000E+00  0.13609080E+01
  0.49385000E+00  0.13609082E+01
  0.49395000E+00  0.13609082E+01
  0.49405000E+00  0.13609082E+01
  0.49415000E+00  0.13609080E+01
  0.49425000E+00  0.13609078E+01
  0.49435000E+00  0.13609074E+01
  0.49445000E+00  0.13609070E+01
  0.49455000E+00  0.13609066E+01
  0.49465000E+00  0.13609063E+01
  0.49475000E+00  0.13609059E+01
  0.49485000E+00  0.13609055E+01
  0.49495000E+00  0.13609051E+01
  0.49505000E+00  0.13609046E+01
  0.49515000E+00  0.13609041E+01
  0.49525000E+00  0.13609035E+01
  0.49535000E+00  0.13609032E+01
  0.49545000E+00  0.13609030E+01
  0.49555000E+00  0.13609030E+01
  0.49565000E+00  0.13609030E+01
  0.49575000E+00  0.13609030E+01
  0.49585000E+00  0.13609031E+01
  0.49595000E+00  0.13609035E+01
  0.49605000E+00  0.13609042E+01
  0.49615000E+00  0.13609052E+01
  0.49625000E+00  0.13609064E+01
  0.49635000E+00  0.13609076E+01
  0.49645000E+00  0.13609087E+01
  0.49655000E+00  0.13609092E+01
  0.49665000E+00  0.13609094E+01
  0.49675000E+00  0.13609094E+01
  0.49685000E+00  0.13609094E+01
  0.49695000E+00  0.13609092E+01
  0.49705000E+00  0.13609090E+01
  0.49715000E+00  0.13609086E+01
  0.49725000E+00  0.13609080E+01
  0.49735000E+00  0.13609075E+01
  0.49745000E+00  0.13609070E+01
  0.49755000E+00  0.13609065E+01
  0.49765000E+00  0.13609061E+01
  0.49775000E+00  0.13609056E+01
  0.49785000E+00  0.13609052E+01
  0.49795000E+00  0.13609046E+01
  0.49805000E+00  0.13609041E+01
  0.49815000E+00  0.13609036E+01
  0.49825000E+00  0.13609031E+01
  0.49835000E+00  0.13609029E+01
  0.49845000E+00  0.13609029E+01
  0.49855000E+00  0.13609029E+01
  0.49865000E+00  0.13609029E+01
  0.49875000E+00  0.13609030E+01
  0.49885000E+00  0.13609032E+01
  0.49895000E+00  0.13609039E+01
  0.49905000E+00  0.13609049E+01
  0.49915000E+00  0.13609062E+01
  0.49925000E+00  0.13609075E+01
  0.49935000E+00  0.13609086E+01
  0.49945000E+00  0.13609093E+01
  0.49955000E+00  0.13609093E+01
  0.49965000E+00  0.13609093E+01
  0.49975000E+00  0.13609092E+01
  0.49985000E+00  0.13609090E+01
  0.49995000E+00  0.13609077E+01
  0.50005000E+00  0.13609060E+01
  0.50015000E+00  0.13609039E+01
  0.50025000E+00  0.13609017E+01
  0.50035000E+00  0.13609004E+01
  0.50045000E+00  0.13608999E+01
  0.50055000E+00  0.13608999E+01
  0.50065000E+00  0.13608999E+01
  0.50075000E+00  0.13609004E+01
  0.50085000E+00  0.13609011E+01
  0.50095000E+00  0.13609027E+01
  0.50105000E+00  0.13609046E+01
  0.50115000E+00  0.13609063E+01
  0.50125000E+00  0.13609078E+01
  0.50135000E+00  0.13609082E+01
  0.50145000E+00  0.13609082E+01
  0.50155000E+00  0.13609082E+01
  0.50165000E+00  0.13609082E+01
  0.50175000E+00  0.13609080E+01
  0.50185000E+00  0.13609077E+01
  0.50195000E+00  0.13609073E+01
  0.50205000E+00  0.13609069E+01
  0.50215000E+00  0.13609066E+01
  0.50225000E+00  0.13609062E+01
  0.50235000E+00  0.13609059E+01
  0.50245000E+00  0.13609055E+01
  0.50255000E+00  0.13609051E+01
  0.50265000E+00  0.13609045E+01
  0.50275000E+00  0.13609040E+01
  0.50285000E+00  0.13609034E+01
  0.50295000E+00  0.13609030E+01
  0.50305000E+00  0.13609028E+01
  0.50315000E+00  0.13609028E+01
  0.50325000E+00  0.13609028E+01
  0.50335000E+00  0.13609029E+01
  0.50345000E+00  0.13609030E+01
  0.50355000E+00  0.13609035E+01
  0.50365000E+00  0.13609042E+01
  0.50375000E+00  0.13609054E+01
  0.50385000E+00  0.13609067E+01
  0.50395000E+00  0.13609078E+01
  0.50405000E+00  0.13609089E+01
  0.50415000E+00  0.13609094E+01
  0.50425000E+00  0.13609095E+01
  0.50435000E+00  0.13609095E+01
  0.50445000E+00  0.13609095E+01
  0.50455000E+00  0.13609093E+01
  0.50465000E+00  0.13609090E+01
  0.50475000E+00  0.13609084E+01
  0.50485000E+00  0.13609079E+01
  0.50495000E+00  0.13609074E+01
  0.50505000E+00  0.13609069E+01
  0.50515000E+00  0.13609065E+01
  0.50525000E+00  0.13609061E+01
  0.50535000E+00  0.13609057E+01
  0.50545000E+00  0.13609052E+01
  0.50555000E+00  0.13609047E+01
  0.50565000E+00  0.13609041E+01
  0.50575000E+00  0.13609035E+01
  0.50585000E+00  0.13609030E+01
  0.50595000E+00  0.13609029E+01
  0.50605000E+00  0.13609028E+01
  0.50615000E+00  0.13609028E+01
  0.50625000E+00  0.13609028E+01
  0.50635000E+00  0.13609030E+01
  0.50645000E+00  0.13609031E+01
  0.50655000E+00  0.13609039E+01
  0.50665000E+00  0.13609050E+01
  0.50675000E+00  0.13609063E+01
  0.50685000E+00  0.13609078E+01
  0.50695000E+00  0.13609089E+01
  0.50705000E+00  0.13609096E+01
  0.50715000E+00  0.13609096E+01
  0.50725000E+00  0.13609096E+01
  0.50735000E+00  0.13609095E+01
  0.50745000E+00  0.13609092E+01
  0.50755000E+00  0.13609078E+01
  0.50765000E+00  0.13609059E+01
  0.50775000E+00  0.13609036E+01
  0.50785000E+00  0.13609012E+01
  0.50795000E+00  0.13609000E+01
  0.50805000E+00  0.13608995E+01
  0.50815000E+00  0.13608996E+01
  0.50825000E+00  0.13608996E+01
  0.50835000E+00  0.13609001E+01
  0.50845000E+00  0.13609011E+01
  0.50855000E+00  0.13609030E+01
  0.50865000E+00  0.13609051E+01
  0.50875000E+00  0.13609068E+01
  0.50885000E+00  0.13609082E+01
  0.50895000E+00  0.13609084E+01
  0.50905000E+00  0.13609084E+01
  0.50915000E+00  0.13609084E+01
  0.50925000E+00  0.13609083E+01
  0.50935000E+00  0.13609080E+01
  0.50945000E+00  0.13609076E+01
  0.50955000E+00  0.13609072E+01
  0.50965000E+00  0.13609068E+01
  0.50975000E+00  0.13609065E+01
  0.50985000E+00  0.13609062E+01
  0.50995000E+00  0.13609059E+01
  0.51005000E+00  0.13609056E+01
  0.51015000E+00  0.13609051E+01
  0.51025000E+00  0.13609045E+01
  0.51035000E+00  0.13609039E+01
  0.51045000E+00  0.13609033E+01
  0.51055000E+00  0.13609030E+01
  0.51065000E+00  0.13609028E+01
  0.51075000E+00  0.13609028E+01
  0.51085000E+00  0.13609028E+01
  0.51095000E+00  0.13609029E+01
  0.51105000E+00  0.13609029E+01
  0.51115000E+00  0.13609035E+01
  0.51125000E+00  0.13609043E+01
  0.51135000E+00  0.13609055E+01
  0.51145000E+00  0.13609068E+01
  0.51155000E+00  0.13609080E+01
  0.51165000E+00  0.13609091E+01
  0.51175000E+00  0.13609095E+01
  0.51185000E+00  0.13609096E+01
  0.51195000E+00  0.13609096E+01
  0.51205000E+00  0.13609096E+01
  0.51215000E+00  0.13609093E+01
  0.51225000E+00  0.13609089E+01
  0.51235000E+00  0.13609083E+01
  0.51245000E+00  0.13609077E+01
  0.51255000E+00  0.13609072E+01
  0.51265000E+00  0.13609068E+01
  0.51275000E+00  0.13609064E+01
  0.51285000E+00  0.13609061E+01
  0.51295000E+00  0.13609057E+01
  0.51305000E+00  0.13609052E+01
  0.51315000E+00  0.13609046E+01
  0.51325000E+00  0.13609040E+01
  0.51335000E+00  0.13609034E+01
  0.51345000E+00  0.13609029E+01
  0.51355000E+00  0.13609028E+01
  0.51365000E+00  0.13609028E+01
  0.51375000E+00  0.13609028E+01
  0.51385000E+00  0.13609028E+01
  0.51395000E+00  0.13609029E+01
  0.51405000E+00  0.13609031E+01
  0.51415000E+00  0.13609040E+01
  0.51425000E+00  0.13609050E+01
  0.51435000E+00  0.13609064E+01
  0.51445000E+00  0.13609080E+01
  0.51455000E+00  0.13609091E+01
  0.51465000E+00  0.13609099E+01
  0.51475000E+00  0.13609099E+01
  0.51485000E+00  0.13609099E+01
  0.51495000E+00  0.13609097E+01
  0.51505000E+00  0.13609094E+01
  0.51515000E+00  0.13609078E+01
  0.51525000E+00  0.13609057E+01
  0.51535000E+00  0.13609032E+01
  0.51545000E+00  0.13609006E+01
  0.51555000E+00  0.13608994E+01
  0.51565000E+00  0.13608991E+01
  0.51575000E+00  0.13608991E+01
  0.51585000E+00  0.13608992E+01
  0.51595000E+00  0.13608999E+01
  0.51605000E+00  0.13609012E+01
  0.51615000E+00  0.13609033E+01
  0.51625000E+00  0.13609057E+01
  0.51635000E+00  0.13609074E+01
  0.51645000E+00  0.13609085E+01
  0.51655000E+00  0.13609086E+01
  0.51665000E+00  0.13609086E+01
  0.51675000E+00  0.13609085E+01
  0.51685000E+00  0.13609083E+01
  0.51695000E+00  0.13609079E+01
  0.51705000E+00  0.13609074E+01
  0.51715000E+00  0.13609070E+01
  0.51725000E+00  0.13609066E+01
  0.51735000E+00  0.13609064E+01
  0.51745000E+00  0.13609062E+01
  0.51755000E+00  0.13609060E+01
  0.51765000E+00  0.13609056E+01
  0.51775000E+00  0.13609051E+01
  0.51785000E+00  0.13609045E+01
  0.51795000E+00  0.13609038E+01
  0.51805000E+00  0.13609032E+01
  0.51815000E+00  0.13609029E+01
  0.51825000E+00  0.13609028E+01
  0.51835000E+00  0.13609028E+01
  0.51845000E+00  0.13609028E+01
  0.51855000E+00  0.13609028E+01
  0.51865000E+00  0.13609029E+01
  0.51875000E+00  0.13609035E+01
  0.51885000E+00  0.13609043E+01
  0.51895000E+00  0.13609056E+01
  0.51905000E+00  0.13609070E+01
  0.51915000E+00  0.13609082E+01
  0.51925000E+00  0.13609093E+01
  0.51935000E+00  0.13609096E+01
  0.51945000E+00  0.13609097E+01
  0.51955000E+00  0.13609097E+01
  0.51965000E+00  0.13609096E+01
  0.51975000E+00  0.13609092E+01
  0.51985000E+00  0.13609087E+01
  0.51995000E+00  0.13609081E+01
  0.52005000E+00  0.13609075E+01
  0.52015000E+00  0.13609071E+01
  0.52025000E+00  0.13609068E+01
  0.52035000E+00  0.13609065E+01
  0.52045000E+00  0.13609063E+01
  0.52055000E+00  0.13609058E+01
  0.52065000E+00  0.13609053E+01
  0.52075000E+00  0.13609046E+01
  0.52085000E+00  0.13609039E+01
  0.52095000E+00  0.13609033E+01
  0.52105000E+00  0.13609028E+01
  0.52115000E+00  0.13609027E+01
  0.52125000E+00  0.13609027E+01
  0.52135000E+00  0.13609027E+01
  0.52145000E+00  0.13609027E+01
  0.52155000E+00  0.13609029E+01
  0.52165000E+00  0.13609031E+01
  0.52175000E+00  0.13609040E+01
  0.52185000E+00  0.13609051E+01
  0.52195000E+00  0.13609066E+01
  0.52205000E+00  0.13609082E+01
  0.52215000E+00  0.13609094E+01
  0.52225000E+00  0.13609102E+01
  0.52235000E+00  0.13609103E+01
  0.52245000E+00  0.13609103E+01
  0.52255000E+00  0.13609100E+01
  0.52265000E+00  0.13609096E+01
  0.52275000E+00  0.13609078E+01
  0.52285000E+00  0.13609054E+01
  0.52295000E+00  0.13609026E+01
  0.52305000E+00  0.13608999E+01
  0.52315000E+00  0.13608989E+01
  0.52325000E+00  0.13608986E+01
  0.52335000E+00  0.13608987E+01
  0.52345000E+00  0.13608987E+01
  0.52355000E+00  0.13608998E+01
  0.52365000E+00  0.13609014E+01
  0.52375000E+00  0.13609038E+01
  0.52385000E+00  0.13609064E+01
  0.52395000E+00  0.13609080E+01
  0.52405000E+00  0.13609088E+01
  0.52415000E+00  0.13609088E+01
  0.52425000E+00  0.13609088E+01
  0.52435000E+00  0.13609086E+01
  0.52445000E+00  0.13609082E+01
  0.52455000E+00  0.13609077E+01
  0.52465000E+00  0.13609072E+01
  0.52475000E+00  0.13609068E+01
  0.52485000E+00  0.13609065E+01
  0.52495000E+00  0.13609064E+01
  0.52505000E+00  0.13609063E+01
  0.52515000E+00  0.13609061E+01
  0.52525000E+00  0.13609057E+01
  0.52535000E+00  0.13609051E+01
  0.52545000E+00  0.13609044E+01
  0.52555000E+00  0.13609037E+01
  0.52565000E+00  0.13609030E+01
  0.52575000E+00  0.13609028E+01
  0.52585000E+00  0.13609027E+01
  0.52595000E+00  0.13609027E+01
  0.52605000E+00  0.13609027E+01
  0.52615000E+00  0.13609028E+01
  0.52625000E+00  0.13609028E+01
  0.52635000E+00  0.13609035E+01
  0.52645000E+00  0.13609043E+01
  0.52655000E+00  0.13609057E+01
  0.52665000E+00  0.13609072E+01
  0.52675000E+00  0.13609085E+01
  0.52685000E+00  0.13609096E+01
  0.52695000E+00  0.13609099E+01
  0.52705000E+00  0.13609099E+01
  0.52715000E+00  0.13609098E+01
  0.52725000E+00  0.13609097E+01
  0.52735000E+00  0.13609092E+01
  0.52745000E+00  0.13609085E+01
  0.52755000E+00  0.13609078E+01
  0.52765000E+00  0.13609072E+01
  0.52775000E+00  0.13609069E+01
  0.52785000E+00  0.13609067E+01
  0.52795000E+00  0.13609065E+01
  0.52805000E+00  0.13609063E+01
  0.52815000E+00  0.13609059E+01
  0.52825000E+00  0.13609054E+01
  0.52835000E+00  0.13609046E+01
  0.52845000E+00  0.13609038E+01
  0.52855000E+00  0.13609032E+01
  0.52865000E+00  0.13609028E+01
  0.52875000E+00  0.13609027E+01
  0.52885000E+00  0.13609027E+01
  0.52895000E+00  0.13609028E+01
  0.52905000E+00  0.13609028E+01
  0.52915000E+00  0.13609029E+01
  0.52925000E+00  0.13609031E+01
  0.52935000E+00  0.13609040E+01
  0.52945000E+00  0.13609051E+01
  0.52955000E+00  0.13609066E+01
  0.52965000E+00  0.13609083E+01
  0.52975000E+00  0.13609096E+01
  0.52985000E+00  0.13609106E+01
  0.52995000E+00  0.13609106E+01
  0.53005000E+00  0.13609106E+01
  0.53015000E+00  0.13609104E+01
  0.53025000E+00  0.13609099E+01
  0.53035000E+00  0.13609078E+01
  0.53045000E+00  0.13609051E+01
  0.53055000E+00  0.13609022E+01
  0.53065000E+00  0.13608993E+01
  0.53075000E+00  0.13608983E+01
  0.53085000E+00  0.13608982E+01
  0.53095000E+00  0.13608983E+01
  0.53105000E+00  0.13608984E+01
  0.53115000E+00  0.13608997E+01
  0.53125000E+00  0.13609017E+01
  0.53135000E+00  0.13609043E+01
  0.53145000E+00  0.13609071E+01
  0.53155000E+00  0.13609085E+01
  0.53165000E+00  0.13609090E+01
  0.53175000E+00  0.13609090E+01
  0.53185000E+00  0.13609090E+01
  0.53195000E+00  0.13609086E+01
  0.53205000E+00  0.13609081E+01
  0.53215000E+00  0.13609075E+01
  0.53225000E+00  0.13609069E+01
  0.53235000E+00  0.13609067E+01
  0.53245000E+00  0.13609065E+01
  0.53255000E+00  0.13609065E+01
  0.53265000E+00  0.13609065E+01
  0.53275000E+00  0.13609062E+01
  0.53285000E+00  0.13609058E+01
  0.53295000E+00  0.13609051E+01
  0.53305000E+00  0.13609042E+01
  0.53315000E+00  0.13609035E+01
  0.53325000E+00  0.13609029E+01
  0.53335000E+00  0.13609027E+01
  0.53345000E+00  0.13609027E+01
  0.53355000E+00  0.13609027E+01
  0.53365000E+00  0.13609027E+01
  0.53375000E+00  0.13609028E+01
  0.53385000E+00  0.13609028E+01
  0.53395000E+00  0.13609034E+01
  0.53405000E+00  0.13609043E+01
  0.53415000E+00  0.13609057E+01
  0.53425000E+00  0.13609073E+01
  0.53435000E+00  0.13609087E+01
  0.53445000E+00  0.13609099E+01
  0.53455000E+00  0.13609101E+01
  0.53465000E+00  0.13609101E+01
  0.53475000E+00  0.13609100E+01
  0.53485000E+00  0.13609098E+01
  0.53495000E+00  0.13609090E+01
  0.53505000E+00  0.13609082E+01
  0.53515000E+00  0.13609075E+01
  0.53525000E+00  0.13609070E+01
  0.53535000E+00  0.13609068E+01
  0.53545000E+00  0.13609067E+01
  0.53555000E+00  0.13609066E+01
  0.53565000E+00  0.13609065E+01
  0.53575000E+00  0.13609060E+01
  0.53585000E+00  0.13609054E+01
  0.53595000E+00  0.13609045E+01
  0.53605000E+00  0.13609035E+01
  0.53615000E+00  0.13609029E+01
  0.53625000E+00  0.13609027E+01
  0.53635000E+00  0.13609027E+01
  0.53645000E+00  0.13609027E+01
  0.53655000E+00  0.13609027E+01
  0.53665000E+00  0.13609028E+01
  0.53675000E+00  0.13609032E+01
  0.53685000E+00  0.13609036E+01
  0.53695000E+00  0.13609042E+01
  0.53705000E+00  0.13609048E+01
  0.53715000E+00  0.13609051E+01
  0.53725000E+00  0.13609053E+01
  0.53735000E+00  0.13609052E+01
  0.53745000E+00  0.13609052E+01
  0.53755000E+00  0.13609049E+01
  0.53765000E+00  0.13609044E+01
  0.53775000E+00  0.13609037E+01
  0.53785000E+00  0.13609030E+01
  0.53795000E+00  0.13609027E+01
  0.53805000E+00  0.13609027E+01
  0.53815000E+00  0.13609027E+01
  0.53825000E+00  0.13609027E+01
  0.53835000E+00  0.13609027E+01
  0.53845000E+00  0.13609027E+01
  0.53855000E+00  0.13609031E+01
  0.53865000E+00  0.13609037E+01
  0.53875000E+00  0.13609050E+01
  0.53885000E+00  0.13609066E+01
  0.53895000E+00  0.13609082E+01
  0.53905000E+00  0.13609098E+01
  0.53915000E+00  0.13609103E+01
  0.53925000E+00  0.13609104E+01
  0.53935000E+00  0.13609103E+01
  0.53945000E+00  0.13609101E+01
  0.53955000E+00  0.13609093E+01
  0.53965000E+00  0.13609083E+01
  0.53975000E+00  0.13609075E+01
  0.53985000E+00  0.13609069E+01
  0.53995000E+00  0.13609068E+01
  0.54005000E+00  0.13609067E+01
  0.54015000E+00  0.13609067E+01
  0.54025000E+00  0.13609067E+01
  0.54035000E+00  0.13609064E+01
  0.54045000E+00  0.13609059E+01
  0.54055000E+00  0.13609049E+01
  0.54065000E+00  0.13609039E+01
  0.54075000E+00  0.13609031E+01
  0.54085000E+00  0.13609026E+01
  0.54095000E+00  0.13609026E+01
  0.54105000E+00  0.13609026E+01
  0.54115000E+00  0.13609026E+01
  0.54125000E+00  0.13609026E+01
  0.54135000E+00  0.13609027E+01
  0.54145000E+00  0.13609027E+01
  0.54155000E+00  0.13609033E+01
  0.54165000E+00  0.13609041E+01
  0.54175000E+00  0.13609057E+01
  0.54185000E+00  0.13609074E+01
  0.54195000E+00  0.13609092E+01
  0.54205000E+00  0.13609109E+01
  0.54215000E+00  0.13609114E+01
  0.54225000E+00  0.13609115E+01
  0.54235000E+00  0.13609113E+01
  0.54245000E+00  0.13609111E+01
  0.54255000E+00  0.13609090E+01
  0.54265000E+00  0.13609063E+01
  0.54275000E+00  0.13609027E+01
  0.54285000E+00  0.13608991E+01
  0.54295000E+00  0.13608975E+01
  0.54305000E+00  0.13608971E+01
  0.54315000E+00  0.13608972E+01
  0.54325000E+00  0.13608972E+01
  0.54335000E+00  0.13608986E+01
  0.54345000E+00  0.13609007E+01
  0.54355000E+00  0.13609039E+01
  0.54365000E+00  0.13609073E+01
  0.54375000E+00  0.13609090E+01
  0.54385000E+00  0.13609096E+01
  0.54395000E+00  0.13609096E+01
  0.54405000E+00  0.13609094E+01
  0.54415000E+00  0.13609087E+01
  0.54425000E+00  0.13609076E+01
  0.54435000E+00  0.13609068E+01
  0.54445000E+00  0.13609065E+01
  0.54455000E+00  0.13609065E+01
  0.54465000E+00  0.13609065E+01
  0.54475000E+00  0.13609066E+01
  0.54485000E+00  0.13609066E+01
  0.54495000E+00  0.13609065E+01
  0.54505000E+00  0.13609064E+01
  0.54515000E+00  0.13609056E+01
  0.54525000E+00  0.13609045E+01
  0.54535000E+00  0.13609035E+01
  0.54545000E+00  0.13609027E+01
  0.54555000E+00  0.13609025E+01
  0.54565000E+00  0.13609025E+01
  0.54575000E+00  0.13609025E+01
  0.54585000E+00  0.13609025E+01
  0.54595000E+00  0.13609026E+01
  0.54605000E+00  0.13609026E+01
  0.54615000E+00  0.13609030E+01
  0.54625000E+00  0.13609036E+01
  0.54635000E+00  0.13609050E+01
  0.54645000E+00  0.13609067E+01
  0.54655000E+00  0.13609085E+01
  0.54665000E+00  0.13609103E+01
  0.54675000E+00  0.13609109E+01
  0.54685000E+00  0.13609109E+01
  0.54695000E+00  0.13609107E+01
  0.54705000E+00  0.13609102E+01
  0.54715000E+00  0.13609090E+01
  0.54725000E+00  0.13609076E+01
  0.54735000E+00  0.13609071E+01
  0.54745000E+00  0.13609070E+01
  0.54755000E+00  0.13609070E+01
  0.54765000E+00  0.13609070E+01
  0.54775000E+00  0.13609070E+01
  0.54785000E+00  0.13609070E+01
  0.54795000E+00  0.13609067E+01
  0.54805000E+00  0.13609060E+01
  0.54815000E+00  0.13609048E+01
  0.54825000E+00  0.13609034E+01
  0.54835000E+00  0.13609027E+01
  0.54845000E+00  0.13609025E+01
  0.54855000E+00  0.13609025E+01
  0.54865000E+00  0.13609025E+01
  0.54875000E+00  0.13609026E+01
  0.54885000E+00  0.13609026E+01
  0.54895000E+00  0.13609027E+01
  0.54905000E+00  0.13609028E+01
  0.54915000E+00  0.13609033E+01
  0.54925000E+00  0.13609040E+01
  0.54935000E+00  0.13609056E+01
  0.54945000E+00  0.13609075E+01
  0.54955000E+00  0.13609095E+01
  0.54965000E+00  0.13609115E+01
  0.54975000E+00  0.13609121E+01
  0.54985000E+00  0.13609122E+01
  0.54995000E+00  0.13609119E+01
  0.55005000E+00  0.13609115E+01
  0.55015000E+00  0.13609091E+01
  0.55025000E+00  0.13609059E+01
  0.55035000E+00  0.13609020E+01
  0.55045000E+00  0.13608982E+01
  0.55055000E+00  0.13608966E+01
  0.55065000E+00  0.13608963E+01
  0.55075000E+00  0.13608965E+01
  0.55085000E+00  0.13608965E+01
  0.55095000E+00  0.13608983E+01
  0.55105000E+00  0.13609009E+01
  0.55115000E+00  0.13609045E+01
  0.55125000E+00  0.13609083E+01
  0.55135000E+00  0.13609100E+01
  0.55145000E+00  0.13609105E+01
  0.55155000E+00  0.13609103E+01
  0.55165000E+00  0.13609099E+01
  0.55175000E+00  0.13609086E+01
  0.55185000E+00  0.13609070E+01
  0.55195000E+00  0.13609063E+01
  0.55205000E+00  0.13609062E+01
  0.55215000E+00  0.13609063E+01
  0.55225000E+00  0.13609066E+01
  0.55235000E+00  0.13609070E+01
  0.55245000E+00  0.13609072E+01
  0.55255000E+00  0.13609070E+01
  0.55265000E+00  0.13609067E+01
  0.55275000E+00  0.13609055E+01
  0.55285000E+00  0.13609039E+01
  0.55295000E+00  0.13609029E+01
  0.55305000E+00  0.13609026E+01
  0.55315000E+00  0.13609026E+01
  0.55325000E+00  0.13609026E+01
  0.55335000E+00  0.13609026E+01
  0.55345000E+00  0.13609027E+01
  0.55355000E+00  0.13609027E+01
  0.55365000E+00  0.13609027E+01
  0.55375000E+00  0.13609029E+01
  0.55385000E+00  0.13609031E+01
  0.55395000E+00  0.13609044E+01
  0.55405000E+00  0.13609062E+01
  0.55415000E+00  0.13609086E+01
  0.55425000E+00  0.13609110E+01
  0.55435000E+00  0.13609118E+01
  0.55445000E+00  0.13609119E+01
  0.55455000E+00  0.13609114E+01
  0.55465000E+00  0.13609104E+01
  0.55475000E+00  0.13609085E+01
  0.55485000E+00  0.13609067E+01
  0.55495000E+00  0.13609064E+01
  0.55505000E+00  0.13609064E+01
  0.55515000E+00  0.13609066E+01
  0.55525000E+00  0.13609071E+01
  0.55535000E+00  0.13609074E+01
  0.55545000E+00  0.13609075E+01
  0.55555000E+00  0.13609070E+01
  0.55565000E+00  0.13609060E+01
  0.55575000E+00  0.13609041E+01
  0.55585000E+00  0.13609026E+01
  0.55595000E+00  0.13609024E+01
  0.55605000E+00  0.13609023E+01
  0.55615000E+00  0.13609025E+01
  0.55625000E+00  0.13609027E+01
  0.55635000E+00  0.13609029E+01
  0.55645000E+00  0.13609030E+01
  0.55655000E+00  0.13609030E+01
  0.55665000E+00  0.13609029E+01
  0.55675000E+00  0.13609031E+01
  0.55685000E+00  0.13609034E+01
  0.55695000E+00  0.13609051E+01
  0.55705000E+00  0.13609074E+01
  0.55715000E+00  0.13609099E+01
  0.55725000E+00  0.13609122E+01
  0.55735000E+00  0.13609128E+01
  0.55745000E+00  0.13609129E+01
  0.55755000E+00  0.13609125E+01
  0.55765000E+00  0.13609119E+01
  0.55775000E+00  0.13609091E+01
  0.55785000E+00  0.13609055E+01
  0.55795000E+00  0.13609014E+01
  0.55805000E+00  0.13608973E+01
  0.55815000E+00  0.13608956E+01
  0.55825000E+00  0.13608953E+01
  0.55835000E+00  0.13608955E+01
  0.55845000E+00  0.13608958E+01
  0.55855000E+00  0.13608981E+01
  0.55865000E+00  0.13609014E+01
  0.55875000E+00  0.13609054E+01
  0.55885000E+00  0.13609094E+01
  0.55895000E+00  0.13609111E+01
  0.55905000E+00  0.13609116E+01
  0.55915000E+00  0.13609113E+01
  0.55925000E+00  0.13609105E+01
  0.55935000E+00  0.13609083E+01
  0.55945000E+00  0.13609060E+01
  0.55955000E+00  0.13609053E+01
  0.55965000E+00  0.13609052E+01
  0.55975000E+00  0.13609056E+01
  0.55985000E+00  0.13609066E+01
  0.55995000E+00  0.13609079E+01
  0.56005000E+00  0.13609086E+01
  0.56015000E+00  0.13609083E+01
  0.56025000E+00  0.13609075E+01
  0.56035000E+00  0.13609050E+01
  0.56045000E+00  0.13609025E+01
  0.56055000E+00  0.13609020E+01
  0.56065000E+00  0.13609019E+01
  0.56075000E+00  0.13609022E+01
  0.56085000E+00  0.13609028E+01
  0.56095000E+00  0.13609031E+01
  0.56105000E+00  0.13609031E+01
  0.56115000E+00  0.13609026E+01
  0.56125000E+00  0.13609022E+01
  0.56135000E+00  0.13609022E+01
  0.56145000E+00  0.13609022E+01
  0.56155000E+00  0.13609039E+01
  0.56165000E+00  0.13609064E+01
  0.56175000E+00  0.13609095E+01
  0.56185000E+00  0.13609123E+01
  0.56195000E+00  0.13609131E+01
  0.56205000E+00  0.13609131E+01
  0.56215000E+00  0.13609123E+01
  0.56225000E+00  0.13609104E+01
  0.56235000E+00  0.13609074E+01
  0.56245000E+00  0.13609053E+01
  0.56255000E+00  0.13609051E+01
  0.56265000E+00  0.13609051E+01
  0.56275000E+00  0.13609062E+01
  0.56285000E+00  0.13609081E+01
  0.56295000E+00  0.13609094E+01
  0.56305000E+00  0.13609098E+01
  0.56315000E+00  0.13609086E+01
  0.56325000E+00  0.13609059E+01
  0.56335000E+00  0.13609024E+01
  0.56345000E+00  0.13609009E+01
  0.56355000E+00  0.13609009E+01
  0.56365000E+00  0.13609013E+01
  0.56375000E+00  0.13609027E+01
  0.56385000E+00  0.13609042E+01
  0.56395000E+00  0.13609043E+01
  0.56405000E+00  0.13609038E+01
  0.56415000E+00  0.13609023E+01
  0.56425000E+00  0.13609015E+01
  0.56435000E+00  0.13609017E+01
  0.56445000E+00  0.13609023E+01
  0.56455000E+00  0.13609051E+01
  0.56465000E+00  0.13609087E+01
  0.56475000E+00  0.13609114E+01
  0.56485000E+00  0.13609133E+01
  0.56495000E+00  0.13609134E+01
  0.56505000E+00  0.13609133E+01
  0.56515000E+00  0.13609126E+01
  0.56525000E+00  0.13609116E+01
  0.56535000E+00  0.13609089E+01
  0.56545000E+00  0.13609057E+01
  0.56555000E+00  0.13609016E+01
  0.56565000E+00  0.13608972E+01
  0.56575000E+00  0.13608946E+01
  0.56585000E+00  0.13608937E+01
  0.56595000E+00  0.13608938E+01
  0.56605000E+00  0.13608943E+01
  0.56615000E+00  0.13608979E+01
  0.56625000E+00  0.13609028E+01
  0.56635000E+00  0.13609072E+01
  0.56645000E+00  0.13609109E+01
  0.56655000E+00  0.13609118E+01
  0.56665000E+00  0.13609122E+01
  0.56675000E+00  0.13609119E+01
  0.56685000E+00  0.13609116E+01
  0.56695000E+00  0.13609094E+01
  0.56705000E+00  0.13609057E+01
  0.56715000E+00  0.13609030E+01
  0.56725000E+00  0.13609021E+01
  0.56735000E+00  0.13609032E+01
  0.56745000E+00  0.13609060E+01
  0.56755000E+00  0.13609103E+01
  0.56765000E+00  0.13609132E+01
  0.56775000E+00  0.13609121E+01
  0.56785000E+00  0.13609092E+01
  0.56795000E+00  0.13609030E+01
  0.56805000E+00  0.13608991E+01
  0.56815000E+00  0.13608988E+01
  0.56825000E+00  0.13608987E+01
  0.56835000E+00  0.13609014E+01
  0.56845000E+00  0.13609054E+01
  0.56855000E+00  0.13609073E+01
  0.56865000E+00  0.13609072E+01
  0.56875000E+00  0.13609030E+01
  0.56885000E+00  0.13608983E+01
  0.56895000E+00  0.13608977E+01
  0.56905000E+00  0.13608981E+01
  0.56915000E+00  0.13609035E+01
  0.56925000E+00  0.13609105E+01
  0.56935000E+00  0.13609131E+01
  0.56945000E+00  0.13609128E+01
  0.56955000E+00  0.13609118E+01
  0.56965000E+00  0.13609118E+01
  0.56975000E+00  0.13609136E+01
  0.56985000E+00  0.13609144E+01
  0.56995000E+00  0.13609110E+01
  0.57005000E+00  0.13609039E+01
  0.57015000E+00  0.13608991E+01
  0.57025000E+00  0.13608976E+01
  0.57035000E+00  0.13609035E+01
  0.57045000E+00  0.13609121E+01
  0.57055000E+00  0.13609165E+01
  0.57065000E+00  0.13609175E+01
  0.57075000E+00  0.13609116E+01
  0.57085000E+00  0.13609034E+01
  0.57095000E+00  0.13608984E+01
  0.57105000E+00  0.13608953E+01
  0.57115000E+00  0.13608969E+01
  0.57125000E+00  0.13608986E+01
  0.57135000E+00  0.13609022E+01
  0.57145000E+00  0.13609084E+01
  0.57155000E+00  0.13609122E+01
  0.57165000E+00  0.13609125E+01
  0.57175000E+00  0.13609017E+01
  0.57185000E+00  0.13608894E+01
  0.57195000E+00  0.13608903E+01
  0.57205000E+00  0.13608974E+01
  0.57215000E+00  0.13609088E+01
  0.57225000E+00  0.13609164E+01
  0.57235000E+00  0.13609168E+01
  0.57245000E+00  0.13609143E+01
  0.57255000E+00  0.13609099E+01
  0.57265000E+00  0.13609078E+01
  0.57275000E+00  0.13609091E+01
  0.57285000E+00  0.13609159E+01
  0.57295000E+00  0.13609217E+01
  0.57305000E+00  0.13609196E+01
  0.57315000E+00  0.13609131E+01
  0.57325000E+00  0.13609013E+01
  0.57335000E+00  0.13608939E+01
  0.57345000E+00  0.13608962E+01
  0.57355000E+00  0.13609001E+01
  0.57365000E+00  0.13609022E+01
  0.57375000E+00  0.13608998E+01
  0.57385000E+00  0.13608897E+01
  0.57395000E+00  0.13608814E+01
  0.57405000E+00  0.13608828E+01
  0.57415000E+00  0.13608883E+01
  0.57425000E+00  0.13609009E+01
  0.57435000E+00  0.13609108E+01
  0.57445000E+00  0.13609143E+01
  0.57455000E+00  0.13609158E+01
  0.57465000E+00  0.13609124E+01
  0.57475000E+00  0.13609086E+01
  0.57485000E+00  0.13609063E+01
  0.57495000E+00  0.13609065E+01
  0.57505000E+00  0.13609133E+01
  0.57515000E+00  0.13609202E+01
  0.57525000E+00  0.13609206E+01
  0.57535000E+00  0.13609159E+01
  0.57545000E+00  0.13609020E+01
  0.57555000E+00  0.13608908E+01
  0.57565000E+00  0.13608897E+01
  0.57575000E+00  0.13608927E+01
  0.57585000E+00  0.13609039E+01
  0.57595000E+00  0.13609134E+01
  0.57605000E+00  0.13609179E+01
  0.57615000E+00  0.13609209E+01
  0.57625000E+00  0.13609191E+01
  0.57635000E+00  0.13609158E+01
  0.57645000E+00  0.13609070E+01
  0.57655000E+00  0.13608989E+01
  0.57665000E+00  0.13608952E+01
  0.57675000E+00  0.13608939E+01
  0.57685000E+00  0.13608960E+01
  0.57695000E+00  0.13608972E+01
  0.57705000E+00  0.13608977E+01
  0.57715000E+00  0.13608993E+01
  0.57725000E+00  0.13609061E+01
  0.57735000E+00  0.13609134E+01
  0.57745000E+00  0.13609160E+01
  0.57755000E+00  0.13609140E+01
  0.57765000E+00  0.13609011E+01
  0.57775000E+00  0.13608892E+01
  0.57785000E+00  0.13608862E+01
  0.57795000E+00  0.13608878E+01
  0.57805000E+00  0.13608996E+01
  0.57815000E+00  0.13609106E+01
  0.57825000E+00  0.13609160E+01
  0.57835000E+00  0.13609187E+01
  0.57845000E+00  0.13609160E+01
  0.57855000E+00  0.13609121E+01
  0.57865000E+00  0.13609080E+01
  0.57875000E+00  0.13609063E+01
  0.57885000E+00  0.13609112E+01
  0.57895000E+00  0.13609184E+01
  0.57905000E+00  0.13609223E+01
  0.57915000E+00  0.13609212E+01
  0.57925000E+00  0.13609086E+01
  0.57935000E+00  0.13608969E+01
  0.57945000E+00  0.13608941E+01
  0.57955000E+00  0.13608955E+01
  0.57965000E+00  0.13609013E+01
  0.57975000E+00  0.13609036E+01
  0.57985000E+00  0.13608966E+01
  0.57995000E+00  0.13608873E+01
  0.58005000E+00  0.13608822E+01
  0.58015000E+00  0.13608819E+01
  0.58025000E+00  0.13608928E+01
  0.58035000E+00  0.13609043E+01
  0.58045000E+00  0.13609121E+01
  0.58055000E+00  0.13609163E+01
  0.58065000E+00  0.13609150E+01
  0.58075000E+00  0.13609123E+01
  0.58085000E+00  0.13609078E+01
  0.58095000E+00  0.13609052E+01
  0.58105000E+00  0.13609085E+01
  0.58115000E+00  0.13609149E+01
  0.58125000E+00  0.13609207E+01
  0.58135000E+00  0.13609224E+01
  0.58145000E+00  0.13609117E+01
  0.58155000E+00  0.13608986E+01
  0.58165000E+00  0.13608910E+01
  0.58175000E+00  0.13608885E+01
  0.58185000E+00  0.13608970E+01
  0.58195000E+00  0.13609070E+01
  0.58205000E+00  0.13609148E+01
  0.58215000E+00  0.13609197E+01
  0.58225000E+00  0.13609199E+01
  0.58235000E+00  0.13609195E+01
  0.58245000E+00  0.13609131E+01
  0.58255000E+00  0.13609052E+01
  0.58265000E+00  0.13608978E+01
  0.58275000E+00  0.13608935E+01
  0.58285000E+00  0.13608948E+01
  0.58295000E+00  0.13608966E+01
  0.58305000E+00  0.13608977E+01
  0.58315000E+00  0.13608980E+01
  0.58325000E+00  0.13609016E+01
  0.58335000E+00  0.13609077E+01
  0.58345000E+00  0.13609142E+01
  0.58355000E+00  0.13609174E+01
  0.58365000E+00  0.13609095E+01
  0.58375000E+00  0.13608974E+01
  0.58385000E+00  0.13608879E+01
  0.58395000E+00  0.13608839E+01
  0.58405000E+00  0.13608918E+01
  0.58415000E+00  0.13609023E+01
  0.58425000E+00  0.13609119E+01
  0.58435000E+00  0.13609178E+01
  0.58445000E+00  0.13609174E+01
  0.58455000E+00  0.13609160E+01
  0.58465000E+00  0.13609112E+01
  0.58475000E+00  0.13609072E+01
  0.58485000E+00  0.13609079E+01
  0.58495000E+00  0.13609122E+01
  0.58505000E+00  0.13609196E+01
  0.58515000E+00  0.13609237E+01
  0.58525000E+00  0.13609174E+01
  0.58535000E+00  0.13609052E+01
  0.58545000E+00  0.13608936E+01
  0.58555000E+00  0.13608881E+01
  0.58565000E+00  0.13608934E+01
  0.58575000E+00  0.13609024E+01
  0.58585000E+00  0.13609121E+01
  0.58595000E+00  0.13609184E+01
  0.58605000E+00  0.13609194E+01
  0.58615000E+00  0.13609202E+01
  0.58625000E+00  0.13609157E+01
  0.58635000E+00  0.13609089E+01
  0.58645000E+00  0.13608999E+01
  0.58655000E+00  0.13608937E+01
  0.58665000E+00  0.13608939E+01
  0.58675000E+00  0.13608954E+01
  0.58685000E+00  0.13608976E+01
  0.58695000E+00  0.13608980E+01
  0.58705000E+00  0.13608993E+01
  0.58715000E+00  0.13609035E+01
  0.58725000E+00  0.13609118E+01
  0.58735000E+00  0.13609175E+01
  0.58745000E+00  0.13609145E+01
  0.58755000E+00  0.13609048E+01
  0.58765000E+00  0.13608914E+01
  0.58775000E+00  0.13608838E+01
  0.58785000E+00  0.13608881E+01
  0.58795000E+00  0.13608968E+01
  0.58805000E+00  0.13609087E+01
  0.58815000E+00  0.13609166E+01
  0.58825000E+00  0.13609174E+01
  0.58835000E+00  0.13609175E+01
  0.58845000E+00  0.13609131E+01
  0.58855000E+00  0.13609084E+01
  0.58865000E+00  0.13609068E+01
  0.58875000E+00  0.13609084E+01
  0.58885000E+00  0.13609171E+01
  0.58895000E+00  0.13609239E+01
  0.58905000E+00  0.13609215E+01
  0.58915000E+00  0.13609126E+01
  0.58925000E+00  0.13608988E+01
  0.58935000E+00  0.13608914E+01
  0.58945000E+00  0.13608949E+01
  0.58955000E+00  0.13609010E+01
  0.58965000E+00  0.13609037E+01
  0.58975000E+00  0.13609006E+01
  0.58985000E+00  0.13608887E+01
  0.58995000E+00  0.13608802E+01
  0.59005000E+00  0.13608818E+01
  0.59015000E+00  0.13608890E+01
  0.59025000E+00  0.13609025E+01
  0.59035000E+00  0.13609124E+01
  0.59045000E+00  0.13609149E+01
  0.59055000E+00  0.13609162E+01
  0.59065000E+00  0.13609126E+01
  0.59075000E+00  0.13609085E+01
  0.59085000E+00  0.13609057E+01
  0.59095000E+00  0.13609057E+01
  0.59105000E+00  0.13609136E+01
  0.59115000E+00  0.13609221E+01
  0.59125000E+00  0.13609225E+01
  0.59135000E+00  0.13609170E+01
  0.59145000E+00  0.13609010E+01
  0.59155000E+00  0.13608883E+01
  0.59165000E+00  0.13608885E+01
  0.59175000E+00  0.13608931E+01
  0.59185000E+00  0.13609055E+01
  0.59195000E+00  0.13609152E+01
  0.59205000E+00  0.13609185E+01
  0.59215000E+00  0.13609207E+01
  0.59225000E+00  0.13609193E+01
  0.59235000E+00  0.13609159E+01
  0.59245000E+00  0.13609064E+01
  0.59255000E+00  0.13608977E+01
  0.59265000E+00  0.13608944E+01
  0.59275000E+00  0.13608937E+01
  0.59285000E+00  0.13608967E+01
  0.59295000E+00  0.13608983E+01
  0.59305000E+00  0.13608980E+01
  0.59315000E+00  0.13608988E+01
  0.59325000E+00  0.13609059E+01
  0.59335000E+00  0.13609143E+01
  0.59345000E+00  0.13609173E+01
  0.59355000E+00  0.13609149E+01
  0.59365000E+00  0.13609001E+01
  0.59375000E+00  0.13608867E+01
  0.59385000E+00  0.13608842E+01
  0.59395000E+00  0.13608871E+01
  0.59405000E+00  0.13609006E+01
  0.59415000E+00  0.13609121E+01
  0.59425000E+00  0.13609166E+01
  0.59435000E+00  0.13609189E+01
  0.59445000E+00  0.13609163E+01
  0.59455000E+00  0.13609122E+01
  0.59465000E+00  0.13609078E+01
  0.59475000E+00  0.13609056E+01
  0.59485000E+00  0.13609107E+01
  0.59495000E+00  0.13609190E+01
  0.59505000E+00  0.13609238E+01
  0.59515000E+00  0.13609228E+01
  0.59525000E+00  0.13609077E+01
  0.59535000E+00  0.13608929E+01
  0.59545000E+00  0.13608882E+01
  0.59555000E+00  0.13608893E+01
  0.59565000E+00  0.13609015E+01
  0.59575000E+00  0.13609122E+01
  0.59585000E+00  0.13609171E+01
  0.59595000E+00  0.13609197E+01
  0.59605000E+00  0.13609195E+01
  0.59615000E+00  0.13609183E+01
  0.59625000E+00  0.13609102E+01
  0.59635000E+00  0.13609009E+01
  0.59645000E+00  0.13608948E+01
  0.59655000E+00  0.13608925E+01
  0.59665000E+00  0.13608955E+01
  0.59675000E+00  0.13608984E+01
  0.59685000E+00  0.13608984E+01
  0.59695000E+00  0.13608980E+01
  0.59705000E+00  0.13609019E+01
  0.59715000E+00  0.13609098E+01
  0.59725000E+00  0.13609167E+01
  0.59735000E+00  0.13609188E+01
  0.59745000E+00  0.13609068E+01
  0.59755000E+00  0.13608924E+01
  0.59765000E+00  0.13608851E+01
  0.59775000E+00  0.13608840E+01
  0.59785000E+00  0.13608958E+01
  0.59795000E+00  0.13609077E+01
  0.59805000E+00  0.13609148E+01
  0.59815000E+00  0.13609186E+01
  0.59825000E+00  0.13609173E+01
  0.59835000E+00  0.13609149E+01
  0.59845000E+00  0.13609096E+01
  0.59855000E+00  0.13609058E+01
  0.59865000E+00  0.13609081E+01
  0.59875000E+00  0.13609146E+01
  0.59885000E+00  0.13609224E+01
  0.59895000E+00  0.13609253E+01
  0.59905000E+00  0.13609141E+01
  0.59915000E+00  0.13608997E+01
  0.59925000E+00  0.13608923E+01
  0.59935000E+00  0.13608918E+01
  0.59945000E+00  0.13609004E+01
  0.59955000E+00  0.13609061E+01
  0.59965000E+00  0.13609013E+01
  0.59975000E+00  0.13608905E+01
  0.59985000E+00  0.13608813E+01
  0.59995000E+00  0.13608783E+01
  0.60005000E+00  0.13608885E+01
  0.60015000E+00  0.13609010E+01
  0.60025000E+00  0.13609105E+01
  0.60035000E+00  0.13609159E+01
  0.60045000E+00  0.13609156E+01
  0.60055000E+00  0.13609147E+01
  0.60065000E+00  0.13609098E+01
  0.60075000E+00  0.13609051E+01
  0.60085000E+00  0.13609060E+01
  0.60095000E+00  0.13609108E+01
  0.60105000E+00  0.13609198E+01
  0.60115000E+00  0.13609249E+01
  0.60125000E+00  0.13609173E+01
  0.60135000E+00  0.13609035E+01
  0.60145000E+00  0.13608909E+01
  0.60155000E+00  0.13608856E+01
  0.60165000E+00  0.13608931E+01
  0.60175000E+00  0.13609041E+01
  0.60185000E+00  0.13609137E+01
  0.60195000E+00  0.13609192E+01
  0.60205000E+00  0.13609198E+01
  0.60215000E+00  0.13609207E+01
  0.60225000E+00  0.13609164E+01
  0.60235000E+00  0.13609091E+01
  0.60245000E+00  0.13608992E+01
  0.60255000E+00  0.13608926E+01
  0.60265000E+00  0.13608936E+01
  0.60275000E+00  0.13608962E+01
  0.60285000E+00  0.13608986E+01
  0.60295000E+00  0.13608986E+01
  0.60305000E+00  0.13608990E+01
  0.60315000E+00  0.13609029E+01
  0.60325000E+00  0.13609122E+01
  0.60335000E+00  0.13609191E+01
  0.60345000E+00  0.13609148E+01
  0.60355000E+00  0.13609035E+01
  0.60365000E+00  0.13608887E+01
  0.60375000E+00  0.13608812E+01
  0.60385000E+00  0.13608873E+01
  0.60395000E+00  0.13608984E+01
  0.60405000E+00  0.13609105E+01
  0.60415000E+00  0.13609177E+01
  0.60425000E+00  0.13609179E+01
  0.60435000E+00  0.13609178E+01
  0.60445000E+00  0.13609132E+01
  0.60455000E+00  0.13609079E+01
  0.60465000E+00  0.13609057E+01
  0.60475000E+00  0.13609075E+01
  0.60485000E+00  0.13609175E+01
  0.60495000E+00  0.13609251E+01
  0.60505000E+00  0.13609232E+01
  0.60515000E+00  0.13609122E+01
  0.60525000E+00  0.13608948E+01
  0.60535000E+00  0.13608855E+01
  0.60545000E+00  0.13608894E+01
  0.60555000E+00  0.13608993E+01
  0.60565000E+00  0.13609113E+01
  0.60575000E+00  0.13609183E+01
  0.60585000E+00  0.13609188E+01
  0.60595000E+00  0.13609201E+01
  0.60605000E+00  0.13609180E+01
  0.60615000E+00  0.13609132E+01
  0.60625000E+00  0.13609025E+01
  0.60635000E+00  0.13608937E+01
  0.60645000E+00  0.13608927E+01
  0.60655000E+00  0.13608943E+01
  0.60665000E+00  0.13608980E+01
  0.60675000E+00  0.13608991E+01
  0.60685000E+00  0.13608977E+01
  0.60695000E+00  0.13608987E+01
  0.60705000E+00  0.13609083E+01
  0.60715000E+00  0.13609185E+01
  0.60725000E+00  0.13609190E+01
  0.60735000E+00  0.13609124E+01
  0.60745000E+00  0.13608945E+01
  0.60755000E+00  0.13608818E+01
  0.60765000E+00  0.13608844E+01
  0.60775000E+00  0.13608924E+01
  0.60785000E+00  0.13609066E+01
  0.60795000E+00  0.13609161E+01
  0.60805000E+00  0.13609172E+01
  0.60815000E+00  0.13609180E+01
  0.60825000E+00  0.13609148E+01
  0.60835000E+00  0.13609105E+01
  0.60845000E+00  0.13609064E+01
  0.60855000E+00  0.13609050E+01
  0.60865000E+00  0.13609132E+01
  0.60875000E+00  0.13609236E+01
  0.60885000E+00  0.13609256E+01
  0.60895000E+00  0.13609196E+01
  0.60905000E+00  0.13609013E+01
  0.60915000E+00  0.13608895E+01
  0.60925000E+00  0.13608907E+01
  0.60935000E+00  0.13608987E+01
  0.60945000E+00  0.13609065E+01
  0.60955000E+00  0.13609067E+01
  0.60965000E+00  0.13608925E+01
  0.60975000E+00  0.13608790E+01
  0.60985000E+00  0.13608783E+01
  0.60995000E+00  0.13608843E+01
  0.61005000E+00  0.13608999E+01
  0.61015000E+00  0.13609116E+01
  0.61025000E+00  0.13609145E+01
  0.61035000E+00  0.13609163E+01
  0.61045000E+00  0.13609143E+01
  0.61055000E+00  0.13609110E+01
  0.61065000E+00  0.13609063E+01
  0.61075000E+00  0.13609036E+01
  0.61085000E+00  0.13609092E+01
  0.61095000E+00  0.13609191E+01
  0.61105000E+00  0.13609248E+01
  0.61115000E+00  0.13609237E+01
  0.61125000E+00  0.13609062E+01
  0.61135000E+00  0.13608894E+01
  0.61145000E+00  0.13608857E+01
  0.61155000E+00  0.13608887E+01
  0.61165000E+00  0.13609033E+01
  0.61175000E+00  0.13609144E+01
  0.61185000E+00  0.13609175E+01
  0.61195000E+00  0.13609196E+01
  0.61205000E+00  0.13609195E+01
  0.61215000E+00  0.13609187E+01
  0.61225000E+00  0.13609103E+01
  0.61235000E+00  0.13609002E+01
  0.61245000E+00  0.13608937E+01
  0.61255000E+00  0.13608917E+01
  0.61265000E+00  0.13608961E+01
  0.61275000E+00  0.13608994E+01
  0.61285000E+00  0.13608991E+01
  0.61295000E+00  0.13608982E+01
  0.61305000E+00  0.13609012E+01
  0.61315000E+00  0.13609098E+01
  0.61325000E+00  0.13609180E+01
  0.61335000E+00  0.13609203E+01
  0.61345000E+00  0.13609064E+01
  0.61355000E+00  0.13608893E+01
  0.61365000E+00  0.13608822E+01
  0.61375000E+00  0.13608827E+01
  0.61385000E+00  0.13608975E+01
  0.61395000E+00  0.13609107E+01
  0.61405000E+00  0.13609159E+01
  0.61415000E+00  0.13609184E+01
  0.61425000E+00  0.13609172E+01
  0.61435000E+00  0.13609148E+01
  0.61445000E+00  0.13609090E+01
  0.61455000E+00  0.13609047E+01
  0.61465000E+00  0.13609064E+01
  0.61475000E+00  0.13609140E+01
  0.61485000E+00  0.13609241E+01
  0.61495000E+00  0.13609282E+01
  0.61505000E+00  0.13609146E+01
  0.61515000E+00  0.13608965E+01
  0.61525000E+00  0.13608865E+01
  0.61535000E+00  0.13608849E+01
  0.61545000E+00  0.13608989E+01
  0.61555000E+00  0.13609120E+01
  0.61565000E+00  0.13609169E+01
  0.61575000E+00  0.13609191E+01
  0.61585000E+00  0.13609193E+01
  0.61595000E+00  0.13609198E+01
  0.61605000E+00  0.13609140E+01
  0.61615000E+00  0.13609044E+01
  0.61625000E+00  0.13608948E+01
  0.61635000E+00  0.13608901E+01
  0.61645000E+00  0.13608939E+01
  0.61655000E+00  0.13608989E+01
  0.61665000E+00  0.13609000E+01
  0.61675000E+00  0.13608985E+01
  0.61685000E+00  0.13608987E+01
  0.61695000E+00  0.13609043E+01
  0.61705000E+00  0.13609161E+01
  0.61715000E+00  0.13609230E+01
  0.61725000E+00  0.13609139E+01
  0.61735000E+00  0.13608975E+01
  0.61745000E+00  0.13608845E+01
  0.61755000E+00  0.13608799E+01
  0.61765000E+00  0.13608917E+01
  0.61775000E+00  0.13609061E+01
  0.61785000E+00  0.13609142E+01
  0.61795000E+00  0.13609179E+01
  0.61805000E+00  0.13609173E+01
  0.61815000E+00  0.13609166E+01
  0.61825000E+00  0.13609121E+01
  0.61835000E+00  0.13609067E+01
  0.61845000E+00  0.13609057E+01
  0.61855000E+00  0.13609097E+01
  0.61865000E+00  0.13609214E+01
  0.61875000E+00  0.13609291E+01
  0.61885000E+00  0.13609209E+01
  0.61895000E+00  0.13609051E+01
  0.61905000E+00  0.13608908E+01
  0.61915000E+00  0.13608856E+01
  0.61925000E+00  0.13608971E+01
  0.61935000E+00  0.13609092E+01
  0.61945000E+00  0.13609068E+01
  0.61955000E+00  0.13608963E+01
  0.61965000E+00  0.13608812E+01
  0.61975000E+00  0.13608742E+01
  0.61985000E+00  0.13608838E+01
  0.61995000E+00  0.13608982E+01
  0.62005000E+00  0.13609096E+01
  0.62015000E+00  0.13609150E+01
  0.62025000E+00  0.13609148E+01
  0.62035000E+00  0.13609150E+01
  0.62045000E+00  0.13609114E+01
  0.62055000E+00  0.13609065E+01
  0.62065000E+00  0.13609038E+01
  0.62075000E+00  0.13609058E+01
  0.62085000E+00  0.13609178E+01
  0.62095000E+00  0.13609275E+01
  0.62105000E+00  0.13609240E+01
  0.62115000E+00  0.13609103E+01
  0.62125000E+00  0.13608913E+01
  0.62135000E+00  0.13608814E+01
  0.62145000E+00  0.13608881E+01
  0.62155000E+00  0.13609013E+01
  0.62165000E+00  0.13609131E+01
  0.62175000E+00  0.13609184E+01
  0.62185000E+00  0.13609181E+01
  0.62195000E+00  0.13609191E+01
  0.62205000E+00  0.13609182E+01
  0.62215000E+00  0.13609142E+01
  0.62225000E+00  0.13609023E+01
  0.62235000E+00  0.13608921E+01
  0.62245000E+00  0.13608916E+01
  0.62255000E+00  0.13608946E+01
  0.62265000E+00  0.13608995E+01
  0.62275000E+00  0.13609004E+01
  0.62285000E+00  0.13608975E+01
  0.62295000E+00  0.13608976E+01
  0.62305000E+00  0.13609083E+01
  0.62315000E+00  0.13609202E+01
  0.62325000E+00  0.13609207E+01
  0.62335000E+00  0.13609123E+01
  0.62345000E+00  0.13608916E+01
  0.62355000E+00  0.13608783E+01
  0.62365000E+00  0.13608826E+01
  0.62375000E+00  0.13608937E+01
  0.62385000E+00  0.13609089E+01
  0.62395000E+00  0.13609175E+01
  0.62405000E+00  0.13609174E+01
  0.62415000E+00  0.13609180E+01
  0.62425000E+00  0.13609155E+01
  0.62435000E+00  0.13609111E+01
  0.62445000E+00  0.13609053E+01
  0.62455000E+00  0.13609028E+01
  0.62465000E+00  0.13609124E+01
  0.62475000E+00  0.13609251E+01
  0.62485000E+00  0.13609284E+01
  0.62495000E+00  0.13609219E+01
  0.62505000E+00  0.13608994E+01
  0.62515000E+00  0.13608834E+01
  0.62525000E+00  0.13608849E+01
  0.62535000E+00  0.13608945E+01
  0.62545000E+00  0.13609102E+01
  0.62555000E+00  0.13609185E+01
  0.62565000E+00  0.13609183E+01
  0.62575000E+00  0.13609190E+01
  0.62585000E+00  0.13609192E+01
  0.62595000E+00  0.13609176E+01
  0.62605000E+00  0.13609067E+01
  0.62615000E+00  0.13608950E+01
  0.62625000E+00  0.13608907E+01
  0.62635000E+00  0.13608916E+01
  0.62645000E+00  0.13608985E+01
  0.62655000E+00  0.13609020E+01
  0.62665000E+00  0.13608991E+01
  0.62675000E+00  0.13608962E+01
  0.62685000E+00  0.13609024E+01
  0.62695000E+00  0.13609141E+01
  0.62705000E+00  0.13609218E+01
  0.62715000E+00  0.13609211E+01
  0.62725000E+00  0.13609013E+01
  0.62735000E+00  0.13608824E+01
  0.62745000E+00  0.13608807E+01
  0.62755000E+00  0.13608865E+01
  0.62765000E+00  0.13609037E+01
  0.62775000E+00  0.13609155E+01
  0.62785000E+00  0.13609163E+01
  0.62795000E+00  0.13609172E+01
  0.62805000E+00  0.13609180E+01
  0.62815000E+00  0.13609182E+01
  0.62825000E+00  0.13609095E+01
  0.62835000E+00  0.13608982E+01
  0.62845000E+00  0.13608915E+01
  0.62855000E+00  0.13608900E+01
  0.62865000E+00  0.13608967E+01
  0.62875000E+00  0.13609015E+01
  0.62885000E+00  0.13608998E+01
  0.62895000E+00  0.13608973E+01
  0.62905000E+00  0.13609010E+01
  0.62915000E+00  0.13609109E+01
  0.62925000E+00  0.13609204E+01
  0.62935000E+00  0.13609231E+01
  0.62945000E+00  0.13609058E+01
  0.62955000E+00  0.13608851E+01
  0.62965000E+00  0.13608791E+01
  0.62975000E+00  0.13608821E+01
  0.62985000E+00  0.13608998E+01
  0.62995000E+00  0.13609138E+01
  0.63005000E+00  0.13609165E+01
  0.63015000E+00  0.13609178E+01
  0.63025000E+00  0.13609168E+01
  0.63035000E+00  0.13609154E+01
  0.63045000E+00  0.13609095E+01
  0.63055000E+00  0.13609039E+01
  0.63065000E+00  0.13609059E+01
  0.63075000E+00  0.13609146E+01
  0.63085000E+00  0.13609258E+01
  0.63095000E+00  0.13609302E+01
  0.63105000E+00  0.13609153E+01
  0.63115000E+00  0.13608931E+01
  0.63125000E+00  0.13608830E+01
  0.63135000E+00  0.13608831E+01
  0.63145000E+00  0.13609000E+01
  0.63155000E+00  0.13609146E+01
  0.63165000E+00  0.13609176E+01
  0.63175000E+00  0.13609184E+01
  0.63185000E+00  0.13609181E+01
  0.63195000E+00  0.13609193E+01
  0.63205000E+00  0.13609151E+01
  0.63215000E+00  0.13609043E+01
  0.63225000E+00  0.13608932E+01
  0.63235000E+00  0.13608885E+01
  0.63245000E+00  0.13608936E+01
  0.63255000E+00  0.13609006E+01
  0.63265000E+00  0.13609010E+01
  0.63275000E+00  0.13608975E+01
  0.63285000E+00  0.13608970E+01
  0.63295000E+00  0.13609040E+01
  0.63305000E+00  0.13609184E+01
  0.63315000E+00  0.13609254E+01
  0.63325000E+00  0.13609145E+01
  0.63335000E+00  0.13608943E+01
  0.63345000E+00  0.13608805E+01
  0.63355000E+00  0.13608771E+01
  0.63365000E+00  0.13608924E+01
  0.63375000E+00  0.13609093E+01
  0.63385000E+00  0.13609159E+01
  0.63395000E+00  0.13609182E+01
  0.63405000E+00  0.13609171E+01
  0.63415000E+00  0.13609169E+01
  0.63425000E+00  0.13609122E+01
  0.63435000E+00  0.13609054E+01
  0.63445000E+00  0.13609030E+01
  0.63455000E+00  0.13609077E+01
  0.63465000E+00  0.13609234E+01
  0.63475000E+00  0.13609332E+01
  0.63485000E+00  0.13609234E+01
  0.63495000E+00  0.13609025E+01
  0.63505000E+00  0.13608859E+01
  0.63515000E+00  0.13608812E+01
  0.63525000E+00  0.13608979E+01
  0.63535000E+00  0.13609131E+01
  0.63545000E+00  0.13609098E+01
  0.63555000E+00  0.13608954E+01
  0.63565000E+00  0.13608782E+01
  0.63575000E+00  0.13608712E+01
  0.63585000E+00  0.13608845E+01
  0.63595000E+00  0.13609018E+01
  0.63605000E+00  0.13609115E+01
  0.63615000E+00  0.13609155E+01
  0.63625000E+00  0.13609150E+01
  0.63635000E+00  0.13609157E+01
  0.63645000E+00  0.13609125E+01
  0.63655000E+00  0.13609065E+01
  0.63665000E+00  0.13609017E+01
  0.63675000E+00  0.13609029E+01
  0.63685000E+00  0.13609182E+01
  0.63695000E+00  0.13609306E+01
  0.63705000E+00  0.13609268E+01
  0.63715000E+00  0.13609096E+01
  0.63725000E+00  0.13608875E+01
  0.63735000E+00  0.13608770E+01
  0.63745000E+00  0.13608872E+01
  0.63755000E+00  0.13609045E+01
  0.63765000E+00  0.13609160E+01
  0.63775000E+00  0.13609201E+01
  0.63785000E+00  0.13609182E+01
  0.63795000E+00  0.13609187E+01
  0.63805000E+00  0.13609187E+01
  0.63815000E+00  0.13609148E+01
  0.63825000E+00  0.13609014E+01
  0.63835000E+00  0.13608900E+01
  0.63845000E+00  0.13608903E+01
  0.63855000E+00  0.13608953E+01
  0.63865000E+00  0.13609013E+01
  0.63875000E+00  0.13609017E+01
  0.63885000E+00  0.13608967E+01
  0.63895000E+00  0.13608952E+01
  0.63905000E+00  0.13609077E+01
  0.63915000E+00  0.13609227E+01
  0.63925000E+00  0.13609236E+01
  0.63935000E+00  0.13609127E+01
  0.63945000E+00  0.13608881E+01
  0.63955000E+00  0.13608739E+01
  0.63965000E+00  0.13608813E+01
  0.63975000E+00  0.13608971E+01
  0.63985000E+00  0.13609123E+01
  0.63995000E+00  0.13609188E+01
  0.64005000E+00  0.13609174E+01
  0.64015000E+00  0.13609174E+01
  0.64025000E+00  0.13609159E+01
  0.64035000E+00  0.13609117E+01
  0.64045000E+00  0.13609043E+01
  0.64055000E+00  0.13609006E+01
  0.64065000E+00  0.13609115E+01
  0.64075000E+00  0.13609268E+01
  0.64085000E+00  0.13609312E+01
  0.64095000E+00  0.13609236E+01
  0.64105000E+00  0.13608968E+01
  0.64115000E+00  0.13608779E+01
  0.64125000E+00  0.13608823E+01
  0.64135000E+00  0.13608967E+01
  0.64145000E+00  0.13609135E+01
  0.64155000E+00  0.13609205E+01
  0.64165000E+00  0.13609180E+01
  0.64175000E+00  0.13609172E+01
  0.64185000E+00  0.13609190E+01
  0.64195000E+00  0.13609188E+01
  0.64205000E+00  0.13609066E+01
  0.64215000E+00  0.13608928E+01
  0.64225000E+00  0.13608884E+01
  0.64235000E+00  0.13608907E+01
  0.64245000E+00  0.13609002E+01
  0.64255000E+00  0.13609044E+01
  0.64265000E+00  0.13608986E+01
  0.64275000E+00  0.13608933E+01
  0.64285000E+00  0.13609009E+01
  0.64295000E+00  0.13609157E+01
  0.64305000E+00  0.13609253E+01
  0.64315000E+00  0.13609237E+01
  0.64325000E+00  0.13608985E+01
  0.64335000E+00  0.13608766E+01
  0.64345000E+00  0.13608767E+01
  0.64355000E+00  0.13608874E+01
  0.64365000E+00  0.13609078E+01
  0.64375000E+00  0.13609187E+01
  0.64385000E+00  0.13609174E+01
  0.64395000E+00  0.13609163E+01
  0.64405000E+00  0.13609164E+01
  0.64415000E+00  0.13609154E+01
  0.64425000E+00  0.13609075E+01
  0.64435000E+00  0.13609004E+01
  0.64445000E+00  0.13609053E+01
  0.64455000E+00  0.13609194E+01
  0.64465000E+00  0.13609322E+01
  0.64475000E+00  0.13609333E+01
  0.64485000E+00  0.13609074E+01
  0.64495000E+00  0.13608819E+01
  0.64505000E+00  0.13608810E+01
  0.64515000E+00  0.13608921E+01
  0.64525000E+00  0.13609108E+01
  0.64535000E+00  0.13609178E+01
  0.64545000E+00  0.13608996E+01
  0.64555000E+00  0.13608763E+01
  0.64565000E+00  0.13608711E+01
  0.64575000E+00  0.13608776E+01
  0.64585000E+00  0.13608996E+01
  0.64595000E+00  0.13609147E+01
  0.64605000E+00  0.13609148E+01
  0.64615000E+00  0.13609144E+01
  0.64625000E+00  0.13609145E+01
  0.64635000E+00  0.13609150E+01
  0.64645000E+00  0.13609085E+01
  0.64655000E+00  0.13609008E+01
  0.64665000E+00  0.13609026E+01
  0.64675000E+00  0.13609132E+01
  0.64685000E+00  0.13609284E+01
  0.64695000E+00  0.13609343E+01
  0.64705000E+00  0.13609140E+01
  0.64715000E+00  0.13608877E+01
  0.64725000E+00  0.13608777E+01
  0.64735000E+00  0.13608809E+01
  0.64745000E+00  0.13609032E+01
  0.64755000E+00  0.13609192E+01
  0.64765000E+00  0.13609191E+01
  0.64775000E+00  0.13609172E+01
  0.64785000E+00  0.13609174E+01
  0.64795000E+00  0.13609201E+01
  0.64805000E+00  0.13609164E+01
  0.64815000E+00  0.13609047E+01
  0.64825000E+00  0.13608910E+01
  0.64835000E+00  0.13608854E+01
  0.64845000E+00  0.13608940E+01
  0.64855000E+00  0.13609037E+01
  0.64865000E+00  0.13609032E+01
  0.64875000E+00  0.13608971E+01
  0.64885000E+00  0.13608951E+01
  0.64895000E+00  0.13609029E+01
  0.64905000E+00  0.13609206E+01
  0.64915000E+00  0.13609297E+01
  0.64925000E+00  0.13609153E+01
  0.64935000E+00  0.13608903E+01
  0.64945000E+00  0.13608746E+01
  0.64955000E+00  0.13608732E+01
  0.64965000E+00  0.13608955E+01
  0.64975000E+00  0.13609144E+01
  0.64985000E+00  0.13609180E+01
  0.64995000E+00  0.13609174E+01
  0.65005000E+00  0.13609156E+01
  0.65015000E+00  0.13609169E+01
  0.65025000E+00  0.13609136E+01
  0.65035000E+00  0.13609053E+01
  0.65045000E+00  0.13609008E+01
  0.65055000E+00  0.13609061E+01
  0.65065000E+00  0.13609251E+01
  0.65075000E+00  0.13609373E+01
  0.65085000E+00  0.13609262E+01
  0.65095000E+00  0.13609005E+01
  0.65105000E+00  0.13608784E+01
  0.65115000E+00  0.13608731E+01
  0.65125000E+00  0.13608955E+01
  0.65135000E+00  0.13609158E+01
  0.65145000E+00  0.13609201E+01
  0.65155000E+00  0.13609185E+01
  0.65165000E+00  0.13609156E+01
  0.65175000E+00  0.13609181E+01
  0.65185000E+00  0.13609189E+01
  0.65195000E+00  0.13609119E+01
  0.65205000E+00  0.13608952E+01
  0.65215000E+00  0.13608845E+01
  0.65225000E+00  0.13608893E+01
  0.65235000E+00  0.13608998E+01
  0.65245000E+00  0.13609050E+01
  0.65255000E+00  0.13609018E+01
  0.65265000E+00  0.13608932E+01
  0.65275000E+00  0.13608938E+01
  0.65285000E+00  0.13609141E+01
  0.65295000E+00  0.13609295E+01
  0.65305000E+00  0.13609262E+01
  0.65315000E+00  0.13609053E+01
  0.65325000E+00  0.13608782E+01
  0.65335000E+00  0.13608676E+01
  0.65345000E+00  0.13608869E+01
  0.65355000E+00  0.13609085E+01
  0.65365000E+00  0.13609174E+01
  0.65375000E+00  0.13609185E+01
  0.65385000E+00  0.13609147E+01
  0.65395000E+00  0.13609153E+01
  0.65405000E+00  0.13609156E+01
  0.65415000E+00  0.13609111E+01
  0.65425000E+00  0.13609019E+01
  0.65435000E+00  0.13608987E+01
  0.65445000E+00  0.13609164E+01
  0.65455000E+00  0.13609362E+01
  0.65465000E+00  0.13609339E+01
  0.65475000E+00  0.13609161E+01
  0.65485000E+00  0.13608854E+01
  0.65495000E+00  0.13608699E+01
  0.65505000E+00  0.13608891E+01
  0.65515000E+00  0.13609133E+01
  0.65525000E+00  0.13609191E+01
  0.65535000E+00  0.13609082E+01
  0.65545000E+00  0.13608790E+01
  0.65555000E+00  0.13608621E+01
  0.65565000E+00  0.13608773E+01
  0.65575000E+00  0.13608986E+01
  0.65585000E+00  0.13609126E+01
  0.65595000E+00  0.13609168E+01
  0.65605000E+00  0.13609132E+01
  0.65615000E+00  0.13609134E+01
  0.65625000E+00  0.13609152E+01
  0.65635000E+00  0.13609126E+01
  0.65645000E+00  0.13609024E+01
  0.65655000E+00  0.13608961E+01
  0.65665000E+00  0.13609095E+01
  0.65675000E+00  0.13609291E+01
  0.65685000E+00  0.13609346E+01
  0.65695000E+00  0.13609242E+01
  0.65705000E+00  0.13608922E+01
  0.65715000E+00  0.13608713E+01
  0.65725000E+00  0.13608803E+01
  0.65735000E+00  0.13609004E+01
  0.65745000E+00  0.13609171E+01
  0.65755000E+00  0.13609219E+01
  0.65765000E+00  0.13609164E+01
  0.65775000E+00  0.13609150E+01
  0.65785000E+00  0.13609194E+01
  0.65795000E+00  0.13609212E+01
  0.65805000E+00  0.13609073E+01
  0.65815000E+00  0.13608899E+01
  0.65825000E+00  0.13608857E+01
  0.65835000E+00  0.13608906E+01
  0.65845000E+00  0.13609031E+01
  0.65855000E+00  0.13609077E+01
  0.65865000E+00  0.13608987E+01
  0.65875000E+00  0.13608913E+01
  0.65885000E+00  0.13608987E+01
  0.65895000E+00  0.13609172E+01
  0.65905000E+00  0.13609291E+01
  0.65915000E+00  0.13609263E+01
  0.65925000E+00  0.13608947E+01
  0.65935000E+00  0.13608709E+01
  0.65945000E+00  0.13608729E+01
  0.65955000E+00  0.13608899E+01
  0.65965000E+00  0.13609121E+01
  0.65975000E+00  0.13609212E+01
  0.65985000E+00  0.13609166E+01
  0.65995000E+00  0.13609143E+01
  0.66005000E+00  0.13609167E+01
  0.66015000E+00  0.13609177E+01
  0.66025000E+00  0.13609077E+01
  0.66035000E+00  0.13608969E+01
  0.66045000E+00  0.13609027E+01
  0.66055000E+00  0.13609199E+01
  0.66065000E+00  0.13609364E+01
  0.66075000E+00  0.13609382E+01
  0.66085000E+00  0.13609061E+01
  0.66095000E+00  0.13608738E+01
  0.66105000E+00  0.13608738E+01
  0.66115000E+00  0.13608888E+01
  0.66125000E+00  0.13609140E+01
  0.66135000E+00  0.13609247E+01
  0.66145000E+00  0.13609180E+01
  0.66155000E+00  0.13609133E+01
  0.66165000E+00  0.13609173E+01
  0.66175000E+00  0.13609225E+01
  0.66185000E+00  0.13609145E+01
  0.66195000E+00  0.13608972E+01
  0.66205000E+00  0.13608844E+01
  0.66215000E+00  0.13608835E+01
  0.66225000E+00  0.13608993E+01
  0.66235000E+00  0.13609092E+01
  0.66245000E+00  0.13609034E+01
  0.66255000E+00  0.13608917E+01
  0.66265000E+00  0.13608920E+01
  0.66275000E+00  0.13609068E+01
  0.66285000E+00  0.13609292E+01
  0.66295000E+00  0.13609373E+01
  0.66305000E+00  0.13609101E+01
  0.66315000E+00  0.13608768E+01
  0.66325000E+00  0.13608683E+01
  0.66335000E+00  0.13608771E+01
  0.66345000E+00  0.13609056E+01
  0.66355000E+00  0.13609217E+01
  0.66365000E+00  0.13609178E+01
  0.66375000E+00  0.13609134E+01
  0.66385000E+00  0.13609148E+01
  0.66395000E+00  0.13609187E+01
  0.66405000E+00  0.13609136E+01
  0.66415000E+00  0.13609014E+01
  0.66425000E+00  0.13608980E+01
  0.66435000E+00  0.13609087E+01
  0.66445000E+00  0.13609333E+01
  0.66455000E+00  0.13609450E+01
  0.66465000E+00  0.13609215E+01
  0.66475000E+00  0.13608851E+01
  0.66485000E+00  0.13608709E+01
  0.66495000E+00  0.13608779E+01
  0.66505000E+00  0.13609105E+01
  0.66515000E+00  0.13609292E+01
  0.66525000E+00  0.13609118E+01
  0.66535000E+00  0.13608804E+01
  0.66545000E+00  0.13608634E+01
  0.66555000E+00  0.13608657E+01
  0.66565000E+00  0.13608958E+01
  0.66575000E+00  0.13609166E+01
  0.66585000E+00  0.13609162E+01
  0.66595000E+00  0.13609122E+01
  0.66605000E+00  0.13609123E+01
  0.66615000E+00  0.13609161E+01
  0.66625000E+00  0.13609149E+01
  0.66635000E+00  0.13609049E+01
  0.66645000E+00  0.13608964E+01
  0.66655000E+00  0.13609006E+01
  0.66665000E+00  0.13609265E+01
  0.66675000E+00  0.13609445E+01
  0.66685000E+00  0.13609285E+01
  0.66695000E+00  0.13608959E+01
  0.66705000E+00  0.13608717E+01
  0.66715000E+00  0.13608676E+01
  0.66725000E+00  0.13608967E+01
  0.66735000E+00  0.13609223E+01
  0.66745000E+00  0.13609219E+01
  0.66755000E+00  0.13609161E+01
  0.66765000E+00  0.13609136E+01
  0.66775000E+00  0.13609185E+01
  0.66785000E+00  0.13609216E+01
  0.66795000E+00  0.13609144E+01
  0.66805000E+00  0.13608931E+01
  0.66815000E+00  0.13608800E+01
  0.66825000E+00  0.13608881E+01
  0.66835000E+00  0.13609038E+01
  0.66845000E+00  0.13609092E+01
  0.66855000E+00  0.13609035E+01
  0.66865000E+00  0.13608908E+01
  0.66875000E+00  0.13608891E+01
  0.66885000E+00  0.13609134E+01
  0.66895000E+00  0.13609354E+01
  0.66905000E+00  0.13609303E+01
  0.66915000E+00  0.13609031E+01
  0.66925000E+00  0.13608722E+01
  0.66935000E+00  0.13608616E+01
  0.66945000E+00  0.13608855E+01
  0.66955000E+00  0.13609148E+01
  0.66965000E+00  0.13609209E+01
  0.66975000E+00  0.13609178E+01
  0.66985000E+00  0.13609129E+01
  0.66995000E+00  0.13609158E+01
  0.67005000E+00  0.13609188E+01
  0.67015000E+00  0.13609134E+01
  0.67025000E+00  0.13608989E+01
  0.67035000E+00  0.13608918E+01
  0.67045000E+00  0.13609141E+01
  0.67055000E+00  0.13609423E+01
  0.67065000E+00  0.13609408E+01
  0.67075000E+00  0.13609160E+01
  0.67085000E+00  0.13608785E+01
  0.67095000E+00  0.13608617E+01
  0.67105000E+00  0.13608836E+01
  0.67115000E+00  0.13609157E+01
  0.67125000E+00  0.13609253E+01
  0.67135000E+00  0.13609213E+01
  0.67145000E+00  0.13609121E+01
  0.67155000E+00  0.13609138E+01
  0.67165000E+00  0.13609225E+01
  0.67175000E+00  0.13609231E+01
  0.67185000E+00  0.13609012E+01
  0.67195000E+00  0.13608794E+01
  0.67205000E+00  0.13608816E+01
  0.67215000E+00  0.13608954E+01
  0.67225000E+00  0.13609099E+01
  0.67235000E+00  0.13609101E+01
  0.67245000E+00  0.13608941E+01
  0.67255000E+00  0.13608846E+01
  0.67265000E+00  0.13608994E+01
  0.67275000E+00  0.13609294E+01
  0.67285000E+00  0.13609376E+01
  0.67295000E+00  0.13609222E+01
  0.67305000E+00  0.13608819E+01
  0.67315000E+00  0.13608617E+01
  0.67325000E+00  0.13608726E+01
  0.67335000E+00  0.13609033E+01
  0.67345000E+00  0.13609216E+01
  0.67355000E+00  0.13609228E+01
  0.67365000E+00  0.13609120E+01
  0.67375000E+00  0.13609107E+01
  0.67385000E+00  0.13609190E+01
  0.67395000E+00  0.13609200E+01
  0.67405000E+00  0.13609039E+01
  0.67415000E+00  0.13608932E+01
  0.67425000E+00  0.13609015E+01
  0.67435000E+00  0.13609301E+01
  0.67445000E+00  0.13609454E+01
  0.67455000E+00  0.13609359E+01
  0.67465000E+00  0.13608902E+01
  0.67475000E+00  0.13608638E+01
  0.67485000E+00  0.13608723E+01
  0.67495000E+00  0.13609055E+01
  0.67505000E+00  0.13609292E+01
  0.67515000E+00  0.13609264E+01
  0.67525000E+00  0.13608842E+01
  0.67535000E+00  0.13608571E+01
  0.67545000E+00  0.13608632E+01
  0.67555000E+00  0.13608906E+01
  0.67565000E+00  0.13609161E+01
  0.67575000E+00  0.13609227E+01
  0.67585000E+00  0.13609114E+01
  0.67595000E+00  0.13609074E+01
  0.67605000E+00  0.13609157E+01
  0.67615000E+00  0.13609209E+01
  0.67625000E+00  0.13609074E+01
  0.67635000E+00  0.13608915E+01
  0.67645000E+00  0.13608971E+01
  0.67655000E+00  0.13609201E+01
  0.67665000E+00  0.13609437E+01
  0.67675000E+00  0.13609453E+01
  0.67685000E+00  0.13609009E+01
  0.67695000E+00  0.13608633E+01
  0.67705000E+00  0.13608660E+01
  0.67715000E+00  0.13608907E+01
  0.67725000E+00  0.13609210E+01
  0.67735000E+00  0.13609305E+01
  0.67745000E+00  0.13609161E+01
  0.67755000E+00  0.13609079E+01
  0.67765000E+00  0.13609170E+01
  0.67775000E+00  0.13609268E+01
  0.67785000E+00  0.13609187E+01
  0.67795000E+00  0.13608959E+01
  0.67805000E+00  0.13608789E+01
  0.67815000E+00  0.13608789E+01
  0.67825000E+00  0.13609019E+01
  0.67835000E+00  0.13609164E+01
  0.67845000E+00  0.13609062E+01
  0.67855000E+00  0.13608871E+01
  0.67865000E+00  0.13608868E+01
  0.67875000E+00  0.13609053E+01
  0.67885000E+00  0.13609347E+01
  0.67895000E+00  0.13609453E+01
  0.67905000E+00  0.13609104E+01
  0.67915000E+00  0.13608655E+01
  0.67925000E+00  0.13608595E+01
  0.67935000E+00  0.13608772E+01
  0.67945000E+00  0.13609135E+01
  0.67955000E+00  0.13609297E+01
  0.67965000E+00  0.13609184E+01
  0.67975000E+00  0.13609078E+01
  0.67985000E+00  0.13609135E+01
  0.67995000E+00  0.13609233E+01
  0.68005000E+00  0.13609169E+01
  0.68015000E+00  0.13608979E+01
  0.68025000E+00  0.13608904E+01
  0.68035000E+00  0.13609042E+01
  0.68045000E+00  0.13609396E+01
  0.68055000E+00  0.13609569E+01
  0.68065000E+00  0.13609238E+01
  0.68075000E+00  0.13608748E+01
  0.68085000E+00  0.13608594E+01
  0.68095000E+00  0.13608732E+01
  0.68105000E+00  0.13609181E+01
  0.68115000E+00  0.13609408E+01
  0.68125000E+00  0.13609155E+01
  0.68135000E+00  0.13608721E+01
  0.68145000E+00  0.13608543E+01
  0.68155000E+00  0.13608627E+01
  0.68165000E+00  0.13609028E+01
  0.68175000E+00  0.13609260E+01
  0.68185000E+00  0.13609185E+01
  0.68195000E+00  0.13609064E+01
  0.68205000E+00  0.13609094E+01
  0.68215000E+00  0.13609206E+01
  0.68225000E+00  0.13609190E+01
  0.68235000E+00  0.13609030E+01
  0.68245000E+00  0.13608890E+01
  0.68255000E+00  0.13608939E+01
  0.68265000E+00  0.13609305E+01
  0.68275000E+00  0.13609541E+01
  0.68285000E+00  0.13609334E+01
  0.68295000E+00  0.13608896E+01
  0.68305000E+00  0.13608618E+01
  0.68315000E+00  0.13608616E+01
  0.68325000E+00  0.13609029E+01
  0.68335000E+00  0.13609334E+01
  0.68345000E+00  0.13609262E+01
  0.68355000E+00  0.13609097E+01
  0.68365000E+00  0.13609083E+01
  0.68375000E+00  0.13609206E+01
  0.68385000E+00  0.13609273E+01
  0.68395000E+00  0.13609164E+01
  0.68405000E+00  0.13608883E+01
  0.68415000E+00  0.13608723E+01
  0.68425000E+00  0.13608858E+01
  0.68435000E+00  0.13609089E+01
  0.68445000E+00  0.13609151E+01
  0.68455000E+00  0.13609049E+01
  0.68465000E+00  0.13608852E+01
  0.68475000E+00  0.13608822E+01
  0.68485000E+00  0.13609154E+01
  0.68495000E+00  0.13609454E+01
  0.68505000E+00  0.13609366E+01
  0.68515000E+00  0.13608989E+01
  0.68525000E+00  0.13608616E+01
  0.68535000E+00  0.13608517E+01
  0.68545000E+00  0.13608889E+01
  0.68555000E+00  0.13609281E+01
  0.68565000E+00  0.13609275E+01
  0.68575000E+00  0.13609134E+01
  0.68585000E+00  0.13609058E+01
  0.68595000E+00  0.13609154E+01
  0.68605000E+00  0.13609250E+01
  0.68615000E+00  0.13609170E+01
  0.68625000E+00  0.13608941E+01
  0.68635000E+00  0.13608849E+01
  0.68645000E+00  0.13609136E+01
  0.68655000E+00  0.13609509E+01
  0.68665000E+00  0.13609494E+01
  0.68675000E+00  0.13609151E+01
  0.68685000E+00  0.13608675E+01
  0.68695000E+00  0.13608498E+01
  0.68705000E+00  0.13608845E+01
  0.68715000E+00  0.13609280E+01
  0.68725000E+00  0.13609332E+01
  0.68735000E+00  0.13609192E+01
  0.68745000E+00  0.13609037E+01
  0.68755000E+00  0.13609095E+01
  0.68765000E+00  0.13609283E+01
  0.68775000E+00  0.13609297E+01
  0.68785000E+00  0.13608985E+01
  0.68795000E+00  0.13608727E+01
  0.68805000E+00  0.13608761E+01
  0.68815000E+00  0.13608965E+01
  0.68825000E+00  0.13609171E+01
  0.68835000E+00  0.13609168E+01
  0.68845000E+00  0.13608902E+01
  0.68855000E+00  0.13608752E+01
  0.68865000E+00  0.13608976E+01
  0.68875000E+00  0.13609368E+01
  0.68885000E+00  0.13609474E+01
  0.68895000E+00  0.13609256E+01
  0.68905000E+00  0.13608715E+01
  0.68915000E+00  0.13608452E+01
  0.68925000E+00  0.13608716E+01
  0.68935000E+00  0.13609139E+01
  0.68945000E+00  0.13609308E+01
  0.68955000E+00  0.13609250E+01
  0.68965000E+00  0.13609051E+01
  0.68975000E+00  0.13609049E+01
  0.68985000E+00  0.13609241E+01
  0.68995000E+00  0.13609286E+01
  0.69005000E+00  0.13609013E+01
  0.69015000E+00  0.13608819E+01
  0.69025000E+00  0.13608969E+01
  0.69035000E+00  0.13609360E+01
  0.69045000E+00  0.13609579E+01
  0.69055000E+00  0.13609440E+01
  0.69065000E+00  0.13608820E+01
  0.69075000E+00  0.13608446E+01
  0.69085000E+00  0.13608669E+01
  0.69095000E+00  0.13609128E+01
  0.69105000E+00  0.13609417E+01
  0.69115000E+00  0.13609348E+01
  0.69125000E+00  0.13608783E+01
  0.69135000E+00  0.13608406E+01
  0.69145000E+00  0.13608592E+01
  0.69155000E+00  0.13608972E+01
  0.69165000E+00  0.13609253E+01
  0.69175000E+00  0.13609269E+01
  0.69185000E+00  0.13609060E+01
  0.69195000E+00  0.13609009E+01
  0.69205000E+00  0.13609191E+01
  0.69215000E+00  0.13609300E+01
  0.69225000E+00  0.13609081E+01
  0.69235000E+00  0.13608817E+01
  0.69245000E+00  0.13608898E+01
  0.69255000E+00  0.13609214E+01
  0.69265000E+00  0.13609543E+01
  0.69275000E+00  0.13609558E+01
  0.69285000E+00  0.13608971E+01
  0.69295000E+00  0.13608482E+01
  0.69305000E+00  0.13608593E+01
  0.69315000E+00  0.13608947E+01
  0.69325000E+00  0.13609308E+01
  0.69335000E+00  0.13609371E+01
  0.69345000E+00  0.13609110E+01
  0.69355000E+00  0.13608992E+01
  0.69365000E+00  0.13609176E+01
  0.69375000E+00  0.13609350E+01
  0.69385000E+00  0.13609210E+01
  0.69395000E+00  0.13608911E+01
  0.69405000E+00  0.13608725E+01
  0.69415000E+00  0.13608756E+01
  0.69425000E+00  0.13609061E+01
  0.69435000E+00  0.13609244E+01
  0.69445000E+00  0.13609092E+01
  0.69455000E+00  0.13608817E+01
  0.69465000E+00  0.13608793E+01
  0.69475000E+00  0.13609024E+01
  0.69485000E+00  0.13609426E+01
  0.69495000E+00  0.13609575E+01
  0.69505000E+00  0.13609097E+01
  0.69515000E+00  0.13608526E+01
  0.69525000E+00  0.13608501E+01
  0.69535000E+00  0.13608776E+01
  0.69545000E+00  0.13609232E+01
  0.69555000E+00  0.13609393E+01
  0.69565000E+00  0.13609148E+01
  0.69575000E+00  0.13608985E+01
  0.69585000E+00  0.13609129E+01
  0.69595000E+00  0.13609311E+01
  0.69605000E+00  0.13609220E+01
  0.69615000E+00  0.13608949E+01
  0.69625000E+00  0.13608824E+01
  0.69635000E+00  0.13608987E+01
  0.69645000E+00  0.13609459E+01
  0.69655000E+00  0.13609701E+01
  0.69665000E+00  0.13609264E+01
  0.69675000E+00  0.13608629E+01
  0.69685000E+00  0.13608474E+01
  0.69695000E+00  0.13608693E+01
  0.69705000E+00  0.13609237E+01
  0.69715000E+00  0.13609476E+01
  0.69725000E+00  0.13609211E+01
  0.69735000E+00  0.13608956E+01
  0.69745000E+00  0.13609068E+01
  0.69755000E+00  0.13609310E+01
  0.69765000E+00  0.13609310E+01
  0.69775000E+00  0.13609081E+01
  0.69785000E+00  0.13608754E+01
  0.69795000E+00  0.13608640E+01
  0.69805000E+00  0.13608928E+01
  0.69815000E+00  0.13609230E+01
  0.69825000E+00  0.13609192E+01
  0.69835000E+00  0.13608968E+01
  0.69845000E+00  0.13608745E+01
  0.69855000E+00  0.13608798E+01
  0.69865000E+00  0.13609307E+01
  0.69875000E+00  0.13609629E+01
  0.69885000E+00  0.13609344E+01
  0.69895000E+00  0.13608761E+01
  0.69905000E+00  0.13608455E+01
  0.69915000E+00  0.13608515E+01
  0.69925000E+00  0.13609099E+01
  0.69935000E+00  0.13609448E+01
  0.69945000E+00  0.13609261E+01
  0.69955000E+00  0.13608994E+01
  0.69965000E+00  0.13609015E+01
  0.69975000E+00  0.13609240E+01
  0.69985000E+00  0.13609313E+01
  0.69995000E+00  0.13609133E+01
  0.70005000E+00  0.13608815E+01
  0.70015000E+00  0.13608763E+01
  0.70025000E+00  0.13609290E+01
  0.70035000E+00  0.13609732E+01
  0.70045000E+00  0.13609506E+01
  0.70055000E+00  0.13608923E+01
  0.70065000E+00  0.13608468E+01
  0.70075000E+00  0.13608422E+01
  0.70085000E+00  0.13609052E+01
  0.70095000E+00  0.13609566E+01
  0.70105000E+00  0.13609396E+01
  0.70115000E+00  0.13608883E+01
  0.70125000E+00  0.13608445E+01
  0.70135000E+00  0.13608368E+01
  0.70145000E+00  0.13608913E+01
  0.70155000E+00  0.13609382E+01
  0.70165000E+00  0.13609305E+01
  0.70175000E+00  0.13609019E+01
  0.70185000E+00  0.13608969E+01
  0.70195000E+00  0.13609160E+01
  0.70205000E+00  0.13609317E+01
  0.70215000E+00  0.13609212E+01
  0.70225000E+00  0.13608853E+01
  0.70235000E+00  0.13608698E+01
  0.70245000E+00  0.13609126E+01
  0.70255000E+00  0.13609635E+01
  0.70265000E+00  0.13609598E+01
  0.70275000E+00  0.13609118E+01
  0.70285000E+00  0.13608551E+01
  0.70295000E+00  0.13608363E+01
  0.70305000E+00  0.13608856E+01
  0.70315000E+00  0.13609434E+01
  0.70325000E+00  0.13609420E+01
  0.70335000E+00  0.13609116E+01
  0.70345000E+00  0.13608949E+01
  0.70355000E+00  0.13609092E+01
  0.70365000E+00  0.13609364E+01
  0.70375000E+00  0.13609368E+01
  0.70385000E+00  0.13608954E+01
  0.70395000E+00  0.13608631E+01
  0.70405000E+00  0.13608713E+01
  0.70415000E+00  0.13609009E+01
  0.70425000E+00  0.13609253E+01
  0.70435000E+00  0.13609230E+01
  0.70445000E+00  0.13608875E+01
  0.70455000E+00  0.13608623E+01
  0.70465000E+00  0.13608917E+01
  0.70475000E+00  0.13609483E+01
  0.70485000E+00  0.13609608E+01
  0.70495000E+00  0.13609267E+01
  0.70505000E+00  0.13608603E+01
  0.70515000E+00  0.13608280E+01
  0.70525000E+00  0.13608680E+01
  0.70535000E+00  0.13609296E+01
  0.70545000E+00  0.13609441E+01
  0.70555000E+00  0.13609212E+01
  0.70565000E+00  0.13608949E+01
  0.70575000E+00  0.13609004E+01
  0.70585000E+00  0.13609316E+01
  0.70595000E+00  0.13609371E+01
  0.70605000E+00  0.13609006E+01
  0.70615000E+00  0.13608718E+01
  0.70625000E+00  0.13608862E+01
  0.70635000E+00  0.13609431E+01
  0.70645000E+00  0.13609738E+01
  0.70655000E+00  0.13609496E+01
  0.70665000E+00  0.13608719E+01
  0.70675000E+00  0.13608279E+01
  0.70685000E+00  0.13608584E+01
  0.70695000E+00  0.13609229E+01
  0.70705000E+00  0.13609526E+01
  0.70715000E+00  0.13609327E+01
  0.70725000E+00  0.13608943E+01
  0.70735000E+00  0.13608913E+01
  0.70745000E+00  0.13609289E+01
  0.70755000E+00  0.13609458E+01
  0.70765000E+00  0.13609161E+01
  0.70775000E+00  0.13608713E+01
  0.70785000E+00  0.13608627E+01
  0.70795000E+00  0.13608806E+01
  0.70805000E+00  0.13609202E+01
  0.70815000E+00  0.13609338E+01
  0.70825000E+00  0.13609054E+01
  0.70835000E+00  0.13608644E+01
  0.70845000E+00  0.13608715E+01
  0.70855000E+00  0.13609175E+01
  0.70865000E+00  0.13609677E+01
  0.70875000E+00  0.13609611E+01
  0.70885000E+00  0.13608863E+01
  0.70895000E+00  0.13608287E+01
  0.70905000E+00  0.13608436E+01
  0.70915000E+00  0.13608976E+01
  0.70925000E+00  0.13609511E+01
  0.70935000E+00  0.13609438E+01
  0.70945000E+00  0.13608971E+01
  0.70955000E+00  0.13608837E+01
  0.70965000E+00  0.13609233E+01
  0.70975000E+00  0.13609413E+01
  0.70985000E+00  0.13609251E+01
  0.70995000E+00  0.13608768E+01
  0.71005000E+00  0.13608709E+01
  0.71015000E+00  0.13609068E+01
  0.71025000E+00  0.13609752E+01
  0.71035000E+00  0.13609814E+01
  0.71045000E+00  0.13609035E+01
  0.71055000E+00  0.13608326E+01
  0.71065000E+00  0.13608364E+01
  0.71075000E+00  0.13608828E+01
  0.71085000E+00  0.13609596E+01
  0.71095000E+00  0.13609700E+01
  0.71105000E+00  0.13608978E+01
  0.71115000E+00  0.13608312E+01
  0.71125000E+00  0.13608325E+01
  0.71135000E+00  0.13608685E+01
  0.71145000E+00  0.13609432E+01
  0.71155000E+00  0.13609520E+01
  0.71165000E+00  0.13609032E+01
  0.71175000E+00  0.13608760E+01
  0.71185000E+00  0.13609168E+01
  0.71195000E+00  0.13609371E+01
  0.71205000E+00  0.13609322E+01
  0.71215000E+00  0.13608882E+01
  0.71225000E+00  0.13608675E+01
  0.71235000E+00  0.13608810E+01
  0.71245000E+00  0.13609674E+01
  0.71255000E+00  0.13609903E+01
  0.71265000E+00  0.13609264E+01
  0.71275000E+00  0.13608416E+01
  0.71285000E+00  0.13608348E+01
  0.71295000E+00  0.13608558E+01
  0.71305000E+00  0.13609475E+01
  0.71315000E+00  0.13609659E+01
  0.71325000E+00  0.13609172E+01
  0.71335000E+00  0.13608700E+01
  0.71345000E+00  0.13609119E+01
  0.71355000E+00  0.13609370E+01
  0.71365000E+00  0.13609436E+01
  0.71375000E+00  0.13609044E+01
  0.71385000E+00  0.13608706E+01
  0.71395000E+00  0.13608453E+01
  0.71405000E+00  0.13609044E+01
  0.71415000E+00  0.13609272E+01
  0.71425000E+00  0.13609326E+01
  0.71435000E+00  0.13608931E+01
  0.71445000E+00  0.13608667E+01
  0.71455000E+00  0.13608528E+01
  0.71465000E+00  0.13609517E+01
  0.71475000E+00  0.13609817E+01
  0.71485000E+00  0.13609457E+01
  0.71495000E+00  0.13608532E+01
  0.71505000E+00  0.13608365E+01
  0.71515000E+00  0.13608264E+01
  0.71525000E+00  0.13609349E+01
  0.71535000E+00  0.13609621E+01
  0.71545000E+00  0.13609359E+01
  0.71555000E+00  0.13608648E+01
  0.71565000E+00  0.13609101E+01
  0.71575000E+00  0.13609224E+01
  0.71585000E+00  0.13609518E+01
  0.71595000E+00  0.13609082E+01
  0.71605000E+00  0.13608817E+01
  0.71615000E+00  0.13608368E+01
  0.71625000E+00  0.13609512E+01
  0.71635000E+00  0.13609879E+01
  0.71645000E+00  0.13609738E+01
  0.71655000E+00  0.13608645E+01
  0.71665000E+00  0.13608455E+01
  0.71675000E+00  0.13608034E+01
  0.71685000E+00  0.13609340E+01
  0.71695000E+00  0.13609683E+01
  0.71705000E+00  0.13609577E+01
  0.71715000E+00  0.13608556E+01
  0.71725000E+00  0.13609090E+01
  0.71735000E+00  0.13609057E+01
  0.71745000E+00  0.13609662E+01
  0.71755000E+00  0.13609120E+01
  0.71765000E+00  0.13609021E+01
  0.71775000E+00  0.13608162E+01
  0.71785000E+00  0.13609043E+01
  0.71795000E+00  0.13608965E+01
  0.71805000E+00  0.13609578E+01
  0.71815000E+00  0.13608950E+01
  0.71825000E+00  0.13609034E+01
  0.71835000E+00  0.13608042E+01
  0.71845000E+00  0.13609379E+01
  0.71855000E+00  0.13609620E+01
  0.71865000E+00  0.13609991E+01
  0.71875000E+00  0.13608608E+01
  0.71885000E+00  0.13608743E+01
  0.71895000E+00  0.13607693E+01
  0.71905000E+00  0.13609250E+01
  0.71915000E+00  0.13609405E+01
  0.71925000E+00  0.13609941E+01
  0.71935000E+00  0.13608385E+01
  0.71945000E+00  0.13609261E+01
  0.71955000E+00  0.13608692E+01
  0.71965000E+00  0.13609897E+01
  0.71975000E+00  0.13608938E+01
  0.71985000E+00  0.13609425E+01
  0.71995000E+00  0.13607805E+01
  0.72005000E+00  0.13607805E+01
  0.72015000E+00  0.13607805E+01
  0.72025000E+00  0.13607805E+01
  0.72035000E+00  0.13607805E+01
  0.72045000E+00  0.13607805E+01
  0.72055000E+00  0.13607805E+01
  0.72065000E+00  0.13607805E+01
  0.72075000E+00  0.13607805E+01
  0.72085000E+00  0.13607805E+01
  0.72095000E+00  0.13607805E+01
  0.72105000E+00  0.13607805E+01
  0.72115000E+00  0.13607805E+01
  0.72125000E+00  0.13607805E+01
  0.72135000E+00  0.13607805E+01
  0.72145000E+00  0.13607805E+01
  0.72155000E+00  0.13607805E+01
  0.72165000E+00  0.13607805E+01
  0.72175000E+00  0.13607805E+01
  0.72185000E+00  0.13607805E+01
  0.72195000E+00  0.13607805E+01
  0.72205000E+00  0.13607805E+01
  0.72215000E+00  0.13607805E+01
  0.72225000E+00  0.13607805E+01
  0.72235000E+00  0.13607805E+01
  0.72245000E+00  0.13607805E+01
  0.72255000E+00  0.13607805E+01
  0.72265000E+00  0.13607805E+01
  0.72275000E+00  0.13607805E+01
  0.72285000E+00  0.13607805E+01
  0.72295000E+00  0.13607805E+01
  0.72305000E+00  0.13607805E+01
  0.72315000E+00  0.13607805E+01
  0.72325000E+00  0.13607805E+01
  0.72335000E+00  0.13607805E+01
  0.72345000E+00  0.13607805E+01
  0.72355000E+00  0.13607805E+01
  0.72365000E+00  0.13607805E+01
  0.72375000E+00  0.13607805E+01
  0.72385000E+00  0.13607805E+01
  0.72395000E+00  0.13607805E+01
  0.72405000E+00  0.13607805E+01
  0.72415000E+00  0.13607805E+01
  0.72425000E+00  0.13607805E+01
  0.72435000E+00  0.13607805E+01
  0.72445000E+00  0.13607805E+01
  0.72455000E+00  0.13607805E+01
  0.72465000E+00  0.13607805E+01
  0.72475000E+00  0.13607805E+01
  0.72485000E+00  0.13607805E+01
  0.72495000E+00  0.13607805E+01
  0.72505000E+00  0.13607805E+01
  0.72515000E+00  0.13607805E+01
  0.72525000E+00  0.13607805E+01
  0.72535000E+00  0.13607805E+01
  0.72545000E+00  0.13607805E+01
  0.72555000E+00  0.13607805E+01
  0.72565000E+00  0.13607805E+01
  0.72575000E+00  0.13607805E+01
  0.72585000E+00  0.13607805E+01
  0.72595000E+00  0.13607805E+01
  0.72605000E+00  0.13607805E+01
  0.72615000E+00  0.13607805E+01
  0.72625000E+00  0.13607805E+01
  0.72635000E+00  0.13607805E+01
  0.72645000E+00  0.13607805E+01
  0.72655000E+00  0.13607805E+01
  0.72665000E+00  0.13607805E+01
  0.72675000E+00  0.13607805E+01
  0.72685000E+00  0.13607805E+01
  0.72695000E+00  0.13607805E+01
  0.72705000E+00  0.13607805E+01
  0.72715000E+00  0.13607805E+01
  0.72725000E+00  0.13607805E+01
  0.72735000E+00  0.13607805E+01
  0.72745000E+00  0.13607805E+01
  0.72755000E+00  0.13607805E+01
  0.72765000E+00  0.13607805E+01
  0.72775000E+00  0.13607805E+01
  0.72785000E+00  0.13607805E+01
  0.72795000E+00  0.13607805E+01
  0.72805000E+00  0.13607805E+01
  0.72815000E+00  0.13607805E+01
  0.72825000E+00  0.13607805E+01
  0.72835000E+00  0.13607805E+01
  0.72845000E+00  0.13607805E+01
  0.72865000E+00  0.13607805E+01
  0.72875000E+00  0.13607805E+01
  0.72885000E+00  0.13607805E+01
  0.72895000E+00  0.13607805E+01
  0.72905000E+00  0.13607805E+01
  0.72915000E+00  0.13607805E+01
  0.72925000E+00  0.13607805E+01
  0.72945000E+00  0.13607805E+01
  0.72955000E+00  0.13607805E+01
  0.72965000E+00  0.13607805E+01
  0.72975000E+00  0.13607805E+01
  0.72985000E+00  0.13607805E+01
  0.72995000E+00  0.13607805E+01
  0.73005000E+00  0.13607805E+01
  0.73015000E+00  0.13607805E+01
  0.73025000E+00  0.13607805E+01
  0.73035000E+00  0.13607805E+01
  0.73045000E+00  0.13607805E+01
  0.73055000E+00  0.13607805E+01
  0.73065000E+00  0.10077994E+01
  0.73075000E+00  0.30475935E+00
  0.73085000E+00  0.38567418E-02
  0.73095000E+00  0.74386257E-03
  0.73105000E+00  0.51506922E-04
  0.73115000E+00  0.99022074E-05
  0.73125000E+00  0.78670761E-06
  0.73135000E+00  0.12860699E-06
  0.73145000E+00  0.12704266E-07
  0.73155000E+00  0.26841675E-08
  0.73165000E+00  0.21323988E-09
  0.73175000E+00  0.41352705E-10
  0.73185000E+00  0.26520557E-11
  0.73195000E+00  0.63325438E-12
  0.73205000E+00 -0.27423195E-13
  0.73215000E+00  0.00000000E+00
  0.73225000E+00  0.00000000E+00
  0.73235000E+00  0.00000000E+00
  0.73245000E+00  0.00000000E+00
  0.73255000E+00  0.00000000E+00
  0.73265000E+00  0.00000000E+00
  0.73275000E+00  0.00000000E+00
  0.73285000E+00  0.00000000E+00
  0.73295000E+00  0.00000000E+00
  0.73305000E+00  0.00000000E+00
  0.73315000E+00  0.00000000E+00
  0.73325000E+00  0.00000000E+00
  0.73335000E+00  0.00000000E+00
  0.73345000E+00  0.00000000E+00
  0.73355000E+00  0.00000000E+00
  0.73365000E+00  0.00000000E+00
  0.73375000E+00  0.00000000E+00
  0.73385000E+00  0.00000000E+00
  0.73395000E+00  0.00000000E+00
  0.73405000E+00  0.00000000E+00
  0.73415000E+00  0.00000000E+00
  0.73425000E+00  0.00000000E+00
  0.73435000E+00  0.00000000E+00
  0.73445000E+00  0.00000000E+00
  0.73455000E+00  0.00000000E+00
  0.73465000E+00  0.00000000E+00
  0.73475000E+00  0.00000000E+00
  0.73485000E+00  0.00000000E+00
  0.73495000E+00  0.00000000E+00
  0.73505000E+00  0.00000000E+00
  0.73515000E+00  0.00000000E+00
  0.73525000E+00  0.00000000E+00
  0.73535000E+00  0.00000000E+00
  0.73545000E+00  0.00000000E+00
  0.73555000E+00  0.00000000E+00
  0.73565000E+00  0.00000000E+00
  0.73575000E+00  0.00000000E+00
  0.73585000E+00  0.00000000E+00
  0.73595000E+00  0.00000000E+00
  0.73605000E+00  0.00000000E+00
  0.73615000E+00  0.00000000E+00
  0.73625000E+00  0.00000000E+00
  0.73635000E+00  0.00000000E+00
  0.73645000E+00  0.00000000E+00
  0.73655000E+00  0.00000000E+00
  0.73665000E+00  0.00000000E+00
  0.73675000E+00  0.00000000E+00
  0.73685000E+00  0.00000000E+00
  0.73695000E+00  0.00000000E+00
  0.73705000E+00  0.00000000E+00
  0.73715000E+00  0.00000000E+00
  0.73725000E+00  0.00000000E+00
  0.73735000E+00  0.00000000E+00
  0.73745000E+00  0.00000000E+00
  0.73755000E+00  0.00000000E+00
  0.73765000E+00  0.00000000E+00
  0.73775000E+00  0.00000000E+00
  0.73785000E+00  0.00000000E+00
  0.73795000E+00  0.00000000E+00
  0.73805000E+00  0.00000000E+00
  0.73815000E+00  0.00000000E+00
  0.73825000E+00  0.00000000E+00
  0.73835000E+00  0.00000000E+00
  0.73845000E+00  0.00000000E+00
  0.73855000E+00  0.00000000E+00
  0.73865000E+00  0.00000000E+00
  0.73875000E+00  0.00000000E+00
  0.73885000E+00  0.00000000E+00
  0.73895000E+00  0.00000000E+00
  0.73905000E+00  0.00000000E+00
  0.73915000E+00  0.00000000E+00
  0.73925000E+00  0.00000000E+00
  0.73935000E+00  0.00000000E+00
  0.73945000E+00  0.00000000E+00
  0.73955000E+00  0.00000000E+00
  0.73965000E+00  0.00000000E+00
  0.73975000E+00  0.00000000E+00
  0.73985000E+00  0.00000000E+00
  0.73995000E+00  0.00000000E+00
  0.74005000E+00  0.00000000E+00
  0.74015000E+00  0.00000000E+00
  0.74025000E+00  0.00000000E+00
  0.74035000E+00  0.00000000E+00
  0.74045000E+00  0.00000000E+00
  0.74055000E+00  0.00000000E+00
  0.74065000E+00  0.00000000E+00
  0.74075000E+00  0.00000000E+00
  0.74085000E+00  0.00000000E+00
  0.74095000E+00  0.00000000E+00
  0.74105000E+00  0.00000000E+00
  0.74115000E+00  0.00000000E+00
  0.74125000E+00  0.00000000E+00
  0.74135000E+00  0.00000000E+00
  0.74145000E+00  0.00000000E+00
  0.74155000E+00  0.00000000E+00
  0.74165000E+00  0.00000000E+00
  0.74175000E+00  0.00000000E+00
  0.74185000E+00  0.00000000E+00
  0.74195000E+00  0.00000000E+00
  0.74205000E+00  0.00000000E+00
  0.74215000E+00  0.00000000E+00
  0.74225000E+00  0.00000000E+00
  0.74235000E+00  0.00000000E+00
  0.74245000E+00  0.00000000E+00
  0.74255000E+00  0.00000000E+00
  0.74265000E+00  0.00000000E+00
  0.74275000E+00  0.00000000E+00
  0.74285000E+00  0.00000000E+00
  0.74295000E+00  0.00000000E+00
  0.74305000E+00  0.00000000E+00
  0.74315000E+00  0.00000000E+00
  0.74325000E+00  0.00000000E+00
  0.74335000E+00  0.00000000E+00
  0.74345000E+00  0.00000000E+00
  0.74355000E+00  0.00000000E+00
  0.74365000E+00  0.00000000E+00
  0.74375000E+00  0.00000000E+00
  0.74385000E+00  0.00000000E+00
  0.74395000E+00  0.00000000E+00
  0.74405000E+00  0.00000000E+00
  0.74415000E+00  0.00000000E+00
  0.74425000E+00  0.00000000E+00
  0.74435000E+00  0.00000000E+00
  0.74445000E+00  0.00000000E+00
  0.74455000E+00  0.00000000E+00
  0.74465000E+00  0.00000000E+00
  0.74475000E+00  0.00000000E+00
  0.74485000E+00  0.00000000E+00
  0.74495000E+00  0.00000000E+00
  0.74505000E+00  0.00000000E+00
  0.74515000E+00  0.00000000E+00
  0.74525000E+00  0.00000000E+00
  0.74535000E+00  0.00000000E+00
  0.74545000E+00  0.00000000E+00
  0.74555000E+00  0.00000000E+00
  0.74565000E+00  0.00000000E+00
  0.74575000E+00  0.00000000E+00
  0.74585000E+00  0.00000000E+00
  0.74595000E+00  0.00000000E+00
  0.74605000E+00  0.00000000E+00
  0.74615000E+00  0.00000000E+00
  0.74625000E+00  0.00000000E+00
  0.74635000E+00  0.00000000E+00
  0.74645000E+00  0.00000000E+00
  0.74655000E+00  0.00000000E+00
  0.74665000E+00  0.00000000E+00
  0.74675000E+00  0.00000000E+00
  0.74685000E+00  0.00000000E+00
  0.74695000E+00  0.00000000E+00
  0.74705000E+00  0.00000000E+00
  0.74715000E+00  0.00000000E+00
  0.74725000E+00  0.00000000E+00
  0.74735000E+00  0.00000000E+00
  0.74745000E+00  0.00000000E+00
  0.74755000E+00  0.00000000E+00
  0.74765000E+00  0.00000000E+00
  0.74775000E+00  0.00000000E+00
  0.74785000E+00  0.00000000E+00
  0.74795000E+00  0.00000000E+00
  0.74805000E+00  0.00000000E+00
  0.74815000E+00  0.00000000E+00
  0.74825000E+00  0.00000000E+00
  0.74835000E+00  0.00000000E+00
  0.74845000E+00  0.00000000E+00
  0.74855000E+00  0.00000000E+00
  0.74865000E+00  0.00000000E+00
  0.74875000E+00  0.00000000E+00
  0.74885000E+00  0.00000000E+00
  0.74895000E+00  0.00000000E+00
  0.74905000E+00  0.00000000E+00
  0.74915000E+00  0.00000000E+00
  0.74925000E+00  0.00000000E+00
  0.74935000E+00  0.00000000E+00
  0.74945000E+00  0.00000000E+00
  0.74955000E+00  0.00000000E+00
  0.74965000E+00  0.00000000E+00
  0.74975000E+00  0.00000000E+00
  0.74985000E+00  0.00000000E+00
  0.74995000E+00  0.00000000E+00
  0.75005000E+00  0.00000000E+00
  0.75015000E+00  0.00000000E+00
  0.75025000E+00  0.00000000E+00
  0.75035000E+00  0.00000000E+00
  0.75045000E+00  0.00000000E+00
  0.75055000E+00  0.00000000E+00
  0.75065000E+00  0.00000000E+00
  0.75075000E+00  0.00000000E+00
  0.75085000E+00  0.00000000E+00
  0.75095000E+00  0.00000000E+00
  0.75105000E+00  0.00000000E+00
  0.75115000E+00  0.00000000E+00
  0.75125000E+00  0.00000000E+00
  0.75135000E+00  0.00000000E+00
  0.75145000E+00  0.00000000E+00
  0.75155000E+00  0.00000000E+00
  0.75165000E+00  0.00000000E+00
  0.75175000E+00  0.00000000E+00
  0.75185000E+00  0.00000000E+00
  0.75195000E+00  0.00000000E+00
  0.75205000E+00  0.00000000E+00
  0.75215000E+00  0.00000000E+00
  0.75225000E+00  0.00000000E+00
  0.75235000E+00  0.00000000E+00
  0.75245000E+00  0.00000000E+00
  0.75255000E+00  0.00000000E+00
  0.75265000E+00  0.00000000E+00
  0.75275000E+00  0.00000000E+00
  0.75285000E+00  0.00000000E+00
  0.75295000E+00  0.00000000E+00
  0.75305000E+00  0.00000000E+00
  0.75315000E+00  0.00000000E+00
  0.75325000E+00  0.00000000E+00
  0.75335000E+00  0.00000000E+00
  0.75345000E+00  0.00000000E+00
  0.75355000E+00  0.00000000E+00
  0.75365000E+00  0.00000000E+00
  0.75375000E+00  0.00000000E+00
  0.75385000E+00  0.00000000E+00
  0.75395000E+00  0.00000000E+00
  0.75405000E+00  0.00000000E+00
  0.75415000E+00  0.00000000E+00
  0.75425000E+00  0.00000000E+00
  0.75435000E+00  0.00000000E+00
  0.75445000E+00  0.00000000E+00
  0.75455000E+00  0.00000000E+00
  0.75465000E+00  0.00000000E+00
  0.75475000E+00  0.00000000E+00
  0.75485000E+00  0.00000000E+00
  0.75495000E+00  0.00000000E+00
  0.75505000E+00  0.00000000E+00
  0.75515000E+00  0.00000000E+00
  0.75525000E+00  0.00000000E+00
  0.75535000E+00  0.00000000E+00
  0.75545000E+00  0.00000000E+00
  0.75555000E+00  0.00000000E+00
  0.75565000E+00  0.00000000E+00
  0.75575000E+00  0.00000000E+00
  0.75585000E+00  0.00000000E+00
  0.75595000E+00  0.00000000E+00
  0.75605000E+00  0.00000000E+00
  0.75615000E+00  0.00000000E+00
  0.75625000E+00  0.00000000E+00
  0.75635000E+00  0.00000000E+00
  0.75645000E+00  0.00000000E+00
  0.75655000E+00  0.00000000E+00
  0.75665000E+00  0.00000000E+00
  0.75675000E+00  0.00000000E+00
  0.75685000E+00  0.00000000E+00
  0.75695000E+00  0.00000000E+00
  0.75705000E+00  0.00000000E+00
  0.75715000E+00  0.00000000E+00
  0.75725000E+00  0.00000000E+00
  0.75735000E+00  0.00000000E+00
  0.75745000E+00  0.00000000E+00
  0.75755000E+00  0.00000000E+00
  0.75765000E+00  0.00000000E+00
  0.75775000E+00  0.00000000E+00
  0.75785000E+00  0.00000000E+00
  0.75795000E+00  0.00000000E+00
  0.75805000E+00  0.00000000E+00
  0.75815000E+00  0.00000000E+00
  0.75825000E+00  0.00000000E+00
  0.75835000E+00  0.00000000E+00
  0.75845000E+00  0.00000000E+00
  0.75855000E+00  0.00000000E+00
  0.75865000E+00  0.00000000E+00
  0.75875000E+00  0.00000000E+00
  0.75885000E+00  0.00000000E+00
  0.75895000E+00  0.00000000E+00
  0.75905000E+00  0.00000000E+00
  0.75915000E+00  0.00000000E+00
  0.75925000E+00  0.00000000E+00
  0.75935000E+00  0.00000000E+00
  0.75945000E+00  0.00000000E+00
  0.75955000E+00  0.00000000E+00
  0.75965000E+00  0.00000000E+00
  0.75975000E+00  0.00000000E+00
  0.75985000E+00  0.00000000E+00
  0.75995000E+00  0.00000000E+00
  0.76005000E+00  0.00000000E+00
  0.76015000E+00  0.00000000E+00
  0.76025000E+00  0.00000000E+00
  0.76035000E+00  0.00000000E+00
  0.76045000E+00  0.00000000E+00
  0.76055000E+00  0.00000000E+00
  0.76065000E+00  0.00000000E+00
  0.76075000E+00  0.00000000E+00
  0.76085000E+00  0.00000000E+00
  0.76095000E+00  0.00000000E+00
  0.76105000E+00  0.00000000E+00
  0.76115000E+00  0.00000000E+00
  0.76125000E+00  0.00000000E+00
  0.76135000E+00  0.00000000E+00
  0.76145000E+00  0.00000000E+00
  0.76155000E+00  0.00000000E+00
  0.76165000E+00  0.00000000E+00
  0.76175000E+00  0.00000000E+00
  0.76185000E+00  0.00000000E+00
  0.76195000E+00  0.00000000E+00
  0.76205000E+00  0.00000000E+00
  0.76215000E+00  0.00000000E+00
  0.76225000E+00  0.00000000E+00
  0.76235000E+00  0.00000000E+00
  0.76245000E+00  0.00000000E+00
  0.76255000E+00  0.00000000E+00
  0.76265000E+00  0.00000000E+00
  0.76275000E+00  0.00000000E+00
  0.76285000E+00  0.00000000E+00
  0.76295000E+00  0.00000000E+00
  0.76305000E+00  0.00000000E+00
  0.76315000E+00  0.00000000E+00
  0.76325000E+00  0.00000000E+00
  0.76335000E+00  0.00000000E+00
  0.76345000E+00  0.00000000E+00
  0.76355000E+00  0.00000000E+00
  0.76365000E+00  0.00000000E+00
  0.76375000E+00  0.00000000E+00
  0.76385000E+00  0.00000000E+00
  0.76395000E+00  0.00000000E+00
  0.76405000E+00  0.00000000E+00
  0.76415000E+00  0.00000000E+00
  0.76425000E+00  0.00000000E+00
  0.76435000E+00  0.00000000E+00
  0.76445000E+00  0.00000000E+00
  0.76455000E+00  0.00000000E+00
  0.76465000E+00  0.00000000E+00
  0.76475000E+00  0.00000000E+00
  0.76485000E+00  0.00000000E+00
  0.76495000E+00  0.00000000E+00
  0.76505000E+00  0.00000000E+00
  0.76515000E+00  0.00000000E+00
  0.76525000E+00  0.00000000E+00
  0.76535000E+00  0.00000000E+00
  0.76545000E+00  0.00000000E+00
  0.76555000E+00  0.00000000E+00
  0.76565000E+00  0.00000000E+00
  0.76575000E+00  0.00000000E+00
  0.76585000E+00  0.00000000E+00
  0.76595000E+00  0.00000000E+00
  0.76605000E+00  0.00000000E+00
  0.76615000E+00  0.00000000E+00
  0.76625000E+00  0.00000000E+00
  0.76635000E+00  0.00000000E+00
  0.76645000E+00  0.00000000E+00
  0.76655000E+00  0.00000000E+00
  0.76665000E+00  0.00000000E+00
  0.76675000E+00  0.00000000E+00
  0.76685000E+00  0.00000000E+00
  0.76695000E+00  0.00000000E+00
  0.76705000E+00  0.00000000E+00
  0.76715000E+00  0.00000000E+00
  0.76725000E+00  0.00000000E+00
  0.76735000E+00  0.00000000E+00
  0.76745000E+00  0.00000000E+00
  0.76755000E+00  0.00000000E+00
  0.76765000E+00  0.00000000E+00
  0.76775000E+00  0.00000000E+00
  0.76785000E+00  0.00000000E+00
  0.76795000E+00  0.00000000E+00
  0.76805000E+00  0.00000000E+00
  0.76815000E+00  0.00000000E+00
  0.76825000E+00  0.00000000E+00
  0.76835000E+00  0.00000000E+00
  0.76845000E+00  0.00000000E+00
  0.76855000E+00  0.00000000E+00
  0.76865000E+00  0.00000000E+00
  0.76875000E+00  0.00000000E+00
  0.76885000E+00  0.00000000E+00
  0.76895000E+00  0.00000000E+00
  0.76905000E+00  0.00000000E+00
  0.76915000E+00  0.00000000E+00
  0.76925000E+00  0.00000000E+00
  0.76935000E+00  0.00000000E+00
  0.76945000E+00  0.00000000E+00
  0.76955000E+00  0.00000000E+00
  0.76965000E+00  0.00000000E+00
  0.76975000E+00  0.00000000E+00
  0.76985000E+00  0.00000000E+00
  0.76995000E+00  0.00000000E+00
  0.77005000E+00  0.00000000E+00
  0.77015000E+00  0.00000000E+00
  0.77025000E+00  0.00000000E+00
  0.77035000E+00  0.00000000E+00
  0.77045000E+00  0.00000000E+00
  0.77055000E+00  0.00000000E+00
  0.77065000E+00  0.00000000E+00
  0.77075000E+00  0.00000000E+00
  0.77085000E+00  0.00000000E+00
  0.77095000E+00  0.00000000E+00
  0.77105000E+00  0.00000000E+00
  0.77115000E+00  0.00000000E+00
  0.77125000E+00  0.00000000E+00
  0.77135000E+00  0.00000000E+00
  0.77145000E+00  0.00000000E+00
  0.77155000E+00  0.00000000E+00
  0.77165000E+00  0.00000000E+00
  0.77175000E+00  0.00000000E+00
  0.77185000E+00  0.00000000E+00
  0.77195000E+00  0.00000000E+00
  0.77205000E+00  0.00000000E+00
  0.77215000E+00  0.00000000E+00
  0.77225000E+00  0.00000000E+00
  0.77235000E+00  0.00000000E+00
  0.77245000E+00  0.00000000E+00
  0.77255000E+00  0.00000000E+00
  0.77265000E+00  0.00000000E+00
  0.77275000E+00  0.00000000E+00
  0.77285000E+00  0.00000000E+00
  0.77295000E+00  0.00000000E+00
  0.77305000E+00  0.00000000E+00
  0.77315000E+00  0.00000000E+00
  0.77325000E+00  0.00000000E+00
  0.77335000E+00  0.00000000E+00
  0.77345000E+00  0.00000000E+00
  0.77355000E+00  0.00000000E+00
  0.77365000E+00  0.00000000E+00
  0.77375000E+00  0.00000000E+00
  0.77385000E+00  0.00000000E+00
  0.77395000E+00  0.00000000E+00
  0.77405000E+00  0.00000000E+00
  0.77415000E+00  0.00000000E+00
  0.77425000E+00  0.00000000E+00
  0.77435000E+00  0.00000000E+00
  0.77445000E+00  0.00000000E+00
  0.77455000E+00  0.00000000E+00
  0.77465000E+00  0.00000000E+00
  0.77475000E+00  0.00000000E+00
  0.77485000E+00  0.00000000E+00
  0.77495000E+00  0.00000000E+00
  0.77505000E+00  0.00000000E+00
  0.77515000E+00  0.00000000E+00
  0.77525000E+00  0.00000000E+00
  0.77535000E+00  0.00000000E+00
  0.77545000E+00  0.00000000E+00
  0.77555000E+00  0.00000000E+00
  0.77565000E+00  0.00000000E+00
  0.77575000E+00  0.00000000E+00
  0.77585000E+00  0.00000000E+00
  0.77595000E+00  0.00000000E+00
  0.77605000E+00  0.00000000E+00
  0.77615000E+00  0.00000000E+00
  0.77625000E+00  0.00000000E+00
  0.77635000E+00  0.00000000E+00
  0.77645000E+00  0.00000000E+00
  0.77655000E+00  0.00000000E+00
  0.77665000E+00  0.00000000E+00
  0.77675000E+00  0.00000000E+00
  0.77685000E+00  0.00000000E+00
  0.77695000E+00  0.00000000E+00
  0.77705000E+00  0.00000000E+00
  0.77715000E+00  0.00000000E+00
  0.77725000E+00  0.00000000E+00
  0.77735000E+00  0.00000000E+00
  0.77745000E+00  0.00000000E+00
  0.77755000E+00  0.00000000E+00
  0.77765000E+00  0.00000000E+00
  0.77775000E+00  0.00000000E+00
  0.77785000E+00  0.00000000E+00
  0.77795000E+00  0.00000000E+00
  0.77805000E+00  0.00000000E+00
  0.77815000E+00  0.00000000E+00
  0.77825000E+00  0.00000000E+00
  0.77835000E+00  0.00000000E+00
  0.77845000E+00  0.00000000E+00
  0.77855000E+00  0.00000000E+00
  0.77865000E+00  0.00000000E+00
  0.77875000E+00  0.00000000E+00
  0.77885000E+00  0.00000000E+00
  0.77895000E+00  0.00000000E+00
  0.77905000E+00  0.00000000E+00
  0.77915000E+00  0.00000000E+00
  0.77925000E+00  0.00000000E+00
  0.77935000E+00  0.00000000E+00
  0.77945000E+00  0.00000000E+00
  0.77955000E+00  0.00000000E+00
  0.77965000E+00  0.00000000E+00
  0.77975000E+00  0.00000000E+00
  0.77985000E+00  0.00000000E+00
  0.77995000E+00  0.00000000E+00
  0.78005000E+00  0.00000000E+00
  0.78015000E+00  0.00000000E+00
  0.78025000E+00  0.00000000E+00
  0.78035000E+00  0.00000000E+00
  0.78045000E+00  0.00000000E+00
  0.78055000E+00  0.00000000E+00
  0.78065000E+00  0.00000000E+00
  0.78075000E+00  0.00000000E+00
  0.78085000E+00  0.00000000E+00
  0.78095000E+00  0.00000000E+00
  0.78105000E+00  0.00000000E+00
  0.78115000E+00  0.00000000E+00
  0.78125000E+00  0.00000000E+00
  0.78135000E+00  0.00000000E+00
  0.78145000E+00  0.00000000E+00
  0.78155000E+00  0.00000000E+00
  0.78165000E+00  0.00000000E+00
  0.78175000E+00  0.00000000E+00
  0.78185000E+00  0.00000000E+00
  0.78195000E+00  0.00000000E+00
  0.78205000E+00  0.00000000E+00
  0.78215000E+00  0.00000000E+00
  0.78225000E+00  0.00000000E+00
  0.78235000E+00  0.00000000E+00
  0.78245000E+00  0.00000000E+00
  0.78255000E+00  0.00000000E+00
  0.78265000E+00  0.00000000E+00
  0.78275000E+00  0.00000000E+00
  0.78285000E+00  0.00000000E+00
  0.78295000E+00  0.00000000E+00
  0.78305000E+00  0.00000000E+00
  0.78315000E+00  0.00000000E+00
  0.78325000E+00  0.00000000E+00
  0.78335000E+00  0.00000000E+00
  0.78345000E+00  0.00000000E+00
  0.78355000E+00  0.00000000E+00
  0.78365000E+00  0.00000000E+00
  0.78375000E+00  0.00000000E+00
  0.78385000E+00  0.00000000E+00
  0.78395000E+00  0.00000000E+00
  0.78405000E+00  0.00000000E+00
  0.78415000E+00  0.00000000E+00
  0.78425000E+00  0.00000000E+00
  0.78435000E+00  0.00000000E+00
  0.78445000E+00  0.00000000E+00
  0.78455000E+00  0.00000000E+00
  0.78465000E+00  0.00000000E+00
  0.78475000E+00  0.00000000E+00
  0.78485000E+00  0.00000000E+00
  0.78495000E+00  0.00000000E+00
  0.78505000E+00  0.00000000E+00
  0.78515000E+00  0.00000000E+00
  0.78525000E+00  0.00000000E+00
  0.78535000E+00  0.00000000E+00
  0.78545000E+00  0.00000000E+00
  0.78555000E+00  0.00000000E+00
  0.78565000E+00  0.00000000E+00
  0.78575000E+00  0.00000000E+00
  0.78585000E+00  0.00000000E+00
  0.78595000E+00  0.00000000E+00
  0.78605000E+00  0.00000000E+00
  0.78615000E+00  0.00000000E+00
  0.78625000E+00  0.00000000E+00
  0.78635000E+00  0.00000000E+00
  0.78645000E+00  0.00000000E+00
  0.78655000E+00  0.00000000E+00
  0.78665000E+00  0.00000000E+00
  0.78675000E+00  0.00000000E+00
  0.78685000E+00  0.00000000E+00
  0.78695000E+00  0.00000000E+00
  0.78705000E+00  0.00000000E+00
  0.78715000E+00  0.00000000E+00
  0.78725000E+00  0.00000000E+00
  0.78735000E+00  0.00000000E+00
  0.78745000E+00  0.00000000E+00
  0.78755000E+00  0.00000000E+00
  0.78765000E+00  0.00000000E+00
  0.78775000E+00  0.00000000E+00
  0.78785000E+00  0.00000000E+00
  0.78795000E+00  0.00000000E+00
  0.78805000E+00  0.00000000E+00
  0.78815000E+00  0.00000000E+00
  0.78825000E+00  0.00000000E+00
  0.78835000E+00  0.00000000E+00
  0.78845000E+00  0.00000000E+00
  0.78855000E+00  0.00000000E+00
  0.78865000E+00  0.00000000E+00
  0.78875000E+00  0.00000000E+00
  0.78885000E+00  0.00000000E+00
  0.78895000E+00  0.00000000E+00
  0.78905000E+00  0.00000000E+00
  0.78915000E+00  0.00000000E+00
  0.78925000E+00  0.00000000E+00
  0.78935000E+00  0.00000000E+00
  0.78945000E+00  0.00000000E+00
  0.78955000E+00  0.00000000E+00
  0.78965000E+00  0.00000000E+00
  0.78975000E+00  0.00000000E+00
  0.78985000E+00  0.00000000E+00
  0.78995000E+00  0.00000000E+00
  0.79005000E+00  0.00000000E+00
  0.79015000E+00  0.00000000E+00
  0.79025000E+00  0.00000000E+00
  0.79035000E+00  0.00000000E+00
  0.79045000E+00  0.00000000E+00
  0.79055000E+00  0.00000000E+00
  0.79065000E+00  0.00000000E+00
  0.79075000E+00  0.00000000E+00
  0.79085000E+00  0.00000000E+00
  0.79095000E+00  0.00000000E+00
  0.79105000E+00  0.00000000E+00
  0.79115000E+00  0.00000000E+00
  0.79125000E+00  0.00000000E+00
  0.79135000E+00  0.00000000E+00
  0.79145000E+00  0.00000000E+00
  0.79155000E+00  0.00000000E+00
  0.79165000E+00  0.00000000E+00
  0.79175000E+00  0.00000000E+00
  0.79185000E+00  0.00000000E+00
  0.79195000E+00  0.00000000E+00
  0.79205000E+00  0.00000000E+00
  0.79215000E+00  0.00000000E+00
  0.79225000E+00  0.00000000E+00
  0.79235000E+00  0.00000000E+00
  0.79245000E+00  0.00000000E+00
  0.79255000E+00  0.00000000E+00
  0.79265000E+00  0.00000000E+00
  0.79275000E+00  0.00000000E+00
  0.79285000E+00  0.00000000E+00
  0.79295000E+00  0.00000000E+00
  0.79305000E+00  0.00000000E+00
  0.79315000E+00  0.00000000E+00
  0.79325000E+00  0.00000000E+00
  0.79335000E+00  0.00000000E+00
  0.79345000E+00  0.00000000E+00
  0.79355000E+00  0.00000000E+00
  0.79365000E+00  0.00000000E+00
  0.79375000E+00  0.00000000E+00
  0.79385000E+00  0.00000000E+00
  0.79395000E+00  0.00000000E+00
  0.79405000E+00  0.00000000E+00
  0.79415000E+00  0.00000000E+00
  0.79425000E+00  0.00000000E+00
  0.79435000E+00  0.00000000E+00
  0.79445000E+00  0.00000000E+00
  0.79455000E+00  0.00000000E+00
  0.79465000E+00  0.00000000E+00
  0.79475000E+00  0.00000000E+00
  0.79485000E+00  0.00000000E+00
  0.79495000E+00  0.00000000E+00
  0.79505000E+00  0.00000000E+00
  0.79515000E+00  0.00000000E+00
  0.79525000E+00  0.00000000E+00
  0.79535000E+00  0.00000000E+00
  0.79545000E+00  0.00000000E+00
  0.79555000E+00  0.00000000E+00
  0.79565000E+00  0.00000000E+00
  0.79575000E+00  0.00000000E+00
  0.79585000E+00  0.00000000E+00
  0.79595000E+00  0.00000000E+00
  0.79605000E+00  0.00000000E+00
  0.79615000E+00  0.00000000E+00
  0.79625000E+00  0.00000000E+00
  0.79635000E+00  0.00000000E+00
  0.79645000E+00  0.00000000E+00
  0.79655000E+00  0.00000000E+00
  0.79665000E+00  0.00000000E+00
  0.79675000E+00  0.00000000E+00
  0.79685000E+00  0.00000000E+00
  0.79695000E+00  0.00000000E+00
  0.79705000E+00  0.00000000E+00
  0.79715000E+00  0.00000000E+00
  0.79725000E+00  0.00000000E+00
  0.79735000E+00  0.00000000E+00
  0.79745000E+00  0.00000000E+00
  0.79755000E+00  0.00000000E+00
  0.79765000E+00  0.00000000E+00
  0.79775000E+00  0.00000000E+00
  0.79785000E+00  0.00000000E+00
  0.79795000E+00  0.00000000E+00
  0.79805000E+00  0.00000000E+00
  0.79815000E+00  0.00000000E+00
  0.79825000E+00  0.00000000E+00
  0.79835000E+00  0.00000000E+00
  0.79845000E+00  0.00000000E+00
  0.79855000E+00  0.00000000E+00
  0.79865000E+00  0.00000000E+00
  0.79875000E+00  0.00000000E+00
  0.79885000E+00  0.00000000E+00
  0.79895000E+00  0.00000000E+00
  0.79905000E+00  0.00000000E+00
  0.79915000E+00  0.00000000E+00
  0.79925000E+00  0.00000000E+00
  0.79935000E+00  0.00000000E+00
  0.79945000E+00  0.00000000E+00
  0.79955000E+00  0.00000000E+00
  0.79965000E+00  0.00000000E+00
  0.79975000E+00  0.00000000E+00
  0.79985000E+00  0.00000000E+00
  0.79995000E+00  0.00000000E+00
  0.80005000E+00  0.00000000E+00
  0.80015000E+00  0.00000000E+00
  0.80025000E+00  0.00000000E+00
  0.80035000E+00  0.00000000E+00
  0.80045000E+00  0.00000000E+00
  0.80055000E+00  0.00000000E+00
  0.80065000E+00  0.00000000E+00
  0.80075000E+00  0.00000000E+00
  0.80085000E+00  0.00000000E+00
  0.80095000E+00  0.00000000E+00
  0.80105000E+00  0.00000000E+00
  0.80115000E+00  0.00000000E+00
  0.80125000E+00  0.00000000E+00
  0.80135000E+00  0.00000000E+00
  0.80145000E+00  0.00000000E+00
  0.80155000E+00  0.00000000E+00
  0.80165000E+00  0.00000000E+00
  0.80175000E+00  0.00000000E+00
  0.80185000E+00  0.00000000E+00
  0.80195000E+00  0.00000000E+00
  0.80205000E+00  0.00000000E+00
  0.80215000E+00  0.00000000E+00
  0.80225000E+00  0.00000000E+00
  0.80235000E+00  0.00000000E+00
  0.80245000E+00  0.00000000E+00
  0.80255000E+00  0.00000000E+00
  0.80265000E+00  0.00000000E+00
  0.80275000E+00  0.00000000E+00
  0.80285000E+00  0.00000000E+00
  0.80295000E+00  0.00000000E+00
  0.80305000E+00  0.00000000E+00
  0.80315000E+00  0.00000000E+00
  0.80325000E+00  0.00000000E+00
  0.80335000E+00  0.00000000E+00
  0.80345000E+00  0.00000000E+00
  0.80355000E+00  0.00000000E+00
  0.80365000E+00  0.00000000E+00
  0.80375000E+00  0.00000000E+00
  0.80385000E+00  0.00000000E+00
  0.80395000E+00  0.00000000E+00
  0.80405000E+00  0.00000000E+00
  0.80415000E+00  0.00000000E+00
  0.80425000E+00  0.00000000E+00
  0.80435000E+00  0.00000000E+00
  0.80445000E+00  0.00000000E+00
  0.80455000E+00  0.00000000E+00
  0.80465000E+00  0.00000000E+00
  0.80475000E+00  0.00000000E+00
  0.80485000E+00  0.00000000E+00
  0.80495000E+00  0.00000000E+00
  0.80505000E+00  0.00000000E+00
  0.80515000E+00  0.00000000E+00
  0.80525000E+00  0.00000000E+00
  0.80535000E+00  0.00000000E+00
  0.80545000E+00  0.00000000E+00
  0.80555000E+00  0.00000000E+00
  0.80565000E+00  0.00000000E+00
  0.80575000E+00  0.00000000E+00
  0.80585000E+00  0.00000000E+00
  0.80595000E+00  0.00000000E+00
  0.80605000E+00  0.00000000E+00
  0.80615000E+00  0.00000000E+00
  0.80625000E+00  0.00000000E+00
  0.80635000E+00  0.00000000E+00
  0.80645000E+00  0.00000000E+00
  0.80655000E+00  0.00000000E+00
  0.80665000E+00  0.00000000E+00
  0.80675000E+00  0.00000000E+00
  0.80685000E+00  0.00000000E+00
  0.80695000E+00  0.00000000E+00
  0.80705000E+00  0.00000000E+00
  0.80715000E+00  0.00000000E+00
  0.80725000E+00  0.00000000E+00
  0.80735000E+00  0.00000000E+00
  0.80745000E+00  0.00000000E+00
  0.80755000E+00  0.00000000E+00
  0.80765000E+00  0.00000000E+00
  0.80775000E+00  0.00000000E+00
  0.80785000E+00  0.00000000E+00
  0.80795000E+00  0.00000000E+00
  0.80805000E+00  0.00000000E+00
  0.80815000E+00  0.00000000E+00
  0.80825000E+00  0.00000000E+00
  0.80835000E+00  0.00000000E+00
  0.80845000E+00  0.00000000E+00
  0.80855000E+00  0.00000000E+00
  0.80865000E+00  0.00000000E+00
  0.80875000E+00  0.00000000E+00
  0.80885000E+00  0.00000000E+00
  0.80895000E+00  0.00000000E+00
  0.80905000E+00  0.00000000E+00
  0.80915000E+00  0.00000000E+00
  0.80925000E+00  0.00000000E+00
  0.80935000E+00  0.00000000E+00
  0.80945000E+00  0.00000000E+00
  0.80955000E+00  0.00000000E+00
  0.80965000E+00  0.00000000E+00
  0.80975000E+00  0.00000000E+00
  0.80985000E+00  0.00000000E+00
  0.80995000E+00  0.00000000E+00
  0.81005000E+00  0.00000000E+00
  0.81015000E+00  0.00000000E+00
  0.81025000E+00  0.00000000E+00
  0.81035000E+00  0.00000000E+00
  0.81045000E+00  0.00000000E+00
  0.81055000E+00  0.00000000E+00
  0.81065000E+00  0.00000000E+00
  0.81075000E+00  0.00000000E+00
  0.81085000E+00  0.00000000E+00
  0.81095000E+00  0.00000000E+00
  0.81105000E+00  0.00000000E+00
  0.81115000E+00  0.00000000E+00
  0.81125000E+00  0.00000000E+00
  0.81135000E+00  0.00000000E+00
  0.81145000E+00  0.00000000E+00
  0.81155000E+00  0.00000000E+00
  0.81165000E+00  0.00000000E+00
  0.81175000E+00  0.00000000E+00
  0.81185000E+00  0.00000000E+00
  0.81195000E+00  0.00000000E+00
  0.81205000E+00  0.00000000E+00
  0.81215000E+00  0.00000000E+00
  0.81225000E+00  0.00000000E+00
  0.81235000E+00  0.00000000E+00
  0.81245000E+00  0.00000000E+00
  0.81255000E+00  0.00000000E+00
  0.81265000E+00  0.00000000E+00
  0.81275000E+00  0.00000000E+00
  0.81285000E+00  0.00000000E+00
  0.81295000E+00  0.00000000E+00
  0.81305000E+00  0.00000000E+00
  0.81315000E+00  0.00000000E+00
  0.81325000E+00  0.00000000E+00
  0.81335000E+00  0.00000000E+00
  0.81345000E+00  0.00000000E+00
  0.81355000E+00  0.00000000E+00
  0.81365000E+00  0.00000000E+00
  0.81375000E+00  0.00000000E+00
  0.81385000E+00  0.00000000E+00
  0.81395000E+00  0.00000000E+00
  0.81405000E+00  0.00000000E+00
  0.81415000E+00  0.00000000E+00
  0.81425000E+00  0.00000000E+00
  0.81435000E+00  0.00000000E+00
  0.81445000E+00  0.00000000E+00
  0.81455000E+00  0.00000000E+00
  0.81465000E+00  0.00000000E+00
  0.81475000E+00  0.00000000E+00
  0.81485000E+00  0.00000000E+00
  0.81495000E+00  0.00000000E+00
  0.81505000E+00  0.00000000E+00
  0.81515000E+00  0.00000000E+00
  0.81525000E+00  0.00000000E+00
  0.81535000E+00  0.00000000E+00
  0.81545000E+00  0.00000000E+00
  0.81555000E+00  0.00000000E+00
  0.81565000E+00  0.00000000E+00
  0.81575000E+00  0.00000000E+00
  0.81585000E+00  0.00000000E+00
  0.81595000E+00  0.00000000E+00
  0.81605000E+00  0.00000000E+00
  0.81615000E+00  0.00000000E+00
  0.81625000E+00  0.00000000E+00
  0.81635000E+00  0.00000000E+00
  0.81645000E+00  0.00000000E+00
  0.81655000E+00  0.00000000E+00
  0.81665000E+00  0.00000000E+00
  0.81675000E+00  0.00000000E+00
  0.81685000E+00  0.00000000E+00
  0.81695000E+00  0.00000000E+00
  0.81705000E+00  0.00000000E+00
  0.81715000E+00  0.00000000E+00
  0.81725000E+00  0.00000000E+00
  0.81735000E+00  0.00000000E+00
  0.81745000E+00  0.00000000E+00
  0.81755000E+00  0.00000000E+00
  0.81765000E+00  0.00000000E+00
  0.81775000E+00  0.00000000E+00
  0.81785000E+00  0.00000000E+00
  0.81795000E+00  0.00000000E+00
  0.81805000E+00  0.00000000E+00
  0.81815000E+00  0.00000000E+00
  0.81825000E+00  0.00000000E+00
  0.81835000E+00  0.00000000E+00
  0.81845000E+00  0.00000000E+00
  0.81855000E+00  0.00000000E+00
  0.81865000E+00  0.00000000E+00
  0.81875000E+00  0.00000000E+00
  0.81885000E+00  0.00000000E+00
  0.81895000E+00  0.00000000E+00
  0.81905000E+00  0.00000000E+00
  0.81915000E+00  0.00000000E+00
  0.81925000E+00  0.00000000E+00
  0.81935000E+00  0.00000000E+00
  0.81945000E+00  0.00000000E+00
  0.81955000E+00  0.00000000E+00
  0.81965000E+00  0.00000000E+00
  0.81975000E+00  0.00000000E+00
  0.81985000E+00  0.00000000E+00
  0.81995000E+00  0.00000000E+00
  0.82005000E+00  0.00000000E+00
  0.82015000E+00  0.00000000E+00
  0.82025000E+00  0.00000000E+00
  0.82035000E+00  0.00000000E+00
  0.82045000E+00  0.00000000E+00
  0.82055000E+00  0.00000000E+00
  0.82065000E+00  0.00000000E+00
  0.82075000E+00  0.00000000E+00
  0.82085000E+00  0.00000000E+00
  0.82095000E+00  0.00000000E+00
  0.82105000E+00  0.00000000E+00
  0.82115000E+00  0.00000000E+00
  0.82125000E+00  0.00000000E+00
  0.82135000E+00  0.00000000E+00
  0.82145000E+00  0.00000000E+00
  0.82155000E+00  0.00000000E+00
  0.82165000E+00  0.00000000E+00
  0.82175000E+00  0.00000000E+00
  0.82185000E+00  0.00000000E+00
  0.82195000E+00  0.00000000E+00
  0.82205000E+00  0.00000000E+00
  0.82215000E+00  0.00000000E+00
  0.82225000E+00  0.00000000E+00
  0.82235000E+00  0.00000000E+00
  0.82245000E+00  0.00000000E+00
  0.82255000E+00  0.00000000E+00
  0.82265000E+00  0.00000000E+00
  0.82275000E+00  0.00000000E+00
  0.82285000E+00  0.00000000E+00
  0.82295000E+00  0.00000000E+00
  0.82305000E+00  0.00000000E+00
  0.82315000E+00  0.00000000E+00
  0.82325000E+00  0.00000000E+00
  0.82335000E+00  0.00000000E+00
  0.82345000E+00  0.00000000E+00
  0.82355000E+00  0.00000000E+00
  0.82365000E+00  0.00000000E+00
  0.82375000E+00  0.00000000E+00
  0.82385000E+00  0.00000000E+00
  0.82395000E+00  0.00000000E+00
  0.82405000E+00  0.00000000E+00
  0.82415000E+00  0.00000000E+00
  0.82425000E+00  0.00000000E+00
  0.82435000E+00  0.00000000E+00
  0.82445000E+00  0.00000000E+00
  0.82455000E+00  0.00000000E+00
  0.82465000E+00  0.00000000E+00
  0.82475000E+00  0.00000000E+00
  0.82485000E+00  0.00000000E+00
  0.82495000E+00  0.00000000E+00
  0.82505000E+00  0.00000000E+00
  0.82515000E+00  0.00000000E+00
  0.82525000E+00  0.00000000E+00
  0.82535000E+00  0.00000000E+00
  0.82545000E+00  0.00000000E+00
  0.82555000E+00  0.00000000E+00
  0.82565000E+00  0.00000000E+00
  0.82575000E+00  0.00000000E+00
  0.82585000E+00  0.00000000E+00
  0.82595000E+00  0.00000000E+00
  0.82605000E+00  0.00000000E+00
  0.82615000E+00  0.00000000E+00
  0.82625000E+00  0.00000000E+00
  0.82635000E+00  0.00000000E+00
  0.82645000E+00  0.00000000E+00
  0.82655000E+00  0.00000000E+00
  0.82665000E+00  0.00000000E+00
  0.82675000E+00  0.00000000E+00
  0.82685000E+00  0.00000000E+00
  0.82695000E+00  0.00000000E+00
  0.82705000E+00  0.00000000E+00
  0.82715000E+00  0.00000000E+00
  0.82725000E+00  0.00000000E+00
  0.82735000E+00  0.00000000E+00
  0.82745000E+00  0.00000000E+00
  0.82755000E+00  0.00000000E+00
  0.82765000E+00  0.00000000E+00
  0.82775000E+00  0.00000000E+00
  0.82785000E+00  0.00000000E+00
  0.82795000E+00  0.00000000E+00
  0.82805000E+00  0.00000000E+00
  0.82815000E+00  0.00000000E+00
  0.82825000E+00  0.00000000E+00
  0.82835000E+00  0.00000000E+00
  0.82845000E+00  0.00000000E+00
  0.82855000E+00  0.00000000E+00
  0.82865000E+00  0.00000000E+00
  0.82875000E+00  0.00000000E+00
  0.82885000E+00  0.00000000E+00
  0.82895000E+00  0.00000000E+00
  0.82905000E+00  0.00000000E+00
  0.82915000E+00  0.00000000E+00
  0.82925000E+00  0.00000000E+00
  0.82935000E+00  0.00000000E+00
  0.82945000E+00  0.00000000E+00
  0.82955000E+00  0.00000000E+00
  0.82965000E+00  0.00000000E+00
  0.82975000E+00  0.00000000E+00
  0.82985000E+00  0.00000000E+00
  0.82995000E+00  0.00000000E+00
  0.83005000E+00  0.00000000E+00
  0.83015000E+00  0.00000000E+00
  0.83025000E+00  0.00000000E+00
  0.83035000E+00  0.00000000E+00
  0.83045000E+00  0.00000000E+00
  0.83055000E+00  0.00000000E+00
  0.83065000E+00  0.00000000E+00
  0.83075000E+00  0.00000000E+00
  0.83085000E+00  0.00000000E+00
  0.83095000E+00  0.00000000E+00
  0.83105000E+00  0.00000000E+00
  0.83115000E+00  0.00000000E+00
  0.83125000E+00  0.00000000E+00
  0.83135000E+00  0.00000000E+00
  0.83145000E+00  0.00000000E+00
  0.83155000E+00  0.00000000E+00
  0.83165000E+00  0.00000000E+00
  0.83175000E+00  0.00000000E+00
  0.83185000E+00  0.00000000E+00
  0.83195000E+00  0.00000000E+00
  0.83205000E+00  0.00000000E+00
  0.83215000E+00  0.00000000E+00
  0.83225000E+00  0.00000000E+00
  0.83235000E+00  0.00000000E+00
  0.83245000E+00  0.00000000E+00
  0.83255000E+00  0.00000000E+00
  0.83265000E+00  0.00000000E+00
  0.83275000E+00  0.00000000E+00
  0.83285000E+00  0.00000000E+00
  0.83295000E+00  0.00000000E+00
  0.83305000E+00  0.00000000E+00
  0.83315000E+00  0.00000000E+00
  0.83325000E+00  0.00000000E+00
  0.83335000E+00  0.00000000E+00
  0.83345000E+00  0.00000000E+00
  0.83355000E+00  0.00000000E+00
  0.83365000E+00  0.00000000E+00
  0.83375000E+00  0.00000000E+00
  0.83385000E+00  0.00000000E+00
  0.83395000E+00  0.00000000E+00
  0.83405000E+00  0.00000000E+00
  0.83415000E+00  0.00000000E+00
  0.83425000E+00  0.00000000E+00
  0.83435000E+00  0.00000000E+00
  0.83445000E+00  0.00000000E+00
  0.83455000E+00  0.00000000E+00
  0.83465000E+00  0.00000000E+00
  0.83475000E+00  0.00000000E+00
  0.83485000E+00  0.00000000E+00
  0.83495000E+00  0.00000000E+00
  0.83505000E+00  0.00000000E+00
  0.83515000E+00  0.00000000E+00
  0.83525000E+00  0.00000000E+00
  0.83535000E+00  0.00000000E+00
  0.83545000E+00  0.00000000E+00
  0.83555000E+00  0.00000000E+00
  0.83565000E+00  0.00000000E+00
  0.83575000E+00  0.00000000E+00
  0.83585000E+00  0.00000000E+00
  0.83595000E+00  0.00000000E+00
  0.83605000E+00  0.00000000E+00
  0.83615000E+00  0.00000000E+00
  0.83625000E+00  0.00000000E+00
  0.83635000E+00  0.00000000E+00
  0.83645000E+00  0.00000000E+00
  0.83655000E+00  0.00000000E+00
  0.83665000E+00  0.00000000E+00
  0.83675000E+00  0.00000000E+00
  0.83685000E+00  0.00000000E+00
  0.83695000E+00  0.00000000E+00
  0.83705000E+00  0.00000000E+00
  0.83715000E+00  0.00000000E+00
  0.83725000E+00  0.00000000E+00
  0.83735000E+00  0.00000000E+00
  0.83745000E+00  0.00000000E+00
  0.83755000E+00  0.00000000E+00
  0.83765000E+00  0.00000000E+00
  0.83775000E+00  0.00000000E+00
  0.83785000E+00  0.00000000E+00
  0.83795000E+00  0.00000000E+00
  0.83805000E+00  0.00000000E+00
  0.83815000E+00  0.00000000E+00
  0.83825000E+00  0.00000000E+00
  0.83835000E+00  0.00000000E+00
  0.83845000E+00  0.00000000E+00
  0.83855000E+00  0.00000000E+00
  0.83865000E+00  0.00000000E+00
  0.83875000E+00  0.00000000E+00
  0.83885000E+00  0.00000000E+00
  0.83895000E+00  0.00000000E+00
  0.83905000E+00  0.00000000E+00
  0.83915000E+00  0.00000000E+00
  0.83925000E+00  0.00000000E+00
  0.83935000E+00  0.00000000E+00
  0.83945000E+00  0.00000000E+00
  0.83955000E+00  0.00000000E+00
  0.83965000E+00  0.00000000E+00
  0.83975000E+00  0.00000000E+00
  0.83985000E+00  0.00000000E+00
  0.83995000E+00  0.00000000E+00
  0.84005000E+00  0.00000000E+00
  0.84015000E+00  0.00000000E+00
  0.84025000E+00  0.00000000E+00
  0.84035000E+00  0.00000000E+00
  0.84045000E+00  0.00000000E+00
  0.84055000E+00  0.00000000E+00
  0.84065000E+00  0.00000000E+00
  0.84075000E+00  0.00000000E+00
  0.84085000E+00  0.00000000E+00
  0.84095000E+00  0.00000000E+00
  0.84105000E+00  0.00000000E+00
  0.84115000E+00  0.00000000E+00
  0.84125000E+00  0.00000000E+00
  0.84135000E+00  0.00000000E+00
  0.84145000E+00  0.00000000E+00
  0.84155000E+00  0.00000000E+00
  0.84165000E+00  0.00000000E+00
  0.84175000E+00  0.00000000E+00
  0.84185000E+00  0.00000000E+00
  0.84195000E+00  0.00000000E+00
  0.84205000E+00  0.00000000E+00
  0.84215000E+00  0.00000000E+00
  0.84225000E+00  0.00000000E+00
  0.84235000E+00  0.00000000E+00
  0.84245000E+00  0.00000000E+00
  0.84255000E+00  0.00000000E+00
  0.84265000E+00  0.00000000E+00
  0.84275000E+00  0.00000000E+00
  0.84285000E+00  0.00000000E+00
  0.84295000E+00  0.00000000E+00
  0.84305000E+00  0.00000000E+00
  0.84315000E+00  0.00000000E+00
  0.84325000E+00  0.00000000E+00
  0.84335000E+00  0.00000000E+00
  0.84345000E+00  0.00000000E+00
  0.84355000E+00  0.00000000E+00
  0.84365000E+00  0.00000000E+00
  0.84375000E+00  0.00000000E+00
  0.84385000E+00  0.00000000E+00
  0.84395000E+00  0.00000000E+00
  0.84405000E+00  0.00000000E+00
  0.84415000E+00  0.00000000E+00
  0.84425000E+00  0.00000000E+00
  0.84435000E+00  0.00000000E+00
  0.84445000E+00  0.00000000E+00
  0.84455000E+00  0.00000000E+00
  0.84465000E+00  0.00000000E+00
  0.84475000E+00  0.00000000E+00
  0.84485000E+00  0.00000000E+00
  0.84495000E+00  0.00000000E+00
  0.84505000E+00  0.00000000E+00
  0.84515000E+00  0.00000000E+00
  0.84525000E+00  0.00000000E+00
  0.84535000E+00  0.00000000E+00
  0.84545000E+00  0.00000000E+00
  0.84555000E+00  0.00000000E+00
  0.84565000E+00  0.00000000E+00
  0.84575000E+00  0.00000000E+00
  0.84585000E+00  0.00000000E+00
  0.84595000E+00  0.00000000E+00
  0.84605000E+00  0.00000000E+00
  0.84615000E+00  0.00000000E+00
  0.84625000E+00  0.00000000E+00
  0.84635000E+00  0.00000000E+00
  0.84645000E+00  0.00000000E+00
  0.84655000E+00  0.00000000E+00
  0.84665000E+00  0.00000000E+00
  0.84675000E+00  0.00000000E+00
  0.84685000E+00  0.00000000E+00
  0.84695000E+00  0.00000000E+00
  0.84705000E+00  0.00000000E+00
  0.84715000E+00  0.00000000E+00
  0.84725000E+00  0.00000000E+00
  0.84735000E+00  0.00000000E+00
  0.84745000E+00  0.00000000E+00
  0.84755000E+00  0.00000000E+00
  0.84765000E+00  0.00000000E+00
  0.84775000E+00  0.00000000E+00
  0.84785000E+00  0.00000000E+00
  0.84795000E+00  0.00000000E+00
  0.84805000E+00  0.00000000E+00
  0.84815000E+00  0.00000000E+00
  0.84825000E+00  0.00000000E+00
  0.84835000E+00  0.00000000E+00
  0.84845000E+00  0.00000000E+00
  0.84855000E+00  0.00000000E+00
  0.84865000E+00  0.00000000E+00
  0.84875000E+00  0.00000000E+00
  0.84885000E+00  0.00000000E+00
  0.84895000E+00  0.00000000E+00
  0.84905000E+00  0.00000000E+00
  0.84915000E+00  0.00000000E+00
  0.84925000E+00  0.00000000E+00
  0.84935000E+00  0.00000000E+00
  0.84945000E+00  0.00000000E+00
  0.84955000E+00  0.00000000E+00
  0.84965000E+00  0.00000000E+00
  0.84975000E+00  0.00000000E+00
  0.84985000E+00  0.00000000E+00
  0.84995000E+00  0.00000000E+00
  0.85005000E+00  0.00000000E+00
  0.85015000E+00  0.00000000E+00
  0.85025000E+00  0.00000000E+00
  0.85035000E+00  0.00000000E+00
  0.85045000E+00  0.00000000E+00
  0.85055000E+00  0.00000000E+00
  0.85065000E+00  0.00000000E+00
  0.85075000E+00  0.00000000E+00
  0.85085000E+00  0.00000000E+00
  0.85095000E+00  0.00000000E+00
  0.85105000E+00  0.00000000E+00
  0.85115000E+00  0.00000000E+00
  0.85125000E+00  0.00000000E+00
  0.85135000E+00  0.00000000E+00
  0.85145000E+00  0.00000000E+00
  0.85155000E+00  0.00000000E+00
  0.85165000E+00  0.00000000E+00
  0.85175000E+00  0.00000000E+00
  0.85185000E+00  0.00000000E+00
  0.85195000E+00  0.00000000E+00
  0.85205000E+00  0.00000000E+00
  0.85215000E+00  0.00000000E+00
  0.85225000E+00  0.00000000E+00
  0.85235000E+00  0.00000000E+00
  0.85245000E+00  0.00000000E+00
  0.85255000E+00  0.00000000E+00
  0.85265000E+00  0.00000000E+00
  0.85275000E+00  0.00000000E+00
  0.85285000E+00  0.00000000E+00
  0.85295000E+00  0.00000000E+00
  0.85305000E+00  0.00000000E+00
  0.85315000E+00  0.00000000E+00
  0.85325000E+00  0.00000000E+00
  0.85335000E+00  0.00000000E+00
  0.85345000E+00  0.00000000E+00
  0.85355000E+00  0.00000000E+00
  0.85365000E+00  0.00000000E+00
  0.85375000E+00  0.00000000E+00
  0.85385000E+00  0.00000000E+00
  0.85395000E+00  0.00000000E+00
  0.85405000E+00  0.00000000E+00
  0.85415000E+00  0.00000000E+00
  0.85425000E+00  0.00000000E+00
  0.85435000E+00  0.00000000E+00
  0.85445000E+00  0.00000000E+00
  0.85455000E+00  0.00000000E+00
  0.85465000E+00  0.00000000E+00
  0.85475000E+00  0.00000000E+00
  0.85485000E+00  0.00000000E+00
  0.85495000E+00  0.00000000E+00
  0.85505000E+00  0.00000000E+00
  0.85515000E+00  0.00000000E+00
  0.85525000E+00  0.00000000E+00
  0.85535000E+00  0.00000000E+00
  0.85545000E+00  0.00000000E+00
  0.85555000E+00  0.00000000E+00
  0.85565000E+00  0.00000000E+00
  0.85575000E+00  0.00000000E+00
  0.85585000E+00  0.00000000E+00
  0.85595000E+00  0.00000000E+00
  0.85605000E+00  0.00000000E+00
  0.85615000E+00  0.00000000E+00
  0.85625000E+00  0.00000000E+00
  0.85635000E+00  0.00000000E+00
  0.85645000E+00  0.00000000E+00
  0.85655000E+00  0.00000000E+00
  0.85665000E+00  0.00000000E+00
  0.85675000E+00  0.00000000E+00
  0.85685000E+00  0.00000000E+00
  0.85695000E+00  0.00000000E+00
  0.85705000E+00  0.00000000E+00
  0.85715000E+00  0.00000000E+00
  0.85725000E+00  0.00000000E+00
  0.85735000E+00  0.00000000E+00
  0.85745000E+00  0.00000000E+00
  0.85755000E+00  0.00000000E+00
  0.85765000E+00  0.00000000E+00
  0.85775000E+00  0.00000000E+00
  0.85785000E+00  0.00000000E+00
  0.85795000E+00  0.00000000E+00
  0.85805000E+00  0.00000000E+00
  0.85815000E+00  0.00000000E+00
  0.85825000E+00  0.00000000E+00
  0.85835000E+00  0.00000000E+00
  0.85845000E+00  0.00000000E+00
  0.85855000E+00  0.00000000E+00
  0.85865000E+00  0.00000000E+00
  0.85875000E+00  0.00000000E+00
  0.85885000E+00  0.00000000E+00
  0.85895000E+00  0.00000000E+00
  0.85905000E+00  0.00000000E+00
  0.85915000E+00  0.00000000E+00
  0.85925000E+00  0.00000000E+00
  0.85935000E+00  0.00000000E+00
  0.85945000E+00  0.00000000E+00
  0.85955000E+00  0.00000000E+00
  0.85965000E+00  0.00000000E+00
  0.85975000E+00  0.00000000E+00
  0.85985000E+00  0.00000000E+00
  0.85995000E+00  0.00000000E+00
  0.86005000E+00  0.00000000E+00
  0.86015000E+00  0.00000000E+00
  0.86025000E+00  0.00000000E+00
  0.86035000E+00  0.00000000E+00
  0.86045000E+00  0.00000000E+00
  0.86055000E+00  0.00000000E+00
  0.86065000E+00  0.00000000E+00
  0.86075000E+00  0.00000000E+00
  0.86085000E+00  0.00000000E+00
  0.86095000E+00  0.00000000E+00
  0.86105000E+00  0.00000000E+00
  0.86115000E+00  0.00000000E+00
  0.86125000E+00  0.00000000E+00
  0.86135000E+00  0.00000000E+00
  0.86145000E+00  0.00000000E+00
  0.86155000E+00  0.00000000E+00
  0.86165000E+00  0.00000000E+00
  0.86175000E+00  0.00000000E+00
  0.86185000E+00  0.00000000E+00
  0.86195000E+00  0.00000000E+00
  0.86205000E+00  0.00000000E+00
  0.86215000E+00  0.00000000E+00
  0.86225000E+00  0.00000000E+00
  0.86235000E+00  0.00000000E+00
  0.86245000E+00  0.00000000E+00
  0.86255000E+00  0.00000000E+00
  0.86265000E+00  0.00000000E+00
  0.86275000E+00  0.00000000E+00
  0.86285000E+00  0.00000000E+00
  0.86295000E+00  0.00000000E+00
  0.86305000E+00  0.00000000E+00
  0.86315000E+00  0.00000000E+00
  0.86325000E+00  0.00000000E+00
  0.86335000E+00  0.00000000E+00
  0.86345000E+00  0.00000000E+00
  0.86355000E+00  0.00000000E+00
  0.86365000E+00  0.00000000E+00
  0.86375000E+00  0.00000000E+00
  0.86385000E+00  0.00000000E+00
  0.86395000E+00  0.00000000E+00
  0.86405000E+00  0.00000000E+00
  0.86415000E+00  0.00000000E+00
  0.86425000E+00  0.00000000E+00
  0.86435000E+00  0.00000000E+00
  0.86445000E+00  0.00000000E+00
  0.86455000E+00  0.00000000E+00
  0.86465000E+00  0.00000000E+00
  0.86475000E+00  0.00000000E+00
  0.86485000E+00  0.00000000E+00
  0.86495000E+00  0.00000000E+00
  0.86505000E+00  0.00000000E+00
  0.86515000E+00  0.00000000E+00
  0.86525000E+00  0.00000000E+00
  0.86535000E+00  0.00000000E+00
  0.86545000E+00  0.00000000E+00
  0.86555000E+00  0.00000000E+00
  0.86565000E+00  0.00000000E+00
  0.86575000E+00  0.00000000E+00
  0.86585000E+00  0.00000000E+00
  0.86595000E+00  0.00000000E+00
  0.86605000E+00  0.00000000E+00
  0.86615000E+00  0.00000000E+00
  0.86625000E+00  0.00000000E+00
  0.86635000E+00  0.00000000E+00
  0.86645000E+00  0.00000000E+00
  0.86655000E+00  0.00000000E+00
  0.86665000E+00  0.00000000E+00
  0.86675000E+00  0.00000000E+00
  0.86685000E+00  0.00000000E+00
  0.86695000E+00  0.00000000E+00
  0.86705000E+00  0.00000000E+00
  0.86715000E+00  0.00000000E+00
  0.86725000E+00  0.00000000E+00
  0.86735000E+00  0.00000000E+00
  0.86745000E+00  0.00000000E+00
  0.86755000E+00  0.00000000E+00
  0.86765000E+00  0.00000000E+00
  0.86775000E+00  0.00000000E+00
  0.86785000E+00  0.00000000E+00
  0.86795000E+00  0.00000000E+00
  0.86805000E+00  0.00000000E+00
  0.86815000E+00  0.00000000E+00
  0.86825000E+00  0.00000000E+00
  0.86835000E+00  0.00000000E+00
  0.86845000E+00  0.00000000E+00
  0.86855000E+00  0.00000000E+00
  0.86865000E+00  0.00000000E+00
  0.86875000E+00  0.00000000E+00
  0.86885000E+00  0.00000000E+00
  0.86895000E+00  0.00000000E+00
  0.86905000E+00  0.00000000E+00
  0.86915000E+00  0.00000000E+00
  0.86925000E+00  0.00000000E+00
  0.86935000E+00  0.00000000E+00
  0.86945000E+00  0.00000000E+00
  0.86955000E+00  0.00000000E+00
  0.86965000E+00  0.00000000E+00
  0.86975000E+00  0.00000000E+00
  0.86985000E+00  0.00000000E+00
  0.86995000E+00  0.00000000E+00
  0.87005000E+00  0.00000000E+00
  0.87015000E+00  0.00000000E+00
  0.87025000E+00  0.00000000E+00
  0.87035000E+00  0.00000000E+00
  0.87045000E+00  0.00000000E+00
  0.87055000E+00  0.00000000E+00
  0.87065000E+00  0.00000000E+00
  0.87075000E+00  0.00000000E+00
  0.87085000E+00  0.00000000E+00
  0.87095000E+00  0.00000000E+00
  0.87105000E+00  0.00000000E+00
  0.87115000E+00  0.00000000E+00
  0.87125000E+00  0.00000000E+00
  0.87135000E+00  0.00000000E+00
  0.87145000E+00  0.00000000E+00
  0.87155000E+00  0.00000000E+00
  0.87165000E+00  0.00000000E+00
  0.87175000E+00  0.00000000E+00
  0.87185000E+00  0.00000000E+00
  0.87195000E+00  0.00000000E+00
  0.87205000E+00  0.00000000E+00
  0.87215000E+00  0.00000000E+00
  0.87225000E+00  0.00000000E+00
  0.87235000E+00  0.00000000E+00
  0.87245000E+00  0.00000000E+00
  0.87255000E+00  0.00000000E+00
  0.87265000E+00  0.00000000E+00
  0.87275000E+00  0.00000000E+00
  0.87285000E+00  0.00000000E+00
  0.87295000E+00  0.00000000E+00
  0.87305000E+00  0.00000000E+00
  0.87315000E+00  0.00000000E+00
  0.87325000E+00  0.00000000E+00
  0.87335000E+00  0.00000000E+00
  0.87345000E+00  0.00000000E+00
  0.87355000E+00  0.00000000E+00
  0.87365000E+00  0.00000000E+00
  0.87375000E+00  0.00000000E+00
  0.87385000E+00  0.00000000E+00
  0.87395000E+00  0.00000000E+00
  0.87405000E+00  0.00000000E+00
  0.87415000E+00  0.00000000E+00
  0.87425000E+00  0.00000000E+00
  0.87435000E+00  0.00000000E+00
  0.87445000E+00  0.00000000E+00
  0.87455000E+00  0.00000000E+00
  0.87465000E+00  0.00000000E+00
  0.87475000E+00  0.00000000E+00
  0.87485000E+00  0.00000000E+00
  0.87495000E+00  0.00000000E+00
  0.87505000E+00  0.00000000E+00
  0.87515000E+00  0.00000000E+00
  0.87525000E+00  0.00000000E+00
  0.87535000E+00  0.00000000E+00
  0.87545000E+00  0.00000000E+00
  0.87555000E+00  0.00000000E+00
  0.87565000E+00  0.00000000E+00
  0.87575000E+00  0.00000000E+00
  0.87585000E+00  0.00000000E+00
  0.87595000E+00  0.00000000E+00
  0.87605000E+00  0.00000000E+00
  0.87615000E+00  0.00000000E+00
  0.87625000E+00  0.00000000E+00
  0.87635000E+00  0.00000000E+00
  0.87645000E+00  0.00000000E+00
  0.87655000E+00  0.00000000E+00
  0.87665000E+00  0.00000000E+00
  0.87675000E+00  0.00000000E+00
  0.87685000E+00  0.00000000E+00
  0.87695000E+00  0.00000000E+00
  0.87705000E+00  0.00000000E+00
  0.87715000E+00  0.00000000E+00
  0.87725000E+00  0.00000000E+00
  0.87735000E+00  0.00000000E+00
  0.87745000E+00  0.00000000E+00
  0.87755000E+00  0.00000000E+00
  0.87765000E+00  0.00000000E+00
  0.87775000E+00  0.00000000E+00
  0.87785000E+00  0.00000000E+00
  0.87795000E+00  0.00000000E+00
  0.87805000E+00  0.00000000E+00
  0.87815000E+00  0.00000000E+00
  0.87825000E+00  0.00000000E+00
  0.87835000E+00  0.00000000E+00
  0.87845000E+00  0.00000000E+00
  0.87855000E+00  0.00000000E+00
  0.87865000E+00  0.00000000E+00
  0.87875000E+00  0.00000000E+00
  0.87885000E+00  0.00000000E+00
  0.87895000E+00  0.00000000E+00
  0.87905000E+00  0.00000000E+00
  0.87915000E+00  0.00000000E+00
  0.87925000E+00  0.00000000E+00
  0.87935000E+00  0.00000000E+00
  0.87945000E+00  0.00000000E+00
  0.87955000E+00  0.00000000E+00
  0.87965000E+00  0.00000000E+00
  0.87975000E+00  0.00000000E+00
  0.87985000E+00  0.00000000E+00
  0.87995000E+00  0.00000000E+00
  0.88005000E+00  0.00000000E+00
  0.88015000E+00  0.00000000E+00
  0.88025000E+00  0.00000000E+00
  0.88035000E+00  0.00000000E+00
  0.88045000E+00  0.00000000E+00
  0.88055000E+00  0.00000000E+00
  0.88065000E+00  0.00000000E+00
  0.88075000E+00  0.00000000E+00
  0.88085000E+00  0.00000000E+00
  0.88095000E+00  0.00000000E+00
  0.88105000E+00  0.00000000E+00
  0.88115000E+00  0.00000000E+00
  0.88125000E+00  0.00000000E+00
  0.88135000E+00  0.00000000E+00
  0.88145000E+00  0.00000000E+00
  0.88155000E+00  0.00000000E+00
  0.88165000E+00  0.00000000E+00
  0.88175000E+00  0.00000000E+00
  0.88185000E+00  0.00000000E+00
  0.88195000E+00  0.00000000E+00
  0.88205000E+00  0.00000000E+00
  0.88215000E+00  0.00000000E+00
  0.88225000E+00  0.00000000E+00
  0.88235000E+00  0.00000000E+00
  0.88245000E+00  0.00000000E+00
  0.88255000E+00  0.00000000E+00
  0.88265000E+00  0.00000000E+00
  0.88275000E+00  0.00000000E+00
  0.88285000E+00  0.00000000E+00
  0.88295000E+00  0.00000000E+00
  0.88305000E+00  0.00000000E+00
  0.88315000E+00  0.00000000E+00
  0.88325000E+00  0.00000000E+00
  0.88335000E+00  0.00000000E+00
  0.88345000E+00  0.00000000E+00
  0.88355000E+00  0.00000000E+00
  0.88365000E+00  0.00000000E+00
  0.88375000E+00  0.00000000E+00
  0.88385000E+00  0.00000000E+00
  0.88395000E+00  0.00000000E+00
  0.88405000E+00  0.00000000E+00
  0.88415000E+00  0.00000000E+00
  0.88425000E+00  0.00000000E+00
  0.88435000E+00  0.00000000E+00
  0.88445000E+00  0.00000000E+00
  0.88455000E+00  0.00000000E+00
  0.88465000E+00  0.00000000E+00
  0.88475000E+00  0.00000000E+00
  0.88485000E+00  0.00000000E+00
  0.88495000E+00  0.00000000E+00
  0.88505000E+00  0.00000000E+00
  0.88515000E+00  0.00000000E+00
  0.88525000E+00  0.00000000E+00
  0.88535000E+00  0.00000000E+00
  0.88545000E+00  0.00000000E+00
  0.88555000E+00  0.00000000E+00
  0.88565000E+00  0.00000000E+00
  0.88575000E+00  0.00000000E+00
  0.88585000E+00  0.00000000E+00
  0.88595000E+00  0.00000000E+00
  0.88605000E+00  0.00000000E+00
  0.88615000E+00  0.00000000E+00
  0.88625000E+00  0.00000000E+00
  0.88635000E+00  0.00000000E+00
  0.88645000E+00  0.00000000E+00
  0.88655000E+00  0.00000000E+00
  0.88665000E+00  0.00000000E+00
  0.88675000E+00  0.00000000E+00
  0.88685000E+00  0.00000000E+00
  0.88695000E+00  0.00000000E+00
  0.88705000E+00  0.00000000E+00
  0.88715000E+00  0.00000000E+00
  0.88725000E+00  0.00000000E+00
  0.88735000E+00  0.00000000E+00
  0.88745000E+00  0.00000000E+00
  0.88755000E+00  0.00000000E+00
  0.88765000E+00  0.00000000E+00
  0.88775000E+00  0.00000000E+00
  0.88785000E+00  0.00000000E+00
  0.88795000E+00  0.00000000E+00
  0.88805000E+00  0.00000000E+00
  0.88815000E+00  0.00000000E+00
  0.88825000E+00  0.00000000E+00
  0.88835000E+00  0.00000000E+00
  0.88845000E+00  0.00000000E+00
  0.88855000E+00  0.00000000E+00
  0.88865000E+00  0.00000000E+00
  0.88875000E+00  0.00000000E+00
  0.88885000E+00  0.00000000E+00
  0.88895000E+00  0.00000000E+00
  0.88905000E+00  0.00000000E+00
  0.88915000E+00  0.00000000E+00
  0.88925000E+00  0.00000000E+00
  0.88935000E+00  0.00000000E+00
  0.88945000E+00  0.00000000E+00
  0.88955000E+00  0.00000000E+00
  0.88965000E+00  0.00000000E+00
  0.88975000E+00  0.00000000E+00
  0.88985000E+00  0.00000000E+00
  0.88995000E+00  0.00000000E+00
  0.89005000E+00  0.00000000E+00
  0.89015000E+00  0.00000000E+00
  0.89025000E+00  0.00000000E+00
  0.89035000E+00  0.00000000E+00
  0.89045000E+00  0.00000000E+00
  0.89055000E+00  0.00000000E+00
  0.89065000E+00  0.00000000E+00
  0.89075000E+00  0.00000000E+00
  0.89085000E+00  0.00000000E+00
  0.89095000E+00  0.00000000E+00
  0.89105000E+00  0.00000000E+00
  0.89115000E+00  0.00000000E+00
  0.89125000E+00  0.00000000E+00
  0.89135000E+00  0.00000000E+00
  0.89145000E+00  0.00000000E+00
  0.89155000E+00  0.00000000E+00
  0.89165000E+00  0.00000000E+00
  0.89175000E+00  0.00000000E+00
  0.89185000E+00  0.00000000E+00
  0.89195000E+00  0.00000000E+00
  0.89205000E+00  0.00000000E+00
  0.89215000E+00  0.00000000E+00
  0.89225000E+00  0.00000000E+00
  0.89235000E+00  0.00000000E+00
  0.89245000E+00  0.00000000E+00
  0.89255000E+00  0.00000000E+00
  0.89265000E+00  0.00000000E+00
  0.89275000E+00  0.00000000E+00
  0.89285000E+00  0.00000000E+00
  0.89295000E+00  0.00000000E+00
  0.89305000E+00  0.00000000E+00
  0.89315000E+00  0.00000000E+00
  0.89325000E+00  0.00000000E+00
  0.89335000E+00  0.00000000E+00
  0.89345000E+00  0.00000000E+00
  0.89355000E+00  0.00000000E+00
  0.89365000E+00  0.00000000E+00
  0.89375000E+00  0.00000000E+00
  0.89385000E+00  0.00000000E+00
  0.89395000E+00  0.00000000E+00
  0.89405000E+00  0.00000000E+00
  0.89415000E+00  0.00000000E+00
  0.89425000E+00  0.00000000E+00
  0.89435000E+00  0.00000000E+00
  0.89445000E+00  0.00000000E+00
  0.89455000E+00  0.00000000E+00
  0.89465000E+00  0.00000000E+00
  0.89475000E+00  0.00000000E+00
  0.89485000E+00  0.00000000E+00
  0.89495000E+00  0.00000000E+00
  0.89505000E+00  0.00000000E+00
  0.89515000E+00  0.00000000E+00
  0.89525000E+00  0.00000000E+00
  0.89535000E+00  0.00000000E+00
  0.89545000E+00  0.00000000E+00
  0.89555000E+00  0.00000000E+00
  0.89565000E+00  0.00000000E+00
  0.89575000E+00  0.00000000E+00
  0.89585000E+00  0.00000000E+00
  0.89595000E+00  0.00000000E+00
  0.89605000E+00  0.00000000E+00
  0.89615000E+00  0.00000000E+00
  0.89625000E+00  0.00000000E+00
  0.89635000E+00  0.00000000E+00
  0.89645000E+00  0.00000000E+00
  0.89655000E+00  0.00000000E+00
  0.89665000E+00  0.00000000E+00
  0.89675000E+00  0.00000000E+00
  0.89685000E+00  0.00000000E+00
  0.89695000E+00  0.00000000E+00
  0.89705000E+00  0.00000000E+00
  0.89715000E+00  0.00000000E+00
  0.89725000E+00  0.00000000E+00
  0.89735000E+00  0.00000000E+00
  0.89745000E+00  0.00000000E+00
  0.89755000E+00  0.00000000E+00
  0.89765000E+00  0.00000000E+00
  0.89775000E+00  0.00000000E+00
  0.89785000E+00  0.00000000E+00
  0.89795000E+00  0.00000000E+00
  0.89805000E+00  0.00000000E+00
  0.89815000E+00  0.00000000E+00
  0.89825000E+00  0.00000000E+00
  0.89835000E+00  0.00000000E+00
  0.89845000E+00  0.00000000E+00
  0.89855000E+00  0.00000000E+00
  0.89865000E+00  0.00000000E+00
  0.89875000E+00  0.00000000E+00
  0.89885000E+00  0.00000000E+00
  0.89895000E+00  0.00000000E+00
  0.89905000E+00  0.00000000E+00
  0.89915000E+00  0.00000000E+00
  0.89925000E+00  0.00000000E+00
  0.89935000E+00  0.00000000E+00
  0.89945000E+00  0.00000000E+00
  0.89955000E+00  0.00000000E+00
  0.89965000E+00  0.00000000E+00
  0.89975000E+00  0.00000000E+00
  0.89985000E+00  0.00000000E+00
  0.89995000E+00  0.00000000E+00
  0.90005000E+00  0.00000000E+00
  0.90015000E+00  0.00000000E+00
  0.90025000E+00  0.00000000E+00
  0.90035000E+00  0.00000000E+00
  0.90045000E+00  0.00000000E+00
  0.90055000E+00  0.00000000E+00
  0.90065000E+00  0.00000000E+00
  0.90075000E+00  0.00000000E+00
  0.90085000E+00  0.00000000E+00
  0.90095000E+00  0.00000000E+00
  0.90105000E+00  0.00000000E+00
  0.90115000E+00  0.00000000E+00
  0.90125000E+00  0.00000000E+00
  0.90135000E+00  0.00000000E+00
  0.90145000E+00  0.00000000E+00
  0.90155000E+00  0.00000000E+00
  0.90165000E+00  0.00000000E+00
  0.90175000E+00  0.00000000E+00
  0.90185000E+00  0.00000000E+00
  0.90195000E+00  0.00000000E+00
  0.90205000E+00  0.00000000E+00
  0.90215000E+00  0.00000000E+00
  0.90225000E+00  0.00000000E+00
  0.90235000E+00  0.00000000E+00
  0.90245000E+00  0.00000000E+00
  0.90255000E+00  0.00000000E+00
  0.90265000E+00  0.00000000E+00
  0.90275000E+00  0.00000000E+00
  0.90285000E+00  0.00000000E+00
  0.90295000E+00  0.00000000E+00
  0.90305000E+00  0.00000000E+00
  0.90315000E+00  0.00000000E+00
  0.90325000E+00  0.00000000E+00
  0.90335000E+00  0.00000000E+00
  0.90345000E+00  0.00000000E+00
  0.90355000E+00  0.00000000E+00
  0.90365000E+00  0.00000000E+00
  0.90375000E+00  0.00000000E+00
  0.90385000E+00  0.00000000E+00
  0.90395000E+00  0.00000000E+00
  0.90405000E+00  0.00000000E+00
  0.90415000E+00  0.00000000E+00
  0.90425000E+00  0.00000000E+00
  0.90435000E+00  0.00000000E+00
  0.90445000E+00  0.00000000E+00
  0.90455000E+00  0.00000000E+00
  0.90465000E+00  0.00000000E+00
  0.90475000E+00  0.00000000E+00
  0.90485000E+00  0.00000000E+00
  0.90495000E+00  0.00000000E+00
  0.90505000E+00  0.00000000E+00
  0.90515000E+00  0.00000000E+00
  0.90525000E+00  0.00000000E+00
  0.90535000E+00  0.00000000E+00
  0.90545000E+00  0.00000000E+00
  0.90555000E+00  0.00000000E+00
  0.90565000E+00  0.00000000E+00
  0.90575000E+00  0.00000000E+00
  0.90585000E+00  0.00000000E+00
  0.90595000E+00  0.00000000E+00
  0.90605000E+00  0.00000000E+00
  0.90615000E+00  0.00000000E+00
  0.90625000E+00  0.00000000E+00
  0.90635000E+00  0.00000000E+00
  0.90645000E+00  0.00000000E+00
  0.90655000E+00  0.00000000E+00
  0.90665000E+00  0.00000000E+00
  0.90675000E+00  0.00000000E+00
  0.90685000E+00  0.00000000E+00
  0.90695000E+00  0.00000000E+00
  0.90705000E+00  0.00000000E+00
  0.90715000E+00  0.00000000E+00
  0.90725000E+00  0.00000000E+00
  0.90735000E+00  0.00000000E+00
  0.90745000E+00  0.00000000E+00
  0.90755000E+00  0.00000000E+00
  0.90765000E+00  0.00000000E+00
  0.90775000E+00  0.00000000E+00
  0.90785000E+00  0.00000000E+00
  0.90795000E+00  0.00000000E+00
  0.90805000E+00  0.00000000E+00
  0.90815000E+00  0.00000000E+00
  0.90825000E+00  0.00000000E+00
  0.90835000E+00  0.00000000E+00
  0.90845000E+00  0.00000000E+00
  0.90855000E+00  0.00000000E+00
  0.90865000E+00  0.00000000E+00
  0.90875000E+00  0.00000000E+00
  0.90885000E+00  0.00000000E+00
  0.90895000E+00  0.00000000E+00
  0.90905000E+00  0.00000000E+00
  0.90915000E+00  0.00000000E+00
  0.90925000E+00  0.00000000E+00
  0.90935000E+00  0.00000000E+00
  0.90945000E+00  0.00000000E+00
  0.90955000E+00  0.00000000E+00
  0.90965000E+00  0.00000000E+00
  0.90975000E+00  0.00000000E+00
  0.90985000E+00  0.00000000E+00
  0.90995000E+00  0.00000000E+00
  0.91005000E+00  0.00000000E+00
  0.91015000E+00  0.00000000E+00
  0.91025000E+00  0.00000000E+00
  0.91035000E+00  0.00000000E+00
  0.91045000E+00  0.00000000E+00
  0.91055000E+00  0.00000000E+00
  0.91065000E+00  0.00000000E+00
  0.91075000E+00  0.00000000E+00
  0.91085000E+00  0.00000000E+00
  0.91095000E+00  0.00000000E+00
  0.91105000E+00  0.00000000E+00
  0.91115000E+00  0.00000000E+00
  0.91125000E+00  0.00000000E+00
  0.91135000E+00  0.00000000E+00
  0.91145000E+00  0.00000000E+00
  0.91155000E+00  0.00000000E+00
  0.91165000E+00  0.00000000E+00
  0.91175000E+00  0.00000000E+00
  0.91185000E+00  0.00000000E+00
  0.91195000E+00  0.00000000E+00
  0.91205000E+00  0.00000000E+00
  0.91215000E+00  0.00000000E+00
  0.91225000E+00  0.00000000E+00
  0.91235000E+00  0.00000000E+00
  0.91245000E+00  0.00000000E+00
  0.91255000E+00  0.00000000E+00
  0.91265000E+00  0.00000000E+00
  0.91275000E+00  0.00000000E+00
  0.91285000E+00  0.00000000E+00
  0.91295000E+00  0.00000000E+00
  0.91305000E+00  0.00000000E+00
  0.91315000E+00  0.00000000E+00
  0.91325000E+00  0.00000000E+00
  0.91335000E+00  0.00000000E+00
  0.91345000E+00  0.00000000E+00
  0.91355000E+00  0.00000000E+00
  0.91365000E+00  0.00000000E+00
  0.91375000E+00  0.00000000E+00
  0.91385000E+00  0.00000000E+00
  0.91395000E+00  0.00000000E+00
  0.91405000E+00  0.00000000E+00
  0.91415000E+00  0.00000000E+00
  0.91425000E+00  0.00000000E+00
  0.91435000E+00  0.00000000E+00
  0.91445000E+00  0.00000000E+00
  0.91455000E+00  0.00000000E+00
  0.91465000E+00  0.00000000E+00
  0.91475000E+00  0.00000000E+00
  0.91485000E+00  0.00000000E+00
  0.91495000E+00  0.00000000E+00
  0.91505000E+00  0.00000000E+00
  0.91515000E+00  0.00000000E+00
  0.91525000E+00  0.00000000E+00
  0.91535000E+00  0.00000000E+00
  0.91545000E+00  0.00000000E+00
  0.91555000E+00  0.00000000E+00
  0.91565000E+00  0.00000000E+00
  0.91575000E+00  0.00000000E+00
  0.91585000E+00  0.00000000E+00
  0.91595000E+00  0.00000000E+00
  0.91605000E+00  0.00000000E+00
  0.91615000E+00  0.00000000E+00
  0.91625000E+00  0.00000000E+00
  0.91635000E+00  0.00000000E+00
  0.91645000E+00  0.00000000E+00
  0.91655000E+00  0.00000000E+00
  0.91665000E+00  0.00000000E+00
  0.91675000E+00  0.00000000E+00
  0.91685000E+00  0.00000000E+00
  0.91695000E+00  0.00000000E+00
  0.91705000E+00  0.00000000E+00
  0.91715000E+00  0.00000000E+00
  0.91725000E+00  0.00000000E+00
  0.91735000E+00  0.00000000E+00
  0.91745000E+00  0.00000000E+00
  0.91755000E+00  0.00000000E+00
  0.91765000E+00  0.00000000E+00
  0.91775000E+00  0.00000000E+00
  0.91785000E+00  0.00000000E+00
  0.91795000E+00  0.00000000E+00
  0.91805000E+00  0.00000000E+00
  0.91815000E+00  0.00000000E+00
  0.91825000E+00  0.00000000E+00
  0.91835000E+00  0.00000000E+00
  0.91845000E+00  0.00000000E+00
  0.91855000E+00  0.00000000E+00
  0.91865000E+00  0.00000000E+00
  0.91875000E+00  0.00000000E+00
  0.91885000E+00  0.00000000E+00
  0.91895000E+00  0.00000000E+00
  0.91905000E+00  0.00000000E+00
  0.91915000E+00  0.00000000E+00
  0.91925000E+00  0.00000000E+00
  0.91935000E+00  0.00000000E+00
  0.91945000E+00  0.00000000E+00
  0.91955000E+00  0.00000000E+00
  0.91965000E+00  0.00000000E+00
  0.91975000E+00  0.00000000E+00
  0.91985000E+00  0.00000000E+00
  0.91995000E+00  0.00000000E+00
  0.92005000E+00  0.00000000E+00
  0.92015000E+00  0.00000000E+00
  0.92025000E+00  0.00000000E+00
  0.92035000E+00  0.00000000E+00
  0.92045000E+00  0.00000000E+00
  0.92055000E+00  0.00000000E+00
  0.92065000E+00  0.00000000E+00
  0.92075000E+00  0.00000000E+00
  0.92085000E+00  0.00000000E+00
  0.92095000E+00  0.00000000E+00
  0.92105000E+00  0.00000000E+00
  0.92115000E+00  0.00000000E+00
  0.92125000E+00  0.00000000E+00
  0.92135000E+00  0.00000000E+00
  0.92145000E+00  0.00000000E+00
  0.92155000E+00  0.00000000E+00
  0.92165000E+00  0.00000000E+00
  0.92175000E+00  0.00000000E+00
  0.92185000E+00  0.00000000E+00
  0.92195000E+00  0.00000000E+00
  0.92205000E+00  0.00000000E+00
  0.92215000E+00  0.00000000E+00
  0.92225000E+00  0.00000000E+00
  0.92235000E+00  0.00000000E+00
  0.92245000E+00  0.00000000E+00
  0.92255000E+00  0.00000000E+00
  0.92265000E+00  0.00000000E+00
  0.92275000E+00  0.00000000E+00
  0.92285000E+00  0.00000000E+00
  0.92295000E+00  0.00000000E+00
  0.92305000E+00  0.00000000E+00
  0.92315000E+00  0.00000000E+00
  0.92325000E+00  0.00000000E+00
  0.92335000E+00  0.00000000E+00
  0.92345000E+00  0.00000000E+00
  0.92355000E+00  0.00000000E+00
  0.92365000E+00  0.00000000E+00
  0.92375000E+00  0.00000000E+00
  0.92385000E+00  0.00000000E+00
  0.92395000E+00  0.00000000E+00
  0.92405000E+00  0.00000000E+00
  0.92415000E+00  0.00000000E+00
  0.92425000E+00  0.00000000E+00
  0.92435000E+00  0.00000000E+00
  0.92445000E+00  0.00000000E+00
  0.92455000E+00  0.00000000E+00
  0.92465000E+00  0.00000000E+00
  0.92475000E+00  0.00000000E+00
  0.92485000E+00  0.00000000E+00
  0.92495000E+00  0.00000000E+00
  0.92505000E+00  0.00000000E+00
  0.92515000E+00  0.00000000E+00
  0.92525000E+00  0.00000000E+00
  0.92535000E+00  0.00000000E+00
  0.92545000E+00  0.00000000E+00
  0.92555000E+00  0.00000000E+00
  0.92565000E+00  0.00000000E+00
  0.92575000E+00  0.00000000E+00
  0.92585000E+00  0.00000000E+00
  0.92595000E+00  0.00000000E+00
  0.92605000E+00  0.00000000E+00
  0.92615000E+00  0.00000000E+00
  0.92625000E+00  0.00000000E+00
  0.92635000E+00  0.00000000E+00
  0.92645000E+00  0.00000000E+00
  0.92655000E+00  0.00000000E+00
  0.92665000E+00  0.00000000E+00
  0.92675000E+00  0.00000000E+00
  0.92685000E+00  0.00000000E+00
  0.92695000E+00  0.00000000E+00
  0.92705000E+00  0.00000000E+00
  0.92715000E+00  0.00000000E+00
  0.92725000E+00  0.00000000E+00
  0.92735000E+00  0.00000000E+00
  0.92745000E+00  0.00000000E+00
  0.92755000E+00  0.00000000E+00
  0.92765000E+00  0.00000000E+00
  0.92775000E+00  0.00000000E+00
  0.92785000E+00  0.00000000E+00
  0.92795000E+00  0.00000000E+00
  0.92805000E+00  0.00000000E+00
  0.92815000E+00  0.00000000E+00
  0.92825000E+00  0.00000000E+00
  0.92835000E+00  0.00000000E+00
  0.92845000E+00  0.00000000E+00
  0.92855000E+00  0.00000000E+00
  0.92865000E+00  0.00000000E+00
  0.92875000E+00  0.00000000E+00
  0.92885000E+00  0.00000000E+00
  0.92895000E+00  0.00000000E+00
  0.92905000E+00  0.00000000E+00
  0.92915000E+00  0.00000000E+00
  0.92925000E+00  0.00000000E+00
  0.92935000E+00  0.00000000E+00
  0.92945000E+00  0.00000000E+00
  0.92955000E+00  0.00000000E+00
  0.92965000E+00  0.00000000E+00
  0.92975000E+00  0.00000000E+00
  0.92985000E+00  0.00000000E+00
  0.92995000E+00  0.00000000E+00
  0.93005000E+00  0.00000000E+00
  0.93015000E+00  0.00000000E+00
  0.93025000E+00  0.00000000E+00
  0.93035000E+00  0.00000000E+00
  0.93045000E+00  0.00000000E+00
  0.93055000E+00  0.00000000E+00
  0.93065000E+00  0.00000000E+00
  0.93075000E+00  0.00000000E+00
  0.93085000E+00  0.00000000E+00
  0.93095000E+00  0.00000000E+00
  0.93105000E+00  0.00000000E+00
  0.93115000E+00  0.00000000E+00
  0.93125000E+00  0.00000000E+00
  0.93135000E+00  0.00000000E+00
  0.93145000E+00  0.00000000E+00
  0.93155000E+00  0.00000000E+00
  0.93165000E+00  0.00000000E+00
  0.93175000E+00  0.00000000E+00
  0.93185000E+00  0.00000000E+00
  0.93195000E+00  0.00000000E+00
  0.93205000E+00  0.00000000E+00
  0.93215000E+00  0.00000000E+00
  0.93225000E+00  0.00000000E+00
  0.93235000E+00  0.00000000E+00
  0.93245000E+00  0.00000000E+00
  0.93255000E+00  0.00000000E+00
  0.93265000E+00  0.00000000E+00
  0.93275000E+00  0.00000000E+00
  0.93285000E+00  0.00000000E+00
  0.93295000E+00  0.00000000E+00
  0.93305000E+00  0.00000000E+00
  0.93315000E+00  0.00000000E+00
  0.93325000E+00  0.00000000E+00
  0.93335000E+00  0.00000000E+00
  0.93345000E+00  0.00000000E+00
  0.93355000E+00  0.00000000E+00
  0.93365000E+00  0.00000000E+00
  0.93375000E+00  0.00000000E+00
  0.93385000E+00  0.00000000E+00
  0.93395000E+00  0.00000000E+00
  0.93405000E+00  0.00000000E+00
  0.93415000E+00  0.00000000E+00
  0.93425000E+00  0.00000000E+00
  0.93435000E+00  0.00000000E+00
  0.93445000E+00  0.00000000E+00
  0.93455000E+00  0.00000000E+00
  0.93465000E+00  0.00000000E+00
  0.93475000E+00  0.00000000E+00
  0.93485000E+00  0.00000000E+00
  0.93495000E+00  0.00000000E+00
  0.93505000E+00  0.00000000E+00
  0.93515000E+00  0.00000000E+00
  0.93525000E+00  0.00000000E+00
  0.93535000E+00  0.00000000E+00
  0.93545000E+00  0.00000000E+00
  0.93555000E+00  0.00000000E+00
  0.93565000E+00  0.00000000E+00
  0.93575000E+00  0.00000000E+00
  0.93585000E+00  0.00000000E+00
  0.93595000E+00  0.00000000E+00
  0.93605000E+00  0.00000000E+00
  0.93615000E+00  0.00000000E+00
  0.93625000E+00  0.00000000E+00
  0.93635000E+00  0.00000000E+00
  0.93645000E+00  0.00000000E+00
  0.93655000E+00  0.00000000E+00
  0.93665000E+00  0.00000000E+00
  0.93675000E+00  0.00000000E+00
  0.93685000E+00  0.00000000E+00
  0.93695000E+00  0.00000000E+00
  0.93705000E+00  0.00000000E+00
  0.93715000E+00  0.00000000E+00
  0.93725000E+00  0.00000000E+00
  0.93735000E+00  0.00000000E+00
  0.93745000E+00  0.00000000E+00
  0.93755000E+00  0.00000000E+00
  0.93765000E+00  0.00000000E+00
  0.93775000E+00  0.00000000E+00
  0.93785000E+00  0.00000000E+00
  0.93795000E+00  0.00000000E+00
  0.93805000E+00  0.00000000E+00
  0.93815000E+00  0.00000000E+00
  0.93825000E+00  0.00000000E+00
  0.93835000E+00  0.00000000E+00
  0.93845000E+00  0.00000000E+00
  0.93855000E+00  0.00000000E+00
  0.93865000E+00  0.00000000E+00
  0.93875000E+00  0.00000000E+00
  0.93885000E+00  0.00000000E+00
  0.93895000E+00  0.00000000E+00
  0.93905000E+00  0.00000000E+00
  0.93915000E+00  0.00000000E+00
  0.93925000E+00  0.00000000E+00
  0.93935000E+00  0.00000000E+00
  0.93945000E+00  0.00000000E+00
  0.93955000E+00  0.00000000E+00
  0.93965000E+00  0.00000000E+00
  0.93975000E+00  0.00000000E+00
  0.93985000E+00  0.00000000E+00
  0.93995000E+00  0.00000000E+00
  0.94005000E+00  0.00000000E+00
  0.94015000E+00  0.00000000E+00
  0.94025000E+00  0.00000000E+00
  0.94035000E+00  0.00000000E+00
  0.94045000E+00  0.00000000E+00
  0.94055000E+00  0.00000000E+00
  0.94065000E+00  0.00000000E+00
  0.94075000E+00  0.00000000E+00
  0.94085000E+00  0.00000000E+00
  0.94095000E+00  0.00000000E+00
  0.94105000E+00  0.00000000E+00
  0.94115000E+00  0.00000000E+00
  0.94125000E+00  0.00000000E+00
  0.94135000E+00  0.00000000E+00
  0.94145000E+00  0.00000000E+00
  0.94155000E+00  0.00000000E+00
  0.94165000E+00  0.00000000E+00
  0.94175000E+00  0.00000000E+00
  0.94185000E+00  0.00000000E+00
  0.94195000E+00  0.00000000E+00
  0.94205000E+00  0.00000000E+00
  0.94215000E+00  0.00000000E+00
  0.94225000E+00  0.00000000E+00
  0.94235000E+00  0.00000000E+00
  0.94245000E+00  0.00000000E+00
  0.94255000E+00  0.00000000E+00
  0.94265000E+00  0.00000000E+00
  0.94275000E+00  0.00000000E+00
  0.94285000E+00  0.00000000E+00
  0.94295000E+00  0.00000000E+00
  0.94305000E+00  0.00000000E+00
  0.94315000E+00  0.00000000E+00
  0.94325000E+00  0.00000000E+00
  0.94335000E+00  0.00000000E+00
  0.94345000E+00  0.00000000E+00
  0.94355000E+00  0.00000000E+00
  0.94365000E+00  0.00000000E+00
  0.94375000E+00  0.00000000E+00
  0.94385000E+00  0.00000000E+00
  0.94395000E+00  0.00000000E+00
  0.94405000E+00  0.00000000E+00
  0.94415000E+00  0.00000000E+00
  0.94425000E+00  0.00000000E+00
  0.94435000E+00  0.00000000E+00
  0.94445000E+00  0.00000000E+00
  0.94455000E+00  0.00000000E+00
  0.94465000E+00  0.00000000E+00
  0.94475000E+00  0.00000000E+00
  0.94485000E+00  0.00000000E+00
  0.94495000E+00  0.00000000E+00
  0.94505000E+00  0.00000000E+00
  0.94515000E+00  0.00000000E+00
  0.94525000E+00  0.00000000E+00
  0.94535000E+00  0.00000000E+00
  0.94545000E+00  0.00000000E+00
  0.94555000E+00  0.00000000E+00
  0.94565000E+00  0.00000000E+00
  0.94575000E+00  0.00000000E+00
  0.94585000E+00  0.00000000E+00
  0.94595000E+00  0.00000000E+00
  0.94605000E+00  0.00000000E+00
  0.94615000E+00  0.00000000E+00
  0.94625000E+00  0.00000000E+00
  0.94635000E+00  0.00000000E+00
  0.94645000E+00  0.00000000E+00
  0.94655000E+00  0.00000000E+00
  0.94665000E+00  0.00000000E+00
  0.94675000E+00  0.00000000E+00
  0.94685000E+00  0.00000000E+00
  0.94695000E+00  0.00000000E+00
  0.94705000E+00  0.00000000E+00
  0.94715000E+00  0.00000000E+00
  0.94725000E+00  0.00000000E+00
  0.94735000E+00  0.00000000E+00
  0.94745000E+00  0.00000000E+00
  0.94755000E+00  0.00000000E+00
  0.94765000E+00  0.00000000E+00
  0.94775000E+00  0.00000000E+00
  0.94785000E+00  0.00000000E+00
  0.94795000E+00  0.00000000E+00
  0.94805000E+00  0.00000000E+00
  0.94815000E+00  0.00000000E+00
  0.94825000E+00  0.00000000E+00
  0.94835000E+00  0.00000000E+00
  0.94845000E+00  0.00000000E+00
  0.94855000E+00  0.00000000E+00
  0.94865000E+00  0.00000000E+00
  0.94875000E+00  0.00000000E+00
  0.94885000E+00  0.00000000E+00
  0.94895000E+00  0.00000000E+00
  0.94905000E+00  0.00000000E+00
  0.94915000E+00  0.00000000E+00
  0.94925000E+00  0.00000000E+00
  0.94935000E+00  0.00000000E+00
  0.94945000E+00  0.00000000E+00
  0.94955000E+00  0.00000000E+00
  0.94965000E+00  0.00000000E+00
  0.94975000E+00  0.00000000E+00
  0.94985000E+00  0.00000000E+00
  0.94995000E+00  0.00000000E+00
  0.95005000E+00  0.00000000E+00
  0.95015000E+00  0.00000000E+00
  0.95025000E+00  0.00000000E+00
  0.95035000E+00  0.00000000E+00
  0.95045000E+00  0.00000000E+00
  0.95055000E+00  0.00000000E+00
  0.95065000E+00  0.00000000E+00
  0.95075000E+00  0.00000000E+00
  0.95085000E+00  0.00000000E+00
  0.95095000E+00  0.00000000E+00
  0.95105000E+00  0.00000000E+00
  0.95115000E+00  0.00000000E+00
  0.95125000E+00  0.00000000E+00
  0.95135000E+00  0.00000000E+00
  0.95145000E+00  0.00000000E+00
  0.95155000E+00  0.00000000E+00
  0.95165000E+00  0.00000000E+00
  0.95175000E+00  0.00000000E+00
  0.95185000E+00  0.00000000E+00
  0.95195000E+00  0.00000000E+00
  0.95205000E+00  0.00000000E+00
  0.95215000E+00  0.00000000E+00
  0.95225000E+00  0.00000000E+00
  0.95235000E+00  0.00000000E+00
  0.95245000E+00  0.00000000E+00
  0.95255000E+00  0.00000000E+00
  0.95265000E+00  0.00000000E+00
  0.95275000E+00  0.00000000E+00
  0.95285000E+00  0.00000000E+00
  0.95295000E+00  0.00000000E+00
  0.95305000E+00  0.00000000E+00
  0.95315000E+00  0.00000000E+00
  0.95325000E+00  0.00000000E+00
  0.95335000E+00  0.00000000E+00
  0.95345000E+00  0.00000000E+00
  0.95355000E+00  0.00000000E+00
  0.95365000E+00  0.00000000E+00
  0.95375000E+00  0.00000000E+00
  0.95385000E+00  0.00000000E+00
  0.95395000E+00  0.00000000E+00
  0.95405000E+00  0.00000000E+00
  0.95415000E+00  0.00000000E+00
  0.95425000E+00  0.00000000E+00
  0.95435000E+00  0.00000000E+00
  0.95445000E+00  0.00000000E+00
  0.95455000E+00  0.00000000E+00
  0.95465000E+00  0.00000000E+00
  0.95475000E+00  0.00000000E+00
  0.95485000E+00  0.00000000E+00
  0.95495000E+00  0.00000000E+00
  0.95505000E+00  0.00000000E+00
  0.95515000E+00  0.00000000E+00
  0.95525000E+00  0.00000000E+00
  0.95535000E+00  0.00000000E+00
  0.95545000E+00  0.00000000E+00
  0.95555000E+00  0.00000000E+00
  0.95565000E+00  0.00000000E+00
  0.95575000E+00  0.00000000E+00
  0.95585000E+00  0.00000000E+00
  0.95595000E+00  0.00000000E+00
  0.95605000E+00  0.00000000E+00
  0.95615000E+00  0.00000000E+00
  0.95625000E+00  0.00000000E+00
  0.95635000E+00  0.00000000E+00
  0.95645000E+00  0.00000000E+00
  0.95655000E+00  0.00000000E+00
  0.95665000E+00  0.00000000E+00
  0.95675000E+00  0.00000000E+00
  0.95685000E+00  0.00000000E+00
  0.95695000E+00  0.00000000E+00
  0.95705000E+00  0.00000000E+00
  0.95715000E+00  0.00000000E+00
  0.95725000E+00  0.00000000E+00
  0.95735000E+00  0.00000000E+00
  0.95745000E+00  0.00000000E+00
  0.95755000E+00  0.00000000E+00
  0.95765000E+00  0.00000000E+00
  0.95775000E+00  0.00000000E+00
  0.95785000E+00  0.00000000E+00
  0.95795000E+00  0.00000000E+00
  0.95805000E+00  0.00000000E+00
  0.95815000E+00  0.00000000E+00
  0.95825000E+00  0.00000000E+00
  0.95835000E+00  0.00000000E+00
  0.95845000E+00  0.00000000E+00
  0.95855000E+00  0.00000000E+00
  0.95865000E+00  0.00000000E+00
  0.95875000E+00  0.00000000E+00
  0.95885000E+00  0.00000000E+00
  0.95895000E+00  0.00000000E+00
  0.95905000E+00  0.00000000E+00
  0.95915000E+00  0.00000000E+00
  0.95925000E+00  0.00000000E+00
  0.95935000E+00  0.00000000E+00
  0.95945000E+00  0.00000000E+00
  0.95955000E+00  0.00000000E+00
  0.95965000E+00  0.00000000E+00
  0.95975000E+00  0.00000000E+00
  0.95985000E+00  0.00000000E+00
  0.95995000E+00  0.00000000E+00
  0.96005000E+00  0.00000000E+00
  0.96015000E+00  0.00000000E+00
  0.96025000E+00  0.00000000E+00
  0.96035000E+00  0.00000000E+00
  0.96045000E+00  0.00000000E+00
  0.96055000E+00  0.00000000E+00
  0.96065000E+00  0.00000000E+00
  0.96075000E+00  0.00000000E+00
  0.96085000E+00  0.00000000E+00
  0.96095000E+00  0.00000000E+00
  0.96105000E+00  0.00000000E+00
  0.96115000E+00  0.00000000E+00
  0.96125000E+00  0.00000000E+00
  0.96135000E+00  0.00000000E+00
  0.96145000E+00  0.00000000E+00
  0.96155000E+00  0.00000000E+00
  0.96165000E+00  0.00000000E+00
  0.96175000E+00  0.00000000E+00
  0.96185000E+00  0.00000000E+00
  0.96195000E+00  0.00000000E+00
  0.96205000E+00  0.00000000E+00
  0.96215000E+00  0.00000000E+00
  0.96225000E+00  0.00000000E+00
  0.96235000E+00  0.00000000E+00
  0.96245000E+00  0.00000000E+00
  0.96255000E+00  0.00000000E+00
  0.96265000E+00  0.00000000E+00
  0.96275000E+00  0.00000000E+00
  0.96285000E+00  0.00000000E+00
  0.96295000E+00  0.00000000E+00
  0.96305000E+00  0.00000000E+00
  0.96315000E+00  0.00000000E+00
  0.96325000E+00  0.00000000E+00
  0.96335000E+00  0.00000000E+00
  0.96345000E+00  0.00000000E+00
  0.96355000E+00  0.00000000E+00
  0.96365000E+00  0.00000000E+00
  0.96375000E+00  0.00000000E+00
  0.96385000E+00  0.00000000E+00
  0.96395000E+00  0.00000000E+00
  0.96405000E+00  0.00000000E+00
  0.96415000E+00  0.00000000E+00
  0.96425000E+00  0.00000000E+00
  0.96435000E+00  0.00000000E+00
  0.96445000E+00  0.00000000E+00
  0.96455000E+00  0.00000000E+00
  0.96465000E+00  0.00000000E+00
  0.96475000E+00  0.00000000E+00
  0.96485000E+00  0.00000000E+00
  0.96495000E+00  0.00000000E+00
  0.96505000E+00  0.00000000E+00
  0.96515000E+00  0.00000000E+00
  0.96525000E+00  0.00000000E+00
  0.96535000E+00  0.00000000E+00
  0.96545000E+00  0.00000000E+00
  0.96555000E+00  0.00000000E+00
  0.96565000E+00  0.00000000E+00
  0.96575000E+00  0.00000000E+00
  0.96585000E+00  0.00000000E+00
  0.96595000E+00  0.00000000E+00
  0.96605000E+00  0.00000000E+00
  0.96615000E+00  0.00000000E+00
  0.96625000E+00  0.00000000E+00
  0.96635000E+00  0.00000000E+00
  0.96645000E+00  0.00000000E+00
  0.96655000E+00  0.00000000E+00
  0.96665000E+00  0.00000000E+00
  0.96675000E+00  0.00000000E+00
  0.96685000E+00  0.00000000E+00
  0.96695000E+00  0.00000000E+00
  0.96705000E+00  0.00000000E+00
  0.96715000E+00  0.00000000E+00
  0.96725000E+00  0.00000000E+00
  0.96735000E+00  0.00000000E+00
  0.96745000E+00  0.00000000E+00
  0.96755000E+00  0.00000000E+00
  0.96765000E+00  0.00000000E+00
  0.96775000E+00  0.00000000E+00
  0.96785000E+00  0.00000000E+00
  0.96795000E+00  0.00000000E+00
  0.96805000E+00  0.00000000E+00
  0.96815000E+00  0.00000000E+00
  0.96825000E+00  0.00000000E+00
  0.96835000E+00  0.00000000E+00
  0.96845000E+00  0.00000000E+00
  0.96855000E+00  0.00000000E+00
  0.96865000E+00  0.00000000E+00
  0.96875000E+00  0.00000000E+00
  0.96885000E+00  0.00000000E+00
  0.96895000E+00  0.00000000E+00
  0.96905000E+00  0.00000000E+00
  0.96915000E+00  0.00000000E+00
  0.96925000E+00  0.00000000E+00
  0.96935000E+00  0.00000000E+00
  0.96945000E+00  0.00000000E+00
  0.96955000E+00  0.00000000E+00
  0.96965000E+00  0.00000000E+00
  0.96975000E+00  0.00000000E+00
  0.96985000E+00  0.00000000E+00
  0.96995000E+00  0.00000000E+00
  0.97005000E+00  0.00000000E+00
  0.97015000E+00  0.00000000E+00
  0.97025000E+00  0.00000000E+00
  0.97035000E+00  0.00000000E+00
  0.97045000E+00  0.00000000E+00
  0.97055000E+00  0.00000000E+00
  0.97065000E+00  0.00000000E+00
  0.97075000E+00  0.00000000E+00
  0.97085000E+00  0.00000000E+00
  0.97095000E+00  0.00000000E+00
  0.97105000E+00  0.00000000E+00
  0.97115000E+00  0.00000000E+00
  0.97125000E+00  0.00000000E+00
  0.97135000E+00  0.00000000E+00
  0.97145000E+00  0.00000000E+00
  0.97155000E+00  0.00000000E+00
  0.97165000E+00  0.00000000E+00
  0.97175000E+00  0.00000000E+00
  0.97185000E+00  0.00000000E+00
  0.97195000E+00  0.00000000E+00
  0.97205000E+00  0.00000000E+00
  0.97215000E+00  0.00000000E+00
  0.97225000E+00  0.00000000E+00
  0.97235000E+00  0.00000000E+00
  0.97245000E+00  0.00000000E+00
  0.97255000E+00  0.00000000E+00
  0.97265000E+00  0.00000000E+00
  0.97275000E+00  0.00000000E+00
  0.97285000E+00  0.00000000E+00
  0.97295000E+00  0.00000000E+00
  0.97305000E+00  0.00000000E+00
  0.97315000E+00  0.00000000E+00
  0.97325000E+00  0.00000000E+00
  0.97335000E+00  0.00000000E+00
  0.97345000E+00  0.00000000E+00
  0.97355000E+00  0.00000000E+00
  0.97365000E+00  0.00000000E+00
  0.97375000E+00  0.00000000E+00
  0.97385000E+00  0.00000000E+00
  0.97395000E+00  0.00000000E+00
  0.97405000E+00  0.00000000E+00
  0.97415000E+00  0.00000000E+00
  0.97425000E+00  0.00000000E+00
  0.97435000E+00  0.00000000E+00
  0.97445000E+00  0.00000000E+00
  0.97455000E+00  0.00000000E+00
  0.97465000E+00  0.00000000E+00
  0.97475000E+00  0.00000000E+00
  0.97485000E+00  0.00000000E+00
  0.97495000E+00  0.00000000E+00
  0.97505000E+00  0.00000000E+00
  0.97515000E+00  0.00000000E+00
  0.97525000E+00  0.00000000E+00
  0.97535000E+00  0.00000000E+00
  0.97545000E+00  0.00000000E+00
  0.97555000E+00  0.00000000E+00
  0.97565000E+00  0.00000000E+00
  0.97575000E+00  0.00000000E+00
  0.97585000E+00  0.00000000E+00
  0.97595000E+00  0.00000000E+00
  0.97605000E+00  0.00000000E+00
  0.97615000E+00  0.00000000E+00
  0.97625000E+00  0.00000000E+00
  0.97635000E+00  0.00000000E+00
  0.97645000E+00  0.00000000E+00
  0.97655000E+00  0.00000000E+00
  0.97665000E+00  0.00000000E+00
  0.97675000E+00  0.00000000E+00
  0.97685000E+00  0.00000000E+00
  0.97695000E+00  0.00000000E+00
  0.97705000E+00  0.00000000E+00
  0.97715000E+00  0.00000000E+00
  0.97725000E+00  0.00000000E+00
  0.97735000E+00  0.00000000E+00
  0.97745000E+00  0.00000000E+00
  0.97755000E+00  0.00000000E+00
  0.97765000E+00  0.00000000E+00
  0.97775000E+00  0.00000000E+00
  0.97785000E+00  0.00000000E+00
  0.97795000E+00  0.00000000E+00
  0.97805000E+00  0.00000000E+00
  0.97815000E+00  0.00000000E+00
  0.97825000E+00  0.00000000E+00
  0.97835000E+00  0.00000000E+00
  0.97845000E+00  0.00000000E+00
  0.97855000E+00  0.00000000E+00
  0.97865000E+00  0.00000000E+00
  0.97875000E+00  0.00000000E+00
  0.97885000E+00  0.00000000E+00
  0.97895000E+00  0.00000000E+00
  0.97905000E+00  0.00000000E+00
  0.97915000E+00  0.00000000E+00
  0.97925000E+00  0.00000000E+00
  0.97935000E+00  0.00000000E+00
  0.97945000E+00  0.00000000E+00
  0.97955000E+00  0.00000000E+00
  0.97965000E+00  0.00000000E+00
  0.97975000E+00  0.00000000E+00
  0.97985000E+00  0.00000000E+00
  0.97995000E+00  0.00000000E+00
  0.98005000E+00  0.00000000E+00
  0.98015000E+00  0.00000000E+00
  0.98025000E+00  0.00000000E+00
  0.98035000E+00  0.00000000E+00
  0.98045000E+00  0.00000000E+00
  0.98055000E+00  0.00000000E+00
  0.98065000E+00  0.00000000E+00
  0.98075000E+00  0.00000000E+00
  0.98085000E+00  0.00000000E+00
  0.98095000E+00  0.00000000E+00
  0.98105000E+00  0.00000000E+00
  0.98115000E+00  0.00000000E+00
  0.98125000E+00  0.00000000E+00
  0.98135000E+00  0.00000000E+00
  0.98145000E+00  0.00000000E+00
  0.98155000E+00  0.00000000E+00
  0.98165000E+00  0.00000000E+00
  0.98175000E+00  0.00000000E+00
  0.98185000E+00  0.00000000E+00
  0.98195000E+00  0.00000000E+00
  0.98205000E+00  0.00000000E+00
  0.98215000E+00  0.00000000E+00
  0.98225000E+00  0.00000000E+00
  0.98235000E+00  0.00000000E+00
  0.98245000E+00  0.00000000E+00
  0.98255000E+00  0.00000000E+00
  0.98265000E+00  0.00000000E+00
  0.98275000E+00  0.00000000E+00
  0.98285000E+00  0.00000000E+00
  0.98295000E+00  0.00000000E+00
  0.98305000E+00  0.00000000E+00
  0.98315000E+00  0.00000000E+00
  0.98325000E+00  0.00000000E+00
  0.98335000E+00  0.00000000E+00
  0.98345000E+00  0.00000000E+00
  0.98355000E+00  0.00000000E+00
  0.98365000E+00  0.00000000E+00
  0.98375000E+00  0.00000000E+00
  0.98385000E+00  0.00000000E+00
  0.98395000E+00  0.00000000E+00
  0.98405000E+00  0.00000000E+00
  0.98415000E+00  0.00000000E+00
  0.98425000E+00  0.00000000E+00
  0.98435000E+00  0.00000000E+00
  0.98445000E+00  0.00000000E+00
  0.98455000E+00  0.00000000E+00
  0.98465000E+00  0.00000000E+00
  0.98475000E+00  0.00000000E+00
  0.98485000E+00  0.00000000E+00
  0.98495000E+00  0.00000000E+00
  0.98505000E+00  0.00000000E+00
  0.98515000E+00  0.00000000E+00
  0.98525000E+00  0.00000000E+00
  0.98535000E+00  0.00000000E+00
  0.98545000E+00  0.00000000E+00
  0.98555000E+00  0.00000000E+00
  0.98565000E+00  0.00000000E+00
  0.98575000E+00  0.00000000E+00
  0.98585000E+00  0.00000000E+00
  0.98595000E+00  0.00000000E+00
  0.98605000E+00  0.00000000E+00
  0.98615000E+00  0.00000000E+00
  0.98625000E+00  0.00000000E+00
  0.98635000E+00  0.00000000E+00
  0.98645000E+00  0.00000000E+00
  0.98655000E+00  0.00000000E+00
  0.98665000E+00  0.00000000E+00
  0.98675000E+00  0.00000000E+00
  0.98685000E+00  0.00000000E+00
  0.98695000E+00  0.00000000E+00
  0.98705000E+00  0.00000000E+00
  0.98715000E+00  0.00000000E+00
  0.98725000E+00  0.00000000E+00
  0.98735000E+00  0.00000000E+00
  0.98745000E+00  0.00000000E+00
  0.98755000E+00  0.00000000E+00
  0.98765000E+00  0.00000000E+00
  0.98775000E+00  0.00000000E+00
  0.98785000E+00  0.00000000E+00
  0.98795000E+00  0.00000000E+00
  0.98805000E+00  0.00000000E+00
  0.98815000E+00  0.00000000E+00
  0.98825000E+00  0.00000000E+00
  0.98835000E+00  0.00000000E+00
  0.98845000E+00  0.00000000E+00
  0.98855000E+00  0.00000000E+00
  0.98865000E+00  0.00000000E+00
  0.98875000E+00  0.00000000E+00
  0.98885000E+00  0.00000000E+00
  0.98895000E+00  0.00000000E+00
  0.98905000E+00  0.00000000E+00
  0.98915000E+00  0.00000000E+00
  0.98925000E+00  0.00000000E+00
  0.98935000E+00  0.00000000E+00
  0.98945000E+00  0.00000000E+00
  0.98955000E+00  0.00000000E+00
  0.98965000E+00  0.00000000E+00
  0.98975000E+00  0.00000000E+00
  0.98985000E+00  0.00000000E+00
  0.98995000E+00  0.00000000E+00
  0.99005000E+00  0.00000000E+00
  0.99015000E+00  0.00000000E+00
  0.99025000E+00  0.00000000E+00
  0.99035000E+00  0.00000000E+00
  0.99045000E+00  0.00000000E+00
  0.99055000E+00  0.00000000E+00
  0.99065000E+00  0.00000000E+00
  0.99075000E+00  0.00000000E+00
  0.99085000E+00  0.00000000E+00
  0.99095000E+00  0.00000000E+00
  0.99105000E+00  0.00000000E+00
  0.99115000E+00  0.00000000E+00
  0.99125000E+00  0.00000000E+00
  0.99135000E+00  0.00000000E+00
  0.99145000E+00  0.00000000E+00
  0.99155000E+00  0.00000000E+00
  0.99165000E+00  0.00000000E+00
  0.99175000E+00  0.00000000E+00
  0.99185000E+00  0.00000000E+00
  0.99195000E+00  0.00000000E+00
  0.99205000E+00  0.00000000E+00
  0.99215000E+00  0.00000000E+00
  0.99225000E+00  0.00000000E+00
  0.99235000E+00  0.00000000E+00
  0.99245000E+00  0.00000000E+00
  0.99255000E+00  0.00000000E+00
  0.99265000E+00  0.00000000E+00
  0.99275000E+00  0.00000000E+00
  0.99285000E+00  0.00000000E+00
  0.99295000E+00  0.00000000E+00
  0.99305000E+00  0.00000000E+00
  0.99315000E+00  0.00000000E+00
  0.99325000E+00  0.00000000E+00
  0.99335000E+00  0.00000000E+00
  0.99345000E+00  0.00000000E+00
  0.99355000E+00  0.00000000E+00
  0.99365000E+00  0.00000000E+00
  0.99375000E+00  0.00000000E+00
  0.99385000E+00  0.00000000E+00
  0.99395000E+00  0.00000000E+00
  0.99405000E+00  0.00000000E+00
  0.99415000E+00  0.00000000E+00
  0.99425000E+00  0.00000000E+00
  0.99435000E+00  0.00000000E+00
  0.99445000E+00  0.00000000E+00
  0.99455000E+00  0.00000000E+00
  0.99465000E+00  0.00000000E+00
  0.99475000E+00  0.00000000E+00
  0.99485000E+00  0.00000000E+00
  0.99495000E+00  0.00000000E+00
  0.99505000E+00  0.00000000E+00
  0.99515000E+00  0.00000000E+00
  0.99525000E+00  0.00000000E+00
  0.99535000E+00  0.00000000E+00
  0.99545000E+00  0.00000000E+00
  0.99555000E+00  0.00000000E+00
  0.99565000E+00  0.00000000E+00
  0.99575000E+00  0.00000000E+00
  0.99585000E+00  0.00000000E+00
  0.99595000E+00  0.00000000E+00
  0.99605000E+00  0.00000000E+00
  0.99615000E+00  0.00000000E+00
  0.99625000E+00  0.00000000E+00
  0.99635000E+00  0.00000000E+00
  0.99645000E+00  0.00000000E+00
  0.99655000E+00  0.00000000E+00
  0.99665000E+00  0.00000000E+00
  0.99675000E+00  0.00000000E+00
  0.99685000E+00  0.00000000E+00
  0.99695000E+00  0.00000000E+00
  0.99705000E+00  0.00000000E+00
  0.99715000E+00  0.00000000E+00
  0.99725000E+00  0.00000000E+00
  0.99735000E+00  0.00000000E+00
  0.99745000E+00  0.00000000E+00
  0.99755000E+00  0.00000000E+00
  0.99765000E+00  0.00000000E+00
  0.99775000E+00  0.00000000E+00
  0.99785000E+00  0.00000000E+00
  0.99795000E+00  0.00000000E+00
  0.99805000E+00  0.00000000E+00
  0.99815000E+00  0.00000000E+00
  0.99825000E+00  0.00000000E+00
  0.99835000E+00  0.00000000E+00
  0.99845000E+00  0.00000000E+00
  0.99855000E+00  0.00000000E+00
  0.99865000E+00  0.00000000E+00
  0.99875000E+00  0.00000000E+00
  0.99885000E+00  0.00000000E+00
  0.99895000E+00  0.00000000E+00
  0.99905000E+00  0.00000000E+00
  0.99915000E+00  0.00000000E+00
  0.99925000E+00  0.00000000E+00
  0.99935000E+00  0.00000000E+00
  0.99945000E+00  0.00000000E+00
  0.99955000E+00  0.00000000E+00
  0.99965000E+00  0.00000000E+00
  0.99975000E+00  0.00000000E+00
  0.99985000E+00  0.00000000E+00
  0.99995000E+00  0.00000000E+00
