  0.10000000E-03  0.10000000E+01
  0.30000000E-03  0.10000000E+01
  0.50000000E-03  0.10000000E+01
  0.70000000E-03  0.10000000E+01
  0.90000000E-03  0.10000000E+01
  0.11000000E-02  0.10000000E+01
  0.13000000E-02  0.10000000E+01
  0.15000000E-02  0.10000000E+01
  0.17000000E-02  0.10000000E+01
  0.19000000E-02  0.10000000E+01
  0.21000000E-02  0.10000000E+01
  0.23000000E-02  0.10000000E+01
  0.25000000E-02  0.10000000E+01
  0.27000000E-02  0.10000000E+01
  0.29000000E-02  0.10000000E+01
  0.31000000E-02  0.10000000E+01
  0.33000000E-02  0.10000000E+01
  0.35000000E-02  0.10000000E+01
  0.37000000E-02  0.10000000E+01
  0.39000000E-02  0.10000000E+01
  0.41000000E-02  0.10000000E+01
  0.43000000E-02  0.10000000E+01
  0.45000000E-02  0.10000000E+01
  0.47000000E-02  0.10000000E+01
  0.49000000E-02  0.10000000E+01
  0.51000000E-02  0.10000000E+01
  0.53000000E-02  0.10000000E+01
  0.55000000E-02  0.10000000E+01
  0.57000000E-02  0.10000000E+01
  0.59000000E-02  0.10000000E+01
  0.61000000E-02  0.10000000E+01
  0.63000000E-02  0.10000000E+01
  0.65000000E-02  0.10000000E+01
  0.67000000E-02  0.10000000E+01
  0.69000000E-02  0.10000000E+01
  0.71000000E-02  0.10000000E+01
  0.73000000E-02  0.10000000E+01
  0.75000000E-02  0.10000000E+01
  0.77000000E-02  0.10000000E+01
  0.79000000E-02  0.10000000E+01
  0.81000000E-02  0.10000000E+01
  0.83000000E-02  0.10000000E+01
  0.85000000E-02  0.10000000E+01
  0.87000000E-02  0.10000000E+01
  0.89000000E-02  0.10000000E+01
  0.91000000E-02  0.10000000E+01
  0.93000000E-02  0.10000000E+01
  0.95000000E-02  0.10000000E+01
  0.97000000E-02  0.10000000E+01
  0.99000000E-02  0.10000000E+01
  0.10100000E-01  0.10000000E+01
  0.10300000E-01  0.10000000E+01
  0.10500000E-01  0.10000000E+01
  0.10700000E-01  0.10000000E+01
  0.10900000E-01  0.10000000E+01
  0.11100000E-01  0.10000000E+01
  0.11300000E-01  0.10000000E+01
  0.11500000E-01  0.10000000E+01
  0.11700000E-01  0.10000000E+01
  0.11900000E-01  0.10000000E+01
  0.12100000E-01  0.10000000E+01
  0.12300000E-01  0.10000000E+01
  0.12500000E-01  0.10000000E+01
  0.12700000E-01  0.10000000E+01
  0.12900000E-01  0.10000000E+01
  0.13100000E-01  0.10000000E+01
  0.13300000E-01  0.10000000E+01
  0.13500000E-01  0.10000000E+01
  0.13700000E-01  0.10000000E+01
  0.13900000E-01  0.10000000E+01
  0.14100000E-01  0.10000000E+01
  0.14300000E-01  0.10000000E+01
  0.14500000E-01  0.10000000E+01
  0.14700000E-01  0.10000000E+01
  0.14900000E-01  0.10000000E+01
  0.15100000E-01  0.10000000E+01
  0.15300000E-01  0.10000000E+01
  0.15500000E-01  0.10000000E+01
  0.15700000E-01  0.10000000E+01
  0.15900000E-01  0.10000000E+01
  0.16100000E-01  0.10000000E+01
  0.16300000E-01  0.10000000E+01
  0.16500000E-01  0.10000000E+01
  0.16700000E-01  0.10000000E+01
  0.16900000E-01  0.10000000E+01
  0.17100000E-01  0.10000000E+01
  0.17300000E-01  0.10000000E+01
  0.17500000E-01  0.10000000E+01
  0.17700000E-01  0.10000000E+01
  0.17900000E-01  0.10000000E+01
  0.18100000E-01  0.10000000E+01
  0.18300000E-01  0.10000000E+01
  0.18500000E-01  0.10000000E+01
  0.18700000E-01  0.10000000E+01
  0.18900000E-01  0.10000000E+01
  0.19100000E-01  0.10000000E+01
  0.19300000E-01  0.10000000E+01
  0.19500000E-01  0.10000000E+01
  0.19700000E-01  0.10000000E+01
  0.19900000E-01  0.10000000E+01
  0.20100000E-01  0.10000000E+01
  0.20300000E-01  0.10000000E+01
  0.20500000E-01  0.10000000E+01
  0.20700000E-01  0.10000000E+01
  0.20900000E-01  0.10000000E+01
  0.21100000E-01  0.10000000E+01
  0.21300000E-01  0.10000000E+01
  0.21500000E-01  0.10000000E+01
  0.21700000E-01  0.10000000E+01
  0.21900000E-01  0.10000000E+01
  0.22100000E-01  0.10000000E+01
  0.22300000E-01  0.10000000E+01
  0.22500000E-01  0.10000000E+01
  0.22700000E-01  0.10000000E+01
  0.22900000E-01  0.10000000E+01
  0.23100000E-01  0.10000000E+01
  0.23300000E-01  0.10000000E+01
  0.23500000E-01  0.10000000E+01
  0.23700000E-01  0.10000000E+01
  0.23900000E-01  0.10000000E+01
  0.24100000E-01  0.10000000E+01
  0.24300000E-01  0.10000000E+01
  0.24500000E-01  0.10000000E+01
  0.24700000E-01  0.10000000E+01
  0.24900000E-01  0.10000000E+01
  0.25100000E-01  0.10000000E+01
  0.25300000E-01  0.10000000E+01
  0.25500000E-01  0.10000000E+01
  0.25700000E-01  0.10000000E+01
  0.25900000E-01  0.10000000E+01
  0.26100000E-01  0.10000000E+01
  0.26300000E-01  0.10000000E+01
  0.26500000E-01  0.10000000E+01
  0.26700000E-01  0.10000000E+01
  0.26900000E-01  0.10000000E+01
  0.27100000E-01  0.10000000E+01
  0.27300000E-01  0.10000000E+01
  0.27500000E-01  0.10000000E+01
  0.27700000E-01  0.10000000E+01
  0.27900000E-01  0.10000000E+01
  0.28100000E-01  0.10000000E+01
  0.28300000E-01  0.10000000E+01
  0.28500000E-01  0.10000000E+01
  0.28700000E-01  0.10000000E+01
  0.28900000E-01  0.10000000E+01
  0.29100000E-01  0.10000000E+01
  0.29300000E-01  0.10000000E+01
  0.29500000E-01  0.10000000E+01
  0.29700000E-01  0.10000000E+01
  0.29900000E-01  0.10000000E+01
  0.30100000E-01  0.10000000E+01
  0.30300000E-01  0.10000000E+01
  0.30500000E-01  0.10000000E+01
  0.30700000E-01  0.10000000E+01
  0.30900000E-01  0.10000000E+01
  0.31100000E-01  0.10000000E+01
  0.31300000E-01  0.10000000E+01
  0.31500000E-01  0.10000000E+01
  0.31700000E-01  0.10000000E+01
  0.31900000E-01  0.10000000E+01
  0.32100000E-01  0.10000000E+01
  0.32300000E-01  0.10000000E+01
  0.32500000E-01  0.10000000E+01
  0.32700000E-01  0.10000000E+01
  0.32900000E-01  0.10000000E+01
  0.33100000E-01  0.10000000E+01
  0.33300000E-01  0.10000000E+01
  0.33500000E-01  0.10000000E+01
  0.33700000E-01  0.10000000E+01
  0.33900000E-01  0.10000000E+01
  0.34100000E-01  0.10000000E+01
  0.34300000E-01  0.10000000E+01
  0.34500000E-01  0.10000000E+01
  0.34700000E-01  0.10000000E+01
  0.34900000E-01  0.10000000E+01
  0.35100000E-01  0.10000000E+01
  0.35300000E-01  0.10000000E+01
  0.35500000E-01  0.10000000E+01
  0.35700000E-01  0.10000000E+01
  0.35900000E-01  0.10000000E+01
  0.36100000E-01  0.10000000E+01
  0.36300000E-01  0.10000000E+01
  0.36500000E-01  0.10000000E+01
  0.36700000E-01  0.10000000E+01
  0.36900000E-01  0.10000000E+01
  0.37100000E-01  0.10000000E+01
  0.37300000E-01  0.10000000E+01
  0.37500000E-01  0.10000000E+01
  0.37700000E-01  0.10000000E+01
  0.37900000E-01  0.10000000E+01
  0.38100000E-01  0.10000000E+01
  0.38300000E-01  0.10000000E+01
  0.38500000E-01  0.10000000E+01
  0.38700000E-01  0.10000000E+01
  0.38900000E-01  0.10000000E+01
  0.39100000E-01  0.10000000E+01
  0.39300000E-01  0.10000000E+01
  0.39500000E-01  0.10000000E+01
  0.39700000E-01  0.10000000E+01
  0.39900000E-01  0.10000000E+01
  0.40100000E-01  0.10000000E+01
  0.40300000E-01  0.10000000E+01
  0.40500000E-01  0.10000000E+01
  0.40700000E-01  0.10000000E+01
  0.40900000E-01  0.10000000E+01
  0.41100000E-01  0.10000000E+01
  0.41300000E-01  0.10000000E+01
  0.41500000E-01  0.10000000E+01
  0.41700000E-01  0.10000000E+01
  0.41900000E-01  0.10000000E+01
  0.42100000E-01  0.10000000E+01
  0.42300000E-01  0.10000000E+01
  0.42500000E-01  0.10000000E+01
  0.42700000E-01  0.10000000E+01
  0.42900000E-01  0.10000000E+01
  0.43100000E-01  0.10000000E+01
  0.43300000E-01  0.10000000E+01
  0.43500000E-01  0.10000000E+01
  0.43700000E-01  0.10000000E+01
  0.43900000E-01  0.10000000E+01
  0.44100000E-01  0.10000000E+01
  0.44300000E-01  0.10000000E+01
  0.44500000E-01  0.10000000E+01
  0.44700000E-01  0.10000000E+01
  0.44900000E-01  0.10000000E+01
  0.45100000E-01  0.10000000E+01
  0.45300000E-01  0.10000000E+01
  0.45500000E-01  0.10000000E+01
  0.45700000E-01  0.10000000E+01
  0.45900000E-01  0.10000000E+01
  0.46100000E-01  0.10000000E+01
  0.46300000E-01  0.10000000E+01
  0.46500000E-01  0.10000000E+01
  0.46700000E-01  0.10000000E+01
  0.46900000E-01  0.10000000E+01
  0.47100000E-01  0.10000000E+01
  0.47300000E-01  0.10000000E+01
  0.47500000E-01  0.10000000E+01
  0.47700000E-01  0.10000000E+01
  0.47900000E-01  0.10000000E+01
  0.48100000E-01  0.10000000E+01
  0.48300000E-01  0.10000000E+01
  0.48500000E-01  0.10000000E+01
  0.48700000E-01  0.10000000E+01
  0.48900000E-01  0.10000000E+01
  0.49100000E-01  0.10000000E+01
  0.49300000E-01  0.10000000E+01
  0.49500000E-01  0.10000000E+01
  0.49700000E-01  0.10000000E+01
  0.49900000E-01  0.10000000E+01
  0.50100000E-01  0.10000000E+01
  0.50300000E-01  0.10000000E+01
  0.50500000E-01  0.10000000E+01
  0.50700000E-01  0.10000000E+01
  0.50900000E-01  0.10000000E+01
  0.51100000E-01  0.10000000E+01
  0.51300000E-01  0.10000000E+01
  0.51500000E-01  0.10000000E+01
  0.51700000E-01  0.10000000E+01
  0.51900000E-01  0.10000000E+01
  0.52100000E-01  0.10000000E+01
  0.52300000E-01  0.10000000E+01
  0.52500000E-01  0.10000000E+01
  0.52700000E-01  0.10000000E+01
  0.52900000E-01  0.10000000E+01
  0.53100000E-01  0.10000000E+01
  0.53300000E-01  0.10000000E+01
  0.53500000E-01  0.10000000E+01
  0.53700000E-01  0.10000000E+01
  0.53900000E-01  0.10000000E+01
  0.54100000E-01  0.10000000E+01
  0.54300000E-01  0.10000000E+01
  0.54500000E-01  0.10000000E+01
  0.54700000E-01  0.10000000E+01
  0.54900000E-01  0.10000000E+01
  0.55100000E-01  0.10000000E+01
  0.55300000E-01  0.10000000E+01
  0.55500000E-01  0.10000000E+01
  0.55700000E-01  0.10000000E+01
  0.55900000E-01  0.10000000E+01
  0.56100000E-01  0.10000000E+01
  0.56300000E-01  0.10000000E+01
  0.56500000E-01  0.10000000E+01
  0.56700000E-01  0.10000000E+01
  0.56900000E-01  0.10000000E+01
  0.57100000E-01  0.10000000E+01
  0.57300000E-01  0.10000000E+01
  0.57500000E-01  0.10000000E+01
  0.57700000E-01  0.10000000E+01
  0.57900000E-01  0.10000000E+01
  0.58100000E-01  0.10000000E+01
  0.58300000E-01  0.10000000E+01
  0.58500000E-01  0.10000000E+01
  0.58700000E-01  0.10000000E+01
  0.58900000E-01  0.10000000E+01
  0.59100000E-01  0.10000000E+01
  0.59300000E-01  0.10000000E+01
  0.59500000E-01  0.10000000E+01
  0.59700000E-01  0.10000000E+01
  0.59900000E-01  0.10000000E+01
  0.60100000E-01  0.10000000E+01
  0.60300000E-01  0.10000000E+01
  0.60500000E-01  0.10000000E+01
  0.60700000E-01  0.10000000E+01
  0.60900000E-01  0.10000000E+01
  0.61100000E-01  0.10000000E+01
  0.61300000E-01  0.10000000E+01
  0.61500000E-01  0.10000000E+01
  0.61700000E-01  0.10000000E+01
  0.61900000E-01  0.10000000E+01
  0.62100000E-01  0.10000000E+01
  0.62300000E-01  0.10000000E+01
  0.62500000E-01  0.10000000E+01
  0.62700000E-01  0.10000000E+01
  0.62900000E-01  0.10000000E+01
  0.63100000E-01  0.10000000E+01
  0.63300000E-01  0.10000000E+01
  0.63500000E-01  0.10000000E+01
  0.63700000E-01  0.10000000E+01
  0.63900000E-01  0.10000000E+01
  0.64100000E-01  0.10000000E+01
  0.64300000E-01  0.10000000E+01
  0.64500000E-01  0.10000000E+01
  0.64700000E-01  0.10000000E+01
  0.64900000E-01  0.10000000E+01
  0.65100000E-01  0.10000000E+01
  0.65300000E-01  0.10000000E+01
  0.65500000E-01  0.10000000E+01
  0.65700000E-01  0.10000000E+01
  0.65900000E-01  0.10000000E+01
  0.66100000E-01  0.10000000E+01
  0.66300000E-01  0.10000000E+01
  0.66500000E-01  0.10000000E+01
  0.66700000E-01  0.10000000E+01
  0.66900000E-01  0.10000000E+01
  0.67100000E-01  0.10000000E+01
  0.67300000E-01  0.10000000E+01
  0.67500000E-01  0.10000000E+01
  0.67700000E-01  0.10000000E+01
  0.67900000E-01  0.10000000E+01
  0.68100000E-01  0.10000000E+01
  0.68300000E-01  0.10000000E+01
  0.68500000E-01  0.10000000E+01
  0.68700000E-01  0.10000000E+01
  0.68900000E-01  0.10000000E+01
  0.69100000E-01  0.10000000E+01
  0.69300000E-01  0.10000000E+01
  0.69500000E-01  0.10000000E+01
  0.69700000E-01  0.10000000E+01
  0.69900000E-01  0.10000000E+01
  0.70100000E-01  0.10000000E+01
  0.70300000E-01  0.10000000E+01
  0.70500000E-01  0.10000000E+01
  0.70700000E-01  0.10000000E+01
  0.70900000E-01  0.10000000E+01
  0.71100000E-01  0.10000000E+01
  0.71300000E-01  0.10000000E+01
  0.71500000E-01  0.10000000E+01
  0.71700000E-01  0.10000000E+01
  0.71900000E-01  0.10000000E+01
  0.72100000E-01  0.10000000E+01
  0.72300000E-01  0.10000000E+01
  0.72500000E-01  0.10000000E+01
  0.72700000E-01  0.10000000E+01
  0.72900000E-01  0.10000000E+01
  0.73100000E-01  0.10000000E+01
  0.73300000E-01  0.10000000E+01
  0.73500000E-01  0.10000000E+01
  0.73700000E-01  0.10000000E+01
  0.73900000E-01  0.10000000E+01
  0.74100000E-01  0.10000000E+01
  0.74300000E-01  0.10000000E+01
  0.74500000E-01  0.10000000E+01
  0.74700000E-01  0.10000000E+01
  0.74900000E-01  0.10000000E+01
  0.75100000E-01  0.10000000E+01
  0.75300000E-01  0.10000000E+01
  0.75500000E-01  0.10000000E+01
  0.75700000E-01  0.10000000E+01
  0.75900000E-01  0.10000000E+01
  0.76100000E-01  0.10000000E+01
  0.76300000E-01  0.10000000E+01
  0.76500000E-01  0.10000000E+01
  0.76700000E-01  0.10000000E+01
  0.76900000E-01  0.10000000E+01
  0.77100000E-01  0.10000000E+01
  0.77300000E-01  0.10000000E+01
  0.77500000E-01  0.10000000E+01
  0.77700000E-01  0.10000000E+01
  0.77900000E-01  0.10000000E+01
  0.78100000E-01  0.10000000E+01
  0.78300000E-01  0.10000000E+01
  0.78500000E-01  0.10000000E+01
  0.78700000E-01  0.10000000E+01
  0.78900000E-01  0.10000000E+01
  0.79100000E-01  0.10000000E+01
  0.79300000E-01  0.10000000E+01
  0.79500000E-01  0.10000000E+01
  0.79700000E-01  0.10000000E+01
  0.79900000E-01  0.10000000E+01
  0.80100000E-01  0.10000000E+01
  0.80300000E-01  0.10000000E+01
  0.80500000E-01  0.10000000E+01
  0.80700000E-01  0.10000000E+01
  0.80900000E-01  0.10000000E+01
  0.81100000E-01  0.10000000E+01
  0.81300000E-01  0.10000000E+01
  0.81500000E-01  0.10000000E+01
  0.81700000E-01  0.10000000E+01
  0.81900000E-01  0.10000000E+01
  0.82100000E-01  0.10000000E+01
  0.82300000E-01  0.10000000E+01
  0.82500000E-01  0.10000000E+01
  0.82700000E-01  0.10000000E+01
  0.82900000E-01  0.10000000E+01
  0.83100000E-01  0.10000000E+01
  0.83300000E-01  0.10000000E+01
  0.83500000E-01  0.10000000E+01
  0.83700000E-01  0.10000000E+01
  0.83900000E-01  0.10000000E+01
  0.84100000E-01  0.10000000E+01
  0.84300000E-01  0.10000000E+01
  0.84500000E-01  0.10000000E+01
  0.84700000E-01  0.10000000E+01
  0.84900000E-01  0.10000000E+01
  0.85100000E-01  0.10000000E+01
  0.85300000E-01  0.10000000E+01
  0.85500000E-01  0.10000000E+01
  0.85700000E-01  0.10000000E+01
  0.85900000E-01  0.10000000E+01
  0.86100000E-01  0.10000000E+01
  0.86300000E-01  0.10000000E+01
  0.86500000E-01  0.10000000E+01
  0.86700000E-01  0.10000000E+01
  0.86900000E-01  0.10000000E+01
  0.87100000E-01  0.10000000E+01
  0.87300000E-01  0.10000000E+01
  0.87500000E-01  0.10000000E+01
  0.87700000E-01  0.10000000E+01
  0.87900000E-01  0.10000000E+01
  0.88100000E-01  0.10000000E+01
  0.88300000E-01  0.10000000E+01
  0.88500000E-01  0.10000000E+01
  0.88700000E-01  0.10000000E+01
  0.88900000E-01  0.10000000E+01
  0.89100000E-01  0.10000000E+01
  0.89300000E-01  0.10000000E+01
  0.89500000E-01  0.10000000E+01
  0.89700000E-01  0.10000000E+01
  0.89900000E-01  0.10000000E+01
  0.90100000E-01  0.10000000E+01
  0.90300000E-01  0.10000000E+01
  0.90500000E-01  0.10000000E+01
  0.90700000E-01  0.10000000E+01
  0.90900000E-01  0.10000000E+01
  0.91100000E-01  0.10000000E+01
  0.91300000E-01  0.10000000E+01
  0.91500000E-01  0.10000000E+01
  0.91700000E-01  0.10000000E+01
  0.91900000E-01  0.10000000E+01
  0.92100000E-01  0.10000000E+01
  0.92300000E-01  0.10000000E+01
  0.92500000E-01  0.10000000E+01
  0.92700000E-01  0.10000000E+01
  0.92900000E-01  0.10000000E+01
  0.93100000E-01  0.10000000E+01
  0.93300000E-01  0.10000000E+01
  0.93500000E-01  0.10000000E+01
  0.93700000E-01  0.10000000E+01
  0.93900000E-01  0.10000000E+01
  0.94100000E-01  0.10000000E+01
  0.94300000E-01  0.10000000E+01
  0.94500000E-01  0.10000000E+01
  0.94700000E-01  0.10000000E+01
  0.94900000E-01  0.10000000E+01
  0.95100000E-01  0.10000000E+01
  0.95300000E-01  0.10000000E+01
  0.95500000E-01  0.10000000E+01
  0.95700000E-01  0.10000000E+01
  0.95900000E-01  0.10000000E+01
  0.96100000E-01  0.10000000E+01
  0.96300000E-01  0.10000000E+01
  0.96500000E-01  0.10000000E+01
  0.96700000E-01  0.10000000E+01
  0.96900000E-01  0.10000000E+01
  0.97100000E-01  0.10000000E+01
  0.97300000E-01  0.10000000E+01
  0.97500000E-01  0.10000000E+01
  0.97700000E-01  0.10000000E+01
  0.97900000E-01  0.10000000E+01
  0.98100000E-01  0.10000000E+01
  0.98300000E-01  0.10000000E+01
  0.98500000E-01  0.10000000E+01
  0.98700000E-01  0.10000000E+01
  0.98900000E-01  0.10000000E+01
  0.99100000E-01  0.10000000E+01
  0.99300000E-01  0.10000000E+01
  0.99500000E-01  0.10000000E+01
  0.99700000E-01  0.10000000E+01
  0.99900000E-01  0.10000000E+01
  0.10010000E+00  0.10000000E+01
  0.10030000E+00  0.10000000E+01
  0.10050000E+00  0.10000000E+01
  0.10070000E+00  0.10000000E+01
  0.10090000E+00  0.10000000E+01
  0.10110000E+00  0.10000000E+01
  0.10130000E+00  0.10000000E+01
  0.10150000E+00  0.10000000E+01
  0.10170000E+00  0.10000000E+01
  0.10190000E+00  0.10000000E+01
  0.10210000E+00  0.10000000E+01
  0.10230000E+00  0.10000000E+01
  0.10250000E+00  0.10000000E+01
  0.10270000E+00  0.10000000E+01
  0.10290000E+00  0.10000000E+01
  0.10310000E+00  0.10000000E+01
  0.10330000E+00  0.10000000E+01
  0.10350000E+00  0.10000000E+01
  0.10370000E+00  0.10000000E+01
  0.10390000E+00  0.10000000E+01
  0.10410000E+00  0.10000000E+01
  0.10430000E+00  0.10000000E+01
  0.10450000E+00  0.10000000E+01
  0.10470000E+00  0.10000000E+01
  0.10490000E+00  0.10000000E+01
  0.10510000E+00  0.10000000E+01
  0.10530000E+00  0.10000000E+01
  0.10550000E+00  0.10000000E+01
  0.10570000E+00  0.10000000E+01
  0.10590000E+00  0.10000000E+01
  0.10610000E+00  0.10000000E+01
  0.10630000E+00  0.10000000E+01
  0.10650000E+00  0.10000000E+01
  0.10670000E+00  0.10000000E+01
  0.10690000E+00  0.10000000E+01
  0.10710000E+00  0.10000000E+01
  0.10730000E+00  0.10000000E+01
  0.10750000E+00  0.10000000E+01
  0.10770000E+00  0.10000000E+01
  0.10790000E+00  0.10000000E+01
  0.10810000E+00  0.10000000E+01
  0.10830000E+00  0.10000000E+01
  0.10850000E+00  0.10000000E+01
  0.10870000E+00  0.10000000E+01
  0.10890000E+00  0.10000000E+01
  0.10910000E+00  0.10000000E+01
  0.10930000E+00  0.10000000E+01
  0.10950000E+00  0.10000000E+01
  0.10970000E+00  0.10000000E+01
  0.10990000E+00  0.10000000E+01
  0.11010000E+00  0.10000000E+01
  0.11030000E+00  0.10000000E+01
  0.11050000E+00  0.10000000E+01
  0.11070000E+00  0.10000000E+01
  0.11090000E+00  0.10000000E+01
  0.11110000E+00  0.10000000E+01
  0.11130000E+00  0.10000000E+01
  0.11150000E+00  0.10000000E+01
  0.11170000E+00  0.10000000E+01
  0.11190000E+00  0.10000000E+01
  0.11210000E+00  0.10000000E+01
  0.11230000E+00  0.10000000E+01
  0.11250000E+00  0.10000000E+01
  0.11270000E+00  0.10000000E+01
  0.11290000E+00  0.10000000E+01
  0.11310000E+00  0.10000000E+01
  0.11330000E+00  0.10000000E+01
  0.11350000E+00  0.10000000E+01
  0.11370000E+00  0.10000000E+01
  0.11390000E+00  0.10000000E+01
  0.11410000E+00  0.10000000E+01
  0.11430000E+00  0.10000000E+01
  0.11450000E+00  0.10000000E+01
  0.11470000E+00  0.10000000E+01
  0.11490000E+00  0.10000000E+01
  0.11510000E+00  0.10000000E+01
  0.11530000E+00  0.10000000E+01
  0.11550000E+00  0.10000000E+01
  0.11570000E+00  0.10000000E+01
  0.11590000E+00  0.10000000E+01
  0.11610000E+00  0.10000000E+01
  0.11630000E+00  0.10000000E+01
  0.11650000E+00  0.10000000E+01
  0.11670000E+00  0.10000000E+01
  0.11690000E+00  0.10000000E+01
  0.11710000E+00  0.10000000E+01
  0.11730000E+00  0.10000000E+01
  0.11750000E+00  0.10000000E+01
  0.11770000E+00  0.10000000E+01
  0.11790000E+00  0.10000000E+01
  0.11810000E+00  0.10000000E+01
  0.11830000E+00  0.10000000E+01
  0.11850000E+00  0.10000000E+01
  0.11870000E+00  0.10000000E+01
  0.11890000E+00  0.10000000E+01
  0.11910000E+00  0.10000000E+01
  0.11930000E+00  0.10000000E+01
  0.11950000E+00  0.10000000E+01
  0.11970000E+00  0.10000000E+01
  0.11990000E+00  0.10000000E+01
  0.12010000E+00  0.10000000E+01
  0.12030000E+00  0.10000000E+01
  0.12050000E+00  0.10000000E+01
  0.12070000E+00  0.10000000E+01
  0.12090000E+00  0.10000000E+01
  0.12110000E+00  0.10000000E+01
  0.12130000E+00  0.10000000E+01
  0.12150000E+00  0.10000000E+01
  0.12170000E+00  0.10000000E+01
  0.12190000E+00  0.10000000E+01
  0.12210000E+00  0.10000000E+01
  0.12230000E+00  0.10000000E+01
  0.12250000E+00  0.10000000E+01
  0.12270000E+00  0.10000000E+01
  0.12290000E+00  0.10000000E+01
  0.12310000E+00  0.10000000E+01
  0.12330000E+00  0.10000000E+01
  0.12350000E+00  0.10000000E+01
  0.12370000E+00  0.10000000E+01
  0.12390000E+00  0.10000000E+01
  0.12410000E+00  0.10000000E+01
  0.12430000E+00  0.10000000E+01
  0.12450000E+00  0.10000000E+01
  0.12470000E+00  0.10000000E+01
  0.12490000E+00  0.10000000E+01
  0.12510000E+00  0.10000000E+01
  0.12530000E+00  0.10000000E+01
  0.12550000E+00  0.10000000E+01
  0.12570000E+00  0.10000000E+01
  0.12590000E+00  0.10000000E+01
  0.12610000E+00  0.10000000E+01
  0.12630000E+00  0.10000000E+01
  0.12650000E+00  0.10000000E+01
  0.12670000E+00  0.10000000E+01
  0.12690000E+00  0.10000000E+01
  0.12710000E+00  0.10000000E+01
  0.12730000E+00  0.10000000E+01
  0.12750000E+00  0.10000000E+01
  0.12770000E+00  0.10000000E+01
  0.12790000E+00  0.10000000E+01
  0.12810000E+00  0.10000000E+01
  0.12830000E+00  0.10000000E+01
  0.12850000E+00  0.10000000E+01
  0.12870000E+00  0.10000000E+01
  0.12890000E+00  0.10000000E+01
  0.12910000E+00  0.10000000E+01
  0.12930000E+00  0.10000000E+01
  0.12950000E+00  0.10000000E+01
  0.12970000E+00  0.10000000E+01
  0.12990000E+00  0.10000000E+01
  0.13010000E+00  0.10000000E+01
  0.13030000E+00  0.10000000E+01
  0.13050000E+00  0.10000000E+01
  0.13070000E+00  0.10000000E+01
  0.13090000E+00  0.10000000E+01
  0.13110000E+00  0.10000000E+01
  0.13130000E+00  0.10000000E+01
  0.13150000E+00  0.10000000E+01
  0.13170000E+00  0.10000000E+01
  0.13190000E+00  0.10000000E+01
  0.13210000E+00  0.10000000E+01
  0.13230000E+00  0.10000000E+01
  0.13250000E+00  0.10000000E+01
  0.13270000E+00  0.10000000E+01
  0.13290000E+00  0.10000000E+01
  0.13310000E+00  0.10000000E+01
  0.13330000E+00  0.10000000E+01
  0.13350000E+00  0.10000000E+01
  0.13370000E+00  0.10000000E+01
  0.13390000E+00  0.10000000E+01
  0.13410000E+00  0.10000000E+01
  0.13430000E+00  0.10000000E+01
  0.13450000E+00  0.10000000E+01
  0.13470000E+00  0.10000000E+01
  0.13490000E+00  0.10000000E+01
  0.13510000E+00  0.10000000E+01
  0.13530000E+00  0.10000000E+01
  0.13550000E+00  0.10000000E+01
  0.13570000E+00  0.10000000E+01
  0.13590000E+00  0.10000000E+01
  0.13610000E+00  0.10000000E+01
  0.13630000E+00  0.10000000E+01
  0.13650000E+00  0.10000000E+01
  0.13670000E+00  0.10000000E+01
  0.13690000E+00  0.10000000E+01
  0.13710000E+00  0.10000000E+01
  0.13730000E+00  0.10000000E+01
  0.13750000E+00  0.10000000E+01
  0.13770000E+00  0.10000000E+01
  0.13790000E+00  0.10000000E+01
  0.13810000E+00  0.10000000E+01
  0.13830000E+00  0.10000000E+01
  0.13850000E+00  0.10000000E+01
  0.13870000E+00  0.10000000E+01
  0.13890000E+00  0.10000000E+01
  0.13910000E+00  0.10000000E+01
  0.13930000E+00  0.10000000E+01
  0.13950000E+00  0.10000000E+01
  0.13970000E+00  0.10000000E+01
  0.13990000E+00  0.10000000E+01
  0.14010000E+00  0.10000000E+01
  0.14030000E+00  0.10000000E+01
  0.14050000E+00  0.10000000E+01
  0.14070000E+00  0.10000000E+01
  0.14090000E+00  0.10000000E+01
  0.14110000E+00  0.10000000E+01
  0.14130000E+00  0.10000000E+01
  0.14150000E+00  0.10000000E+01
  0.14170000E+00  0.10000000E+01
  0.14190000E+00  0.10000000E+01
  0.14210000E+00  0.10000000E+01
  0.14230000E+00  0.10000000E+01
  0.14250000E+00  0.10000000E+01
  0.14270000E+00  0.10000000E+01
  0.14290000E+00  0.10000000E+01
  0.14310000E+00  0.10000000E+01
  0.14330000E+00  0.10000000E+01
  0.14350000E+00  0.10000000E+01
  0.14370000E+00  0.10000000E+01
  0.14390000E+00  0.10000000E+01
  0.14410000E+00  0.10000000E+01
  0.14430000E+00  0.10000000E+01
  0.14450000E+00  0.10000000E+01
  0.14470000E+00  0.10000000E+01
  0.14490000E+00  0.10000000E+01
  0.14510000E+00  0.10000000E+01
  0.14530000E+00  0.10000000E+01
  0.14550000E+00  0.10000000E+01
  0.14570000E+00  0.10000000E+01
  0.14590000E+00  0.10000000E+01
  0.14610000E+00  0.10000000E+01
  0.14630000E+00  0.10000000E+01
  0.14650000E+00  0.10000000E+01
  0.14670000E+00  0.10000000E+01
  0.14690000E+00  0.10000000E+01
  0.14710000E+00  0.10000000E+01
  0.14730000E+00  0.10000000E+01
  0.14750000E+00  0.10000000E+01
  0.14770000E+00  0.10000000E+01
  0.14790000E+00  0.10000000E+01
  0.14810000E+00  0.10000000E+01
  0.14830000E+00  0.10000000E+01
  0.14850000E+00  0.10000000E+01
  0.14870000E+00  0.10000000E+01
  0.14890000E+00  0.10000000E+01
  0.14910000E+00  0.10000000E+01
  0.14930000E+00  0.10000000E+01
  0.14950000E+00  0.10000000E+01
  0.14970000E+00  0.10000000E+01
  0.14990000E+00  0.10000000E+01
  0.15010000E+00  0.10000000E+01
  0.15030000E+00  0.10000000E+01
  0.15050000E+00  0.10000000E+01
  0.15070000E+00  0.10000000E+01
  0.15090000E+00  0.10000000E+01
  0.15110000E+00  0.10000000E+01
  0.15130000E+00  0.10000000E+01
  0.15150000E+00  0.10000000E+01
  0.15170000E+00  0.10000000E+01
  0.15190000E+00  0.10000000E+01
  0.15210000E+00  0.10000000E+01
  0.15230000E+00  0.10000000E+01
  0.15250000E+00  0.10000000E+01
  0.15270000E+00  0.10000000E+01
  0.15290000E+00  0.10000000E+01
  0.15310000E+00  0.10000000E+01
  0.15330000E+00  0.10000000E+01
  0.15350000E+00  0.10000000E+01
  0.15370000E+00  0.10000000E+01
  0.15390000E+00  0.10000000E+01
  0.15410000E+00  0.10000000E+01
  0.15430000E+00  0.10000000E+01
  0.15450000E+00  0.10000000E+01
  0.15470000E+00  0.10000000E+01
  0.15490000E+00  0.10000000E+01
  0.15510000E+00  0.10000000E+01
  0.15530000E+00  0.10000000E+01
  0.15550000E+00  0.10000000E+01
  0.15570000E+00  0.10000000E+01
  0.15590000E+00  0.10000000E+01
  0.15610000E+00  0.10000000E+01
  0.15630000E+00  0.10000000E+01
  0.15650000E+00  0.10000000E+01
  0.15670000E+00  0.10000000E+01
  0.15690000E+00  0.10000000E+01
  0.15710000E+00  0.10000000E+01
  0.15730000E+00  0.10000000E+01
  0.15750000E+00  0.10000000E+01
  0.15770000E+00  0.10000000E+01
  0.15790000E+00  0.10000000E+01
  0.15810000E+00  0.10000000E+01
  0.15830000E+00  0.10000000E+01
  0.15850000E+00  0.10000000E+01
  0.15870000E+00  0.10000000E+01
  0.15890000E+00  0.10000000E+01
  0.15910000E+00  0.10000000E+01
  0.15930000E+00  0.10000000E+01
  0.15950000E+00  0.10000000E+01
  0.15970000E+00  0.10000000E+01
  0.15990000E+00  0.10000000E+01
  0.16010000E+00  0.10000000E+01
  0.16030000E+00  0.10000000E+01
  0.16050000E+00  0.10000000E+01
  0.16070000E+00  0.10000000E+01
  0.16090000E+00  0.10000000E+01
  0.16110000E+00  0.10000000E+01
  0.16130000E+00  0.10000000E+01
  0.16150000E+00  0.10000000E+01
  0.16170000E+00  0.10000000E+01
  0.16190000E+00  0.10000000E+01
  0.16210000E+00  0.10000000E+01
  0.16230000E+00  0.10000000E+01
  0.16250000E+00  0.10000000E+01
  0.16270000E+00  0.10000000E+01
  0.16290000E+00  0.10000000E+01
  0.16310000E+00  0.10000000E+01
  0.16330000E+00  0.10000000E+01
  0.16350000E+00  0.10000000E+01
  0.16370000E+00  0.10000000E+01
  0.16390000E+00  0.10000000E+01
  0.16410000E+00  0.10000000E+01
  0.16430000E+00  0.10000000E+01
  0.16450000E+00  0.10000000E+01
  0.16470000E+00  0.10000000E+01
  0.16490000E+00  0.10000000E+01
  0.16510000E+00  0.10000000E+01
  0.16530000E+00  0.10000000E+01
  0.16550000E+00  0.10000000E+01
  0.16570000E+00  0.10000000E+01
  0.16590000E+00  0.10000000E+01
  0.16610000E+00  0.10000000E+01
  0.16630000E+00  0.10000000E+01
  0.16650000E+00  0.10000000E+01
  0.16670000E+00  0.10000000E+01
  0.16690000E+00  0.10000000E+01
  0.16710000E+00  0.10000000E+01
  0.16730000E+00  0.10000000E+01
  0.16750000E+00  0.10000000E+01
  0.16770000E+00  0.10000000E+01
  0.16790000E+00  0.10000000E+01
  0.16810000E+00  0.10000000E+01
  0.16830000E+00  0.10000000E+01
  0.16850000E+00  0.10000000E+01
  0.16870000E+00  0.10000000E+01
  0.16890000E+00  0.10000000E+01
  0.16910000E+00  0.10000000E+01
  0.16930000E+00  0.10000000E+01
  0.16950000E+00  0.10000000E+01
  0.16970000E+00  0.10000000E+01
  0.16990000E+00  0.10000000E+01
  0.17010000E+00  0.10000000E+01
  0.17030000E+00  0.10000000E+01
  0.17050000E+00  0.10000000E+01
  0.17070000E+00  0.10000000E+01
  0.17090000E+00  0.10000000E+01
  0.17110000E+00  0.10000000E+01
  0.17130000E+00  0.10000000E+01
  0.17150000E+00  0.10000000E+01
  0.17170000E+00  0.10000000E+01
  0.17190000E+00  0.10000000E+01
  0.17210000E+00  0.10000000E+01
  0.17230000E+00  0.10000000E+01
  0.17250000E+00  0.10000000E+01
  0.17270000E+00  0.10000000E+01
  0.17290000E+00  0.10000000E+01
  0.17310000E+00  0.10000000E+01
  0.17330000E+00  0.10000000E+01
  0.17350000E+00  0.10000000E+01
  0.17370000E+00  0.10000000E+01
  0.17390000E+00  0.10000000E+01
  0.17410000E+00  0.10000000E+01
  0.17430000E+00  0.10000000E+01
  0.17450000E+00  0.10000000E+01
  0.17470000E+00  0.10000000E+01
  0.17490000E+00  0.10000000E+01
  0.17510000E+00  0.10000000E+01
  0.17530000E+00  0.10000000E+01
  0.17550000E+00  0.10000000E+01
  0.17570000E+00  0.10000000E+01
  0.17590000E+00  0.10000000E+01
  0.17610000E+00  0.10000000E+01
  0.17630000E+00  0.10000000E+01
  0.17650000E+00  0.10000000E+01
  0.17670000E+00  0.10000000E+01
  0.17690000E+00  0.10000000E+01
  0.17710000E+00  0.10000000E+01
  0.17730000E+00  0.10000000E+01
  0.17750000E+00  0.10000000E+01
  0.17770000E+00  0.10000000E+01
  0.17790000E+00  0.10000000E+01
  0.17810000E+00  0.10000000E+01
  0.17830000E+00  0.10000000E+01
  0.17850000E+00  0.10000000E+01
  0.17870000E+00  0.10000000E+01
  0.17890000E+00  0.10000000E+01
  0.17910000E+00  0.10000000E+01
  0.17930000E+00  0.10000000E+01
  0.17950000E+00  0.10000000E+01
  0.17970000E+00  0.10000000E+01
  0.17990000E+00  0.10000000E+01
  0.18010000E+00  0.10000000E+01
  0.18030000E+00  0.10000000E+01
  0.18050000E+00  0.10000000E+01
  0.18070000E+00  0.10000000E+01
  0.18090000E+00  0.10000000E+01
  0.18110000E+00  0.10000000E+01
  0.18130000E+00  0.10000000E+01
  0.18150000E+00  0.10000000E+01
  0.18170000E+00  0.10000000E+01
  0.18190000E+00  0.10000000E+01
  0.18210000E+00  0.10000000E+01
  0.18230000E+00  0.10000000E+01
  0.18250000E+00  0.10000000E+01
  0.18270000E+00  0.10000000E+01
  0.18290000E+00  0.10000000E+01
  0.18310000E+00  0.10000000E+01
  0.18330000E+00  0.10000000E+01
  0.18350000E+00  0.10000000E+01
  0.18370000E+00  0.10000000E+01
  0.18390000E+00  0.10000000E+01
  0.18410000E+00  0.10000000E+01
  0.18430000E+00  0.10000000E+01
  0.18450000E+00  0.10000000E+01
  0.18470000E+00  0.10000000E+01
  0.18490000E+00  0.10000000E+01
  0.18510000E+00  0.10000000E+01
  0.18530000E+00  0.10000000E+01
  0.18550000E+00  0.10000000E+01
  0.18570000E+00  0.10000000E+01
  0.18590000E+00  0.10000000E+01
  0.18610000E+00  0.10000000E+01
  0.18630000E+00  0.10000000E+01
  0.18650000E+00  0.10000000E+01
  0.18670000E+00  0.10000000E+01
  0.18690000E+00  0.10000000E+01
  0.18710000E+00  0.10000000E+01
  0.18730000E+00  0.10000000E+01
  0.18750000E+00  0.10000000E+01
  0.18770000E+00  0.10000000E+01
  0.18790000E+00  0.10000000E+01
  0.18810000E+00  0.10000000E+01
  0.18830000E+00  0.10000000E+01
  0.18850000E+00  0.10000000E+01
  0.18870000E+00  0.10000000E+01
  0.18890000E+00  0.10000000E+01
  0.18910000E+00  0.10000000E+01
  0.18930000E+00  0.10000000E+01
  0.18950000E+00  0.10000000E+01
  0.18970000E+00  0.10000000E+01
  0.18990000E+00  0.10000000E+01
  0.19010000E+00  0.10000000E+01
  0.19030000E+00  0.10000000E+01
  0.19050000E+00  0.10000000E+01
  0.19070000E+00  0.10000000E+01
  0.19090000E+00  0.10000000E+01
  0.19110000E+00  0.10000000E+01
  0.19130000E+00  0.10000000E+01
  0.19150000E+00  0.10000000E+01
  0.19170000E+00  0.10000000E+01
  0.19190000E+00  0.10000000E+01
  0.19210000E+00  0.10000000E+01
  0.19230000E+00  0.10000000E+01
  0.19250000E+00  0.10000000E+01
  0.19270000E+00  0.10000000E+01
  0.19290000E+00  0.10000000E+01
  0.19310000E+00  0.10000000E+01
  0.19330000E+00  0.10000000E+01
  0.19350000E+00  0.10000000E+01
  0.19370000E+00  0.10000000E+01
  0.19390000E+00  0.10000000E+01
  0.19410000E+00  0.10000000E+01
  0.19430000E+00  0.10000000E+01
  0.19450000E+00  0.10000000E+01
  0.19470000E+00  0.10000000E+01
  0.19490000E+00  0.10000000E+01
  0.19510000E+00  0.10000000E+01
  0.19530000E+00  0.10000000E+01
  0.19550000E+00  0.10000000E+01
  0.19570000E+00  0.10000000E+01
  0.19590000E+00  0.10000000E+01
  0.19610000E+00  0.10000000E+01
  0.19630000E+00  0.10000000E+01
  0.19650000E+00  0.10000000E+01
  0.19670000E+00  0.10000000E+01
  0.19690000E+00  0.10000000E+01
  0.19710000E+00  0.10000000E+01
  0.19730000E+00  0.10000000E+01
  0.19750000E+00  0.10000000E+01
  0.19770000E+00  0.10000000E+01
  0.19790000E+00  0.10000000E+01
  0.19810000E+00  0.10000000E+01
  0.19830000E+00  0.10000000E+01
  0.19850000E+00  0.10000000E+01
  0.19870000E+00  0.10000000E+01
  0.19890000E+00  0.10000000E+01
  0.19910000E+00  0.10000000E+01
  0.19930000E+00  0.10000000E+01
  0.19950000E+00  0.10000000E+01
  0.19970000E+00  0.10000000E+01
  0.19990000E+00  0.10000000E+01
  0.20010000E+00  0.10000000E+01
  0.20030000E+00  0.10000000E+01
  0.20050000E+00  0.10000000E+01
  0.20070000E+00  0.10000000E+01
  0.20090000E+00  0.10000000E+01
  0.20110000E+00  0.10000000E+01
  0.20130000E+00  0.10000000E+01
  0.20150000E+00  0.10000000E+01
  0.20170000E+00  0.10000000E+01
  0.20190000E+00  0.10000000E+01
  0.20210000E+00  0.10000000E+01
  0.20230000E+00  0.10000000E+01
  0.20250000E+00  0.10000000E+01
  0.20270000E+00  0.10000000E+01
  0.20290000E+00  0.10000000E+01
  0.20310000E+00  0.10000000E+01
  0.20330000E+00  0.10000000E+01
  0.20350000E+00  0.10000000E+01
  0.20370000E+00  0.10000000E+01
  0.20390000E+00  0.10000000E+01
  0.20410000E+00  0.10000000E+01
  0.20430000E+00  0.10000000E+01
  0.20450000E+00  0.10000000E+01
  0.20470000E+00  0.10000000E+01
  0.20490000E+00  0.10000000E+01
  0.20510000E+00  0.10000000E+01
  0.20530000E+00  0.10000000E+01
  0.20550000E+00  0.10000000E+01
  0.20570000E+00  0.10000000E+01
  0.20590000E+00  0.10000000E+01
  0.20610000E+00  0.10000000E+01
  0.20630000E+00  0.10000000E+01
  0.20650000E+00  0.10000000E+01
  0.20670000E+00  0.10000000E+01
  0.20690000E+00  0.10000000E+01
  0.20710000E+00  0.10000000E+01
  0.20730000E+00  0.10000000E+01
  0.20750000E+00  0.10000000E+01
  0.20770000E+00  0.10000000E+01
  0.20790000E+00  0.10000000E+01
  0.20810000E+00  0.10000000E+01
  0.20830000E+00  0.10000000E+01
  0.20850000E+00  0.10000000E+01
  0.20870000E+00  0.10000000E+01
  0.20890000E+00  0.10000000E+01
  0.20910000E+00  0.10000000E+01
  0.20930000E+00  0.10000000E+01
  0.20950000E+00  0.10000000E+01
  0.20970000E+00  0.10000000E+01
  0.20990000E+00  0.10000000E+01
  0.21010000E+00  0.10000000E+01
  0.21030000E+00  0.10000000E+01
  0.21050000E+00  0.10000000E+01
  0.21070000E+00  0.10000000E+01
  0.21090000E+00  0.10000000E+01
  0.21110000E+00  0.10000000E+01
  0.21130000E+00  0.10000000E+01
  0.21150000E+00  0.99999985E+00
  0.21170000E+00  0.99999916E+00
  0.21190000E+00  0.99999814E+00
  0.21210000E+00  0.99999721E+00
  0.21230000E+00  0.99999683E+00
  0.21250000E+00  0.99999675E+00
  0.21270000E+00  0.99996447E+00
  0.21290000E+00  0.99978399E+00
  0.21310000E+00  0.99946571E+00
  0.21330000E+00  0.99903633E+00
  0.21350000E+00  0.99852392E+00
  0.21370000E+00  0.99795351E+00
  0.21390000E+00  0.99734441E+00
  0.21410000E+00  0.99671013E+00
  0.21430000E+00  0.99605957E+00
  0.21450000E+00  0.99539833E+00
  0.21470000E+00  0.99472992E+00
  0.21490000E+00  0.99405654E+00
  0.21510000E+00  0.99337961E+00
  0.21530000E+00  0.99270005E+00
  0.21550000E+00  0.99201852E+00
  0.21570000E+00  0.99133545E+00
  0.21590000E+00  0.99065120E+00
  0.21610000E+00  0.98996601E+00
  0.21630000E+00  0.98928010E+00
  0.21650000E+00  0.98859361E+00
  0.21670000E+00  0.98790668E+00
  0.21690000E+00  0.98721941E+00
  0.21710000E+00  0.98653188E+00
  0.21730000E+00  0.98584418E+00
  0.21750000E+00  0.98515635E+00
  0.21770000E+00  0.98446846E+00
  0.21790000E+00  0.98378055E+00
  0.21810000E+00  0.98309265E+00
  0.21830000E+00  0.98240480E+00
  0.21850000E+00  0.98171704E+00
  0.21870000E+00  0.98102937E+00
  0.21890000E+00  0.98034184E+00
  0.21910000E+00  0.97965445E+00
  0.21930000E+00  0.97896723E+00
  0.21950000E+00  0.97828020E+00
  0.21970000E+00  0.97759335E+00
  0.21990000E+00  0.97690672E+00
  0.22010000E+00  0.97622031E+00
  0.22030000E+00  0.97553413E+00
  0.22050000E+00  0.97484820E+00
  0.22070000E+00  0.97416251E+00
  0.22090000E+00  0.97347708E+00
  0.22110000E+00  0.97279192E+00
  0.22130000E+00  0.97210703E+00
  0.22150000E+00  0.97142242E+00
  0.22170000E+00  0.97073809E+00
  0.22190000E+00  0.97005405E+00
  0.22210000E+00  0.96937031E+00
  0.22230000E+00  0.96868686E+00
  0.22250000E+00  0.96800372E+00
  0.22270000E+00  0.96732089E+00
  0.22290000E+00  0.96663836E+00
  0.22310000E+00  0.96595615E+00
  0.22330000E+00  0.96527425E+00
  0.22350000E+00  0.96459268E+00
  0.22370000E+00  0.96391142E+00
  0.22390000E+00  0.96323049E+00
  0.22410000E+00  0.96254989E+00
  0.22430000E+00  0.96186962E+00
  0.22450000E+00  0.96118968E+00
  0.22470000E+00  0.96051007E+00
  0.22490000E+00  0.95983080E+00
  0.22510000E+00  0.95915186E+00
  0.22530000E+00  0.95847327E+00
  0.22550000E+00  0.95779501E+00
  0.22570000E+00  0.95711709E+00
  0.22590000E+00  0.95643952E+00
  0.22610000E+00  0.95576229E+00
  0.22630000E+00  0.95508541E+00
  0.22650000E+00  0.95440887E+00
  0.22670000E+00  0.95373269E+00
  0.22690000E+00  0.95305685E+00
  0.22710000E+00  0.95238136E+00
  0.22730000E+00  0.95170622E+00
  0.22750000E+00  0.95103143E+00
  0.22770000E+00  0.95035699E+00
  0.22790000E+00  0.94968291E+00
  0.22810000E+00  0.94900918E+00
  0.22830000E+00  0.94833580E+00
  0.22850000E+00  0.94766278E+00
  0.22870000E+00  0.94699012E+00
  0.22890000E+00  0.94631781E+00
  0.22910000E+00  0.94564586E+00
  0.22930000E+00  0.94497427E+00
  0.22950000E+00  0.94430303E+00
  0.22970000E+00  0.94363215E+00
  0.22990000E+00  0.94296164E+00
  0.23010000E+00  0.94229148E+00
  0.23030000E+00  0.94162168E+00
  0.23050000E+00  0.94095224E+00
  0.23070000E+00  0.94028316E+00
  0.23090000E+00  0.93961444E+00
  0.23110000E+00  0.93894609E+00
  0.23130000E+00  0.93827809E+00
  0.23150000E+00  0.93761046E+00
  0.23170000E+00  0.93694319E+00
  0.23190000E+00  0.93627628E+00
  0.23210000E+00  0.93560973E+00
  0.23230000E+00  0.93494355E+00
  0.23250000E+00  0.93427773E+00
  0.23270000E+00  0.93361227E+00
  0.23290000E+00  0.93294718E+00
  0.23310000E+00  0.93228245E+00
  0.23330000E+00  0.93161809E+00
  0.23350000E+00  0.93095408E+00
  0.23370000E+00  0.93029045E+00
  0.23390000E+00  0.92962717E+00
  0.23410000E+00  0.92896427E+00
  0.23430000E+00  0.92830172E+00
  0.23450000E+00  0.92763954E+00
  0.23470000E+00  0.92697773E+00
  0.23490000E+00  0.92631628E+00
  0.23510000E+00  0.92565520E+00
  0.23530000E+00  0.92499448E+00
  0.23550000E+00  0.92433413E+00
  0.23570000E+00  0.92367414E+00
  0.23590000E+00  0.92301452E+00
  0.23610000E+00  0.92235526E+00
  0.23630000E+00  0.92169637E+00
  0.23650000E+00  0.92103784E+00
  0.23670000E+00  0.92037968E+00
  0.23690000E+00  0.91972189E+00
  0.23710000E+00  0.91906446E+00
  0.23730000E+00  0.91840740E+00
  0.23750000E+00  0.91775070E+00
  0.23770000E+00  0.91709437E+00
  0.23790000E+00  0.91643840E+00
  0.23810000E+00  0.91578280E+00
  0.23830000E+00  0.91512757E+00
  0.23850000E+00  0.91447270E+00
  0.23870000E+00  0.91381820E+00
  0.23890000E+00  0.91316407E+00
  0.23910000E+00  0.91251030E+00
  0.23930000E+00  0.91185689E+00
  0.23950000E+00  0.91120385E+00
  0.23970000E+00  0.91055118E+00
  0.23990000E+00  0.90989887E+00
  0.24010000E+00  0.90924693E+00
  0.24030000E+00  0.90859536E+00
  0.24050000E+00  0.90794415E+00
  0.24070000E+00  0.90729331E+00
  0.24090000E+00  0.90664283E+00
  0.24110000E+00  0.90599271E+00
  0.24130000E+00  0.90534297E+00
  0.24150000E+00  0.90469359E+00
  0.24170000E+00  0.90404457E+00
  0.24190000E+00  0.90339592E+00
  0.24210000E+00  0.90274763E+00
  0.24230000E+00  0.90209972E+00
  0.24250000E+00  0.90145216E+00
  0.24270000E+00  0.90080497E+00
  0.24290000E+00  0.90015815E+00
  0.24310000E+00  0.89951169E+00
  0.24330000E+00  0.89886559E+00
  0.24350000E+00  0.89821987E+00
  0.24370000E+00  0.89757450E+00
  0.24390000E+00  0.89692950E+00
  0.24410000E+00  0.89628487E+00
  0.24430000E+00  0.89564060E+00
  0.24450000E+00  0.89499669E+00
  0.24470000E+00  0.89435315E+00
  0.24490000E+00  0.89370998E+00
  0.24510000E+00  0.89306717E+00
  0.24530000E+00  0.89242472E+00
  0.24550000E+00  0.89178263E+00
  0.24570000E+00  0.89114092E+00
  0.24590000E+00  0.89049956E+00
  0.24610000E+00  0.88985857E+00
  0.24630000E+00  0.88921794E+00
  0.24650000E+00  0.88857768E+00
  0.24670000E+00  0.88793778E+00
  0.24690000E+00  0.88729824E+00
  0.24710000E+00  0.88665907E+00
  0.24730000E+00  0.88602026E+00
  0.24750000E+00  0.88538182E+00
  0.24770000E+00  0.88474373E+00
  0.24790000E+00  0.88410601E+00
  0.24810000E+00  0.88346866E+00
  0.24830000E+00  0.88283167E+00
  0.24850000E+00  0.88219503E+00
  0.24870000E+00  0.88155877E+00
  0.24890000E+00  0.88092286E+00
  0.24910000E+00  0.88028732E+00
  0.24930000E+00  0.87965214E+00
  0.24950000E+00  0.87901732E+00
  0.24970000E+00  0.87838287E+00
  0.24990000E+00  0.87774877E+00
  0.25010000E+00  0.87711504E+00
  0.25030000E+00  0.87648167E+00
  0.25050000E+00  0.87584866E+00
  0.25070000E+00  0.87521602E+00
  0.25090000E+00  0.87458373E+00
  0.25110000E+00  0.87395181E+00
  0.25130000E+00  0.87332025E+00
  0.25150000E+00  0.87268905E+00
  0.25170000E+00  0.87205821E+00
  0.25190000E+00  0.87142773E+00
  0.25210000E+00  0.87079761E+00
  0.25230000E+00  0.87016785E+00
  0.25250000E+00  0.86953846E+00
  0.25270000E+00  0.86890942E+00
  0.25290000E+00  0.86828075E+00
  0.25310000E+00  0.86765243E+00
  0.25330000E+00  0.86702448E+00
  0.25350000E+00  0.86639688E+00
  0.25370000E+00  0.86576965E+00
  0.25390000E+00  0.86514277E+00
  0.25410000E+00  0.86451626E+00
  0.25430000E+00  0.86389010E+00
  0.25450000E+00  0.86326431E+00
  0.25470000E+00  0.86263887E+00
  0.25490000E+00  0.86201379E+00
  0.25510000E+00  0.86138907E+00
  0.25530000E+00  0.86076471E+00
  0.25550000E+00  0.86014071E+00
  0.25570000E+00  0.85951707E+00
  0.25590000E+00  0.85889379E+00
  0.25610000E+00  0.85827086E+00
  0.25630000E+00  0.85764830E+00
  0.25650000E+00  0.85702609E+00
  0.25670000E+00  0.85640424E+00
  0.25690000E+00  0.85578275E+00
  0.25710000E+00  0.85516161E+00
  0.25730000E+00  0.85454083E+00
  0.25750000E+00  0.85392041E+00
  0.25770000E+00  0.85330035E+00
  0.25790000E+00  0.85268065E+00
  0.25810000E+00  0.85206130E+00
  0.25830000E+00  0.85144231E+00
  0.25850000E+00  0.85082368E+00
  0.25870000E+00  0.85020540E+00
  0.25890000E+00  0.84958748E+00
  0.25910000E+00  0.84896992E+00
  0.25930000E+00  0.84835271E+00
  0.25950000E+00  0.84773586E+00
  0.25970000E+00  0.84711937E+00
  0.25990000E+00  0.84650323E+00
  0.26010000E+00  0.84588744E+00
  0.26030000E+00  0.84527202E+00
  0.26050000E+00  0.84465694E+00
  0.26070000E+00  0.84404223E+00
  0.26090000E+00  0.84342787E+00
  0.26110000E+00  0.84281386E+00
  0.26130000E+00  0.84220021E+00
  0.26150000E+00  0.84158692E+00
  0.26170000E+00  0.84097398E+00
  0.26190000E+00  0.84036139E+00
  0.26210000E+00  0.83974916E+00
  0.26230000E+00  0.83913728E+00
  0.26250000E+00  0.83852576E+00
  0.26270000E+00  0.83791459E+00
  0.26290000E+00  0.83730377E+00
  0.26310000E+00  0.83669331E+00
  0.26330000E+00  0.83608320E+00
  0.26350000E+00  0.83547345E+00
  0.26370000E+00  0.83486405E+00
  0.26390000E+00  0.83425500E+00
  0.26410000E+00  0.83364631E+00
  0.26430000E+00  0.83303796E+00
  0.26450000E+00  0.83242998E+00
  0.26470000E+00  0.83182234E+00
  0.26490000E+00  0.83121506E+00
  0.26510000E+00  0.83060813E+00
  0.26530000E+00  0.83000155E+00
  0.26550000E+00  0.82939532E+00
  0.26570000E+00  0.82878944E+00
  0.26590000E+00  0.82818392E+00
  0.26610000E+00  0.82757875E+00
  0.26630000E+00  0.82697393E+00
  0.26650000E+00  0.82636946E+00
  0.26670000E+00  0.82576534E+00
  0.26690000E+00  0.82516158E+00
  0.26710000E+00  0.82455816E+00
  0.26730000E+00  0.82395510E+00
  0.26750000E+00  0.82335239E+00
  0.26770000E+00  0.82275002E+00
  0.26790000E+00  0.82214801E+00
  0.26810000E+00  0.82154635E+00
  0.26830000E+00  0.82094503E+00
  0.26850000E+00  0.82034407E+00
  0.26870000E+00  0.81974346E+00
  0.26890000E+00  0.81914320E+00
  0.26910000E+00  0.81854328E+00
  0.26930000E+00  0.81794372E+00
  0.26950000E+00  0.81734450E+00
  0.26970000E+00  0.81674564E+00
  0.26990000E+00  0.81614712E+00
  0.27010000E+00  0.81554895E+00
  0.27030000E+00  0.81495113E+00
  0.27050000E+00  0.81435366E+00
  0.27070000E+00  0.81375653E+00
  0.27090000E+00  0.81315976E+00
  0.27110000E+00  0.81256333E+00
  0.27130000E+00  0.81196725E+00
  0.27150000E+00  0.81137152E+00
  0.27170000E+00  0.81077614E+00
  0.27190000E+00  0.81018110E+00
  0.27210000E+00  0.80958641E+00
  0.27230000E+00  0.80899207E+00
  0.27250000E+00  0.80839807E+00
  0.27270000E+00  0.80780442E+00
  0.27290000E+00  0.80721112E+00
  0.27310000E+00  0.80661816E+00
  0.27330000E+00  0.80602555E+00
  0.27350000E+00  0.80543329E+00
  0.27370000E+00  0.80484137E+00
  0.27390000E+00  0.80424980E+00
  0.27410000E+00  0.80365857E+00
  0.27430000E+00  0.80306769E+00
  0.27450000E+00  0.80247715E+00
  0.27470000E+00  0.80188696E+00
  0.27490000E+00  0.80129712E+00
  0.27510000E+00  0.80070762E+00
  0.27530000E+00  0.80011846E+00
  0.27550000E+00  0.79952965E+00
  0.27570000E+00  0.79894118E+00
  0.27590000E+00  0.79835306E+00
  0.27610000E+00  0.79776528E+00
  0.27630000E+00  0.79717784E+00
  0.27650000E+00  0.79659075E+00
  0.27670000E+00  0.79600400E+00
  0.27690000E+00  0.79541759E+00
  0.27710000E+00  0.79483153E+00
  0.27730000E+00  0.79424581E+00
  0.27750000E+00  0.79366043E+00
  0.27770000E+00  0.79307540E+00
  0.27790000E+00  0.79249071E+00
  0.27810000E+00  0.79190636E+00
  0.27830000E+00  0.79132235E+00
  0.27850000E+00  0.79073868E+00
  0.27870000E+00  0.79015536E+00
  0.27890000E+00  0.78957238E+00
  0.27910000E+00  0.78898974E+00
  0.27930000E+00  0.78840744E+00
  0.27950000E+00  0.78782548E+00
  0.27970000E+00  0.78724386E+00
  0.27990000E+00  0.78666258E+00
  0.28010000E+00  0.78608164E+00
  0.28030000E+00  0.78550105E+00
  0.28050000E+00  0.78492079E+00
  0.28070000E+00  0.78434087E+00
  0.28090000E+00  0.78376129E+00
  0.28110000E+00  0.78318205E+00
  0.28130000E+00  0.78260316E+00
  0.28150000E+00  0.78202460E+00
  0.28170000E+00  0.78144637E+00
  0.28190000E+00  0.78086849E+00
  0.28210000E+00  0.78029095E+00
  0.28230000E+00  0.77971374E+00
  0.28250000E+00  0.77913687E+00
  0.28270000E+00  0.77856034E+00
  0.28290000E+00  0.77798415E+00
  0.28310000E+00  0.77740829E+00
  0.28330000E+00  0.77683278E+00
  0.28350000E+00  0.77625760E+00
  0.28370000E+00  0.77568275E+00
  0.28390000E+00  0.77510824E+00
  0.28410000E+00  0.77453407E+00
  0.28430000E+00  0.77396024E+00
  0.28450000E+00  0.77338674E+00
  0.28470000E+00  0.77281357E+00
  0.28490000E+00  0.77224074E+00
  0.28510000E+00  0.77166825E+00
  0.28530000E+00  0.77109609E+00
  0.28550000E+00  0.77052427E+00
  0.28570000E+00  0.76995278E+00
  0.28590000E+00  0.76938162E+00
  0.28610000E+00  0.76881080E+00
  0.28630000E+00  0.76824031E+00
  0.28650000E+00  0.76767015E+00
  0.28670000E+00  0.76710033E+00
  0.28690000E+00  0.76653084E+00
  0.28710000E+00  0.76596169E+00
  0.28730000E+00  0.76539286E+00
  0.28750000E+00  0.76482437E+00
  0.28770000E+00  0.76425621E+00
  0.28790000E+00  0.76368838E+00
  0.28810000E+00  0.76312088E+00
  0.28830000E+00  0.76255371E+00
  0.28850000E+00  0.76198688E+00
  0.28870000E+00  0.76142037E+00
  0.28890000E+00  0.76085419E+00
  0.28910000E+00  0.76028835E+00
  0.28930000E+00  0.75972283E+00
  0.28950000E+00  0.75915764E+00
  0.28970000E+00  0.75859278E+00
  0.28990000E+00  0.75802825E+00
  0.29010000E+00  0.75746404E+00
  0.29030000E+00  0.75690016E+00
  0.29050000E+00  0.75633661E+00
  0.29070000E+00  0.75577339E+00
  0.29090000E+00  0.75521049E+00
  0.29110000E+00  0.75464792E+00
  0.29130000E+00  0.75408568E+00
  0.29150000E+00  0.75352376E+00
  0.29170000E+00  0.75296216E+00
  0.29190000E+00  0.75240089E+00
  0.29210000E+00  0.75183994E+00
  0.29230000E+00  0.75127932E+00
  0.29250000E+00  0.75071902E+00
  0.29270000E+00  0.75015904E+00
  0.29290000E+00  0.74959938E+00
  0.29310000E+00  0.74904004E+00
  0.29330000E+00  0.74848103E+00
  0.29350000E+00  0.74792233E+00
  0.29370000E+00  0.74736395E+00
  0.29390000E+00  0.74680590E+00
  0.29410000E+00  0.74624816E+00
  0.29430000E+00  0.74569073E+00
  0.29450000E+00  0.74513363E+00
  0.29470000E+00  0.74457684E+00
  0.29490000E+00  0.74402036E+00
  0.29510000E+00  0.74346420E+00
  0.29530000E+00  0.74290836E+00
  0.29550000E+00  0.74235282E+00
  0.29570000E+00  0.74179760E+00
  0.29590000E+00  0.74124268E+00
  0.29610000E+00  0.74068808E+00
  0.29630000E+00  0.74013378E+00
  0.29650000E+00  0.73957979E+00
  0.29670000E+00  0.73902610E+00
  0.29690000E+00  0.73847271E+00
  0.29710000E+00  0.73791963E+00
  0.29730000E+00  0.73736684E+00
  0.29750000E+00  0.73681434E+00
  0.29770000E+00  0.73626214E+00
  0.29790000E+00  0.73571022E+00
  0.29810000E+00  0.73515859E+00
  0.29830000E+00  0.73460723E+00
  0.29850000E+00  0.73405614E+00
  0.29870000E+00  0.73350531E+00
  0.29890000E+00  0.73295472E+00
  0.29910000E+00  0.73240435E+00
  0.29930000E+00  0.73185417E+00
  0.29950000E+00  0.73130413E+00
  0.29970000E+00  0.73075409E+00
  0.29990000E+00  0.73020360E+00
  0.30010000E+00  0.72963974E+00
  0.30030000E+00  0.72909395E+00
  0.30050000E+00  0.72854880E+00
  0.30070000E+00  0.72800401E+00
  0.30090000E+00  0.72745955E+00
  0.30110000E+00  0.72691539E+00
  0.30130000E+00  0.72637154E+00
  0.30150000E+00  0.72582798E+00
  0.30170000E+00  0.72528473E+00
  0.30190000E+00  0.72474178E+00
  0.30210000E+00  0.72419914E+00
  0.30230000E+00  0.72365679E+00
  0.30250000E+00  0.72311476E+00
  0.30270000E+00  0.72257303E+00
  0.30290000E+00  0.72203160E+00
  0.30310000E+00  0.72149049E+00
  0.30330000E+00  0.72094968E+00
  0.30350000E+00  0.72040918E+00
  0.30370000E+00  0.71986900E+00
  0.30390000E+00  0.71932912E+00
  0.30410000E+00  0.71878955E+00
  0.30430000E+00  0.71825029E+00
  0.30450000E+00  0.71771134E+00
  0.30470000E+00  0.71717270E+00
  0.30490000E+00  0.71663438E+00
  0.30510000E+00  0.71609636E+00
  0.30530000E+00  0.71555866E+00
  0.30550000E+00  0.71502127E+00
  0.30570000E+00  0.71448419E+00
  0.30590000E+00  0.71394742E+00
  0.30610000E+00  0.71341096E+00
  0.30630000E+00  0.71287481E+00
  0.30650000E+00  0.71233898E+00
  0.30670000E+00  0.71180346E+00
  0.30690000E+00  0.71126824E+00
  0.30710000E+00  0.71073334E+00
  0.30730000E+00  0.71019876E+00
  0.30750000E+00  0.70966448E+00
  0.30770000E+00  0.70913051E+00
  0.30790000E+00  0.70859686E+00
  0.30810000E+00  0.70806352E+00
  0.30830000E+00  0.70753048E+00
  0.30850000E+00  0.70699776E+00
  0.30870000E+00  0.70646536E+00
  0.30890000E+00  0.70593326E+00
  0.30910000E+00  0.70540147E+00
  0.30930000E+00  0.70487000E+00
  0.30950000E+00  0.70433884E+00
  0.30970000E+00  0.70380798E+00
  0.30990000E+00  0.70327744E+00
  0.31010000E+00  0.70274721E+00
  0.31030000E+00  0.70221729E+00
  0.31050000E+00  0.70168768E+00
  0.31070000E+00  0.70115839E+00
  0.31090000E+00  0.70062940E+00
  0.31110000E+00  0.70010072E+00
  0.31130000E+00  0.69957236E+00
  0.31150000E+00  0.69904430E+00
  0.31170000E+00  0.69851656E+00
  0.31190000E+00  0.69798913E+00
  0.31210000E+00  0.69746200E+00
  0.31230000E+00  0.69693519E+00
  0.31250000E+00  0.69640869E+00
  0.31270000E+00  0.69588250E+00
  0.31290000E+00  0.69535661E+00
  0.31310000E+00  0.69483104E+00
  0.31330000E+00  0.69430578E+00
  0.31350000E+00  0.69378083E+00
  0.31370000E+00  0.69325619E+00
  0.31390000E+00  0.69273186E+00
  0.31410000E+00  0.69220783E+00
  0.31430000E+00  0.69168412E+00
  0.31450000E+00  0.69116072E+00
  0.31470000E+00  0.69063763E+00
  0.31490000E+00  0.69011484E+00
  0.31510000E+00  0.68959237E+00
  0.31530000E+00  0.68907021E+00
  0.31550000E+00  0.68854835E+00
  0.31570000E+00  0.68802680E+00
  0.31590000E+00  0.68750557E+00
  0.31610000E+00  0.68698464E+00
  0.31630000E+00  0.68646402E+00
  0.31650000E+00  0.68594371E+00
  0.31670000E+00  0.68542371E+00
  0.31690000E+00  0.68490402E+00
  0.31710000E+00  0.68438463E+00
  0.31730000E+00  0.68386556E+00
  0.31750000E+00  0.68334679E+00
  0.31770000E+00  0.68282833E+00
  0.31790000E+00  0.68231018E+00
  0.31810000E+00  0.68179234E+00
  0.31830000E+00  0.68127481E+00
  0.31850000E+00  0.68075758E+00
  0.31870000E+00  0.68024067E+00
  0.31890000E+00  0.67972406E+00
  0.31910000E+00  0.67920776E+00
  0.31930000E+00  0.67869176E+00
  0.31950000E+00  0.67817608E+00
  0.31970000E+00  0.67766070E+00
  0.31990000E+00  0.67714563E+00
  0.32010000E+00  0.67663086E+00
  0.32030000E+00  0.67611641E+00
  0.32050000E+00  0.67560226E+00
  0.32070000E+00  0.67508842E+00
  0.32090000E+00  0.67457488E+00
  0.32110000E+00  0.67406165E+00
  0.32130000E+00  0.67354873E+00
  0.32150000E+00  0.67303612E+00
  0.32170000E+00  0.67252381E+00
  0.32190000E+00  0.67201181E+00
  0.32210000E+00  0.67150011E+00
  0.32230000E+00  0.67098873E+00
  0.32250000E+00  0.67047764E+00
  0.32270000E+00  0.66996687E+00
  0.32290000E+00  0.66945640E+00
  0.32310000E+00  0.66894623E+00
  0.32330000E+00  0.66843638E+00
  0.32350000E+00  0.66792682E+00
  0.32370000E+00  0.66741758E+00
  0.32390000E+00  0.66690864E+00
  0.32410000E+00  0.66640000E+00
  0.32430000E+00  0.66589167E+00
  0.32450000E+00  0.66538365E+00
  0.32470000E+00  0.66487593E+00
  0.32490000E+00  0.66436852E+00
  0.32510000E+00  0.66386141E+00
  0.32530000E+00  0.66335460E+00
  0.32550000E+00  0.66284811E+00
  0.32570000E+00  0.66234191E+00
  0.32590000E+00  0.66183602E+00
  0.32610000E+00  0.66133044E+00
  0.32630000E+00  0.66082516E+00
  0.32650000E+00  0.66032018E+00
  0.32670000E+00  0.65981551E+00
  0.32690000E+00  0.65931115E+00
  0.32710000E+00  0.65880708E+00
  0.32730000E+00  0.65830332E+00
  0.32750000E+00  0.65779987E+00
  0.32770000E+00  0.65729672E+00
  0.32790000E+00  0.65679387E+00
  0.32810000E+00  0.65629133E+00
  0.32830000E+00  0.65578909E+00
  0.32850000E+00  0.65528715E+00
  0.32870000E+00  0.65478552E+00
  0.32890000E+00  0.65428419E+00
  0.32910000E+00  0.65378317E+00
  0.32930000E+00  0.65328244E+00
  0.32950000E+00  0.65278202E+00
  0.32970000E+00  0.65228191E+00
  0.32990000E+00  0.65178210E+00
  0.33010000E+00  0.65128258E+00
  0.33030000E+00  0.65078338E+00
  0.33050000E+00  0.65028447E+00
  0.33070000E+00  0.64978587E+00
  0.33090000E+00  0.64928757E+00
  0.33110000E+00  0.64878957E+00
  0.33130000E+00  0.64829188E+00
  0.33150000E+00  0.64779449E+00
  0.33170000E+00  0.64729740E+00
  0.33190000E+00  0.64680061E+00
  0.33210000E+00  0.64630412E+00
  0.33230000E+00  0.64580794E+00
  0.33250000E+00  0.64531205E+00
  0.33270000E+00  0.64481647E+00
  0.33290000E+00  0.64432120E+00
  0.33310000E+00  0.64382622E+00
  0.33330000E+00  0.64333154E+00
  0.33350000E+00  0.64283717E+00
  0.33370000E+00  0.64234310E+00
  0.33390000E+00  0.64184933E+00
  0.33410000E+00  0.64135586E+00
  0.33430000E+00  0.64086269E+00
  0.33450000E+00  0.64036982E+00
  0.33470000E+00  0.63987726E+00
  0.33490000E+00  0.63938499E+00
  0.33510000E+00  0.63889303E+00
  0.33530000E+00  0.63840136E+00
  0.33550000E+00  0.63791000E+00
  0.33570000E+00  0.63741894E+00
  0.33590000E+00  0.63692818E+00
  0.33610000E+00  0.63643772E+00
  0.33630000E+00  0.63594756E+00
  0.33650000E+00  0.63545770E+00
  0.33670000E+00  0.63496815E+00
  0.33690000E+00  0.63447889E+00
  0.33710000E+00  0.63398993E+00
  0.33730000E+00  0.63350127E+00
  0.33750000E+00  0.63301292E+00
  0.33770000E+00  0.63252486E+00
  0.33790000E+00  0.63203711E+00
  0.33810000E+00  0.63154965E+00
  0.33830000E+00  0.63106249E+00
  0.33850000E+00  0.63057564E+00
  0.33870000E+00  0.63008908E+00
  0.33890000E+00  0.62960283E+00
  0.33910000E+00  0.62911687E+00
  0.33930000E+00  0.62863122E+00
  0.33950000E+00  0.62814586E+00
  0.33970000E+00  0.62766081E+00
  0.33990000E+00  0.62717605E+00
  0.34010000E+00  0.62669160E+00
  0.34030000E+00  0.62620744E+00
  0.34050000E+00  0.62572358E+00
  0.34070000E+00  0.62524003E+00
  0.34090000E+00  0.62475677E+00
  0.34110000E+00  0.62427381E+00
  0.34130000E+00  0.62379116E+00
  0.34150000E+00  0.62330880E+00
  0.34170000E+00  0.62282674E+00
  0.34190000E+00  0.62234498E+00
  0.34210000E+00  0.62186353E+00
  0.34230000E+00  0.62138237E+00
  0.34250000E+00  0.62090151E+00
  0.34270000E+00  0.62042095E+00
  0.34290000E+00  0.61994069E+00
  0.34310000E+00  0.61946074E+00
  0.34330000E+00  0.61898108E+00
  0.34350000E+00  0.61850172E+00
  0.34370000E+00  0.61802266E+00
  0.34390000E+00  0.61754390E+00
  0.34410000E+00  0.61706544E+00
  0.34430000E+00  0.61658728E+00
  0.34450000E+00  0.61610943E+00
  0.34470000E+00  0.61563187E+00
  0.34490000E+00  0.61515461E+00
  0.34510000E+00  0.61467766E+00
  0.34530000E+00  0.61420100E+00
  0.34550000E+00  0.61372465E+00
  0.34570000E+00  0.61324859E+00
  0.34590000E+00  0.61277284E+00
  0.34610000E+00  0.61229739E+00
  0.34630000E+00  0.61182224E+00
  0.34650000E+00  0.61134739E+00
  0.34670000E+00  0.61087284E+00
  0.34690000E+00  0.61039859E+00
  0.34710000E+00  0.60992465E+00
  0.34730000E+00  0.60945101E+00
  0.34750000E+00  0.60897767E+00
  0.34770000E+00  0.60850463E+00
  0.34790000E+00  0.60803190E+00
  0.34810000E+00  0.60755947E+00
  0.34830000E+00  0.60708734E+00
  0.34850000E+00  0.60661552E+00
  0.34870000E+00  0.60614400E+00
  0.34890000E+00  0.60567279E+00
  0.34910000E+00  0.60520188E+00
  0.34930000E+00  0.60473128E+00
  0.34950000E+00  0.60426098E+00
  0.34970000E+00  0.60379099E+00
  0.34990000E+00  0.60332130E+00
  0.35010000E+00  0.60285192E+00
  0.35030000E+00  0.60238285E+00
  0.35050000E+00  0.60191409E+00
  0.35070000E+00  0.60144564E+00
  0.35090000E+00  0.60097750E+00
  0.35110000E+00  0.60050967E+00
  0.35130000E+00  0.60004215E+00
  0.35150000E+00  0.59957495E+00
  0.35170000E+00  0.59910806E+00
  0.35190000E+00  0.59864149E+00
  0.35210000E+00  0.59817523E+00
  0.35230000E+00  0.59770929E+00
  0.35250000E+00  0.59724368E+00
  0.35270000E+00  0.59677839E+00
  0.35290000E+00  0.59631342E+00
  0.35310000E+00  0.59584878E+00
  0.35330000E+00  0.59538448E+00
  0.35350000E+00  0.59492051E+00
  0.35370000E+00  0.59445688E+00
  0.35390000E+00  0.59399359E+00
  0.35410000E+00  0.59353065E+00
  0.35430000E+00  0.59306807E+00
  0.35450000E+00  0.59260584E+00
  0.35470000E+00  0.59214399E+00
  0.35490000E+00  0.59168251E+00
  0.35510000E+00  0.59122143E+00
  0.35530000E+00  0.59076074E+00
  0.35550000E+00  0.59030046E+00
  0.35570000E+00  0.58984062E+00
  0.35590000E+00  0.58938122E+00
  0.35610000E+00  0.58892230E+00
  0.35630000E+00  0.58846388E+00
  0.35650000E+00  0.58800598E+00
  0.35670000E+00  0.58754866E+00
  0.35690000E+00  0.58709197E+00
  0.35710000E+00  0.58663596E+00
  0.35730000E+00  0.58618072E+00
  0.35750000E+00  0.58572636E+00
  0.35770000E+00  0.58527301E+00
  0.35790000E+00  0.58482086E+00
  0.35810000E+00  0.58437015E+00
  0.35830000E+00  0.58392117E+00
  0.35850000E+00  0.58347434E+00
  0.35870000E+00  0.58303015E+00
  0.35890000E+00  0.58258924E+00
  0.35910000E+00  0.58215245E+00
  0.35930000E+00  0.58172090E+00
  0.35950000E+00  0.58129615E+00
  0.35970000E+00  0.58088056E+00
  0.35990000E+00  0.58047787E+00
  0.36010000E+00  0.58009413E+00
  0.36030000E+00  0.57987422E+00
  0.36050000E+00  0.57987422E+00
  0.36070000E+00  0.57987422E+00
  0.36090000E+00  0.57987422E+00
  0.36110000E+00  0.57987422E+00
  0.36130000E+00  0.57987422E+00
  0.36150000E+00  0.57987422E+00
  0.36170000E+00  0.57987422E+00
  0.36190000E+00  0.57987422E+00
  0.36210000E+00  0.57987422E+00
  0.36230000E+00  0.57987422E+00
  0.36250000E+00  0.57987422E+00
  0.36270000E+00  0.57987422E+00
  0.36290000E+00  0.57987422E+00
  0.36310000E+00  0.57987422E+00
  0.36330000E+00  0.57987422E+00
  0.36350000E+00  0.57987422E+00
  0.36370000E+00  0.57987422E+00
  0.36390000E+00  0.57987422E+00
  0.36410000E+00  0.57987422E+00
  0.36430000E+00  0.57987422E+00
  0.36450000E+00  0.57987422E+00
  0.36470000E+00  0.57987422E+00
  0.36490000E+00  0.57987422E+00
  0.36510000E+00  0.57987422E+00
  0.36530000E+00  0.57987489E+00
  0.36550000E+00  0.57987484E+00
  0.36570000E+00  0.57987440E+00
  0.36590000E+00  0.57987313E+00
  0.36610000E+00  0.57987153E+00
  0.36630000E+00  0.57987023E+00
  0.36650000E+00  0.57986966E+00
  0.36670000E+00  0.57986964E+00
  0.36690000E+00  0.57986964E+00
  0.36710000E+00  0.57986963E+00
  0.36730000E+00  0.57986963E+00
  0.36750000E+00  0.57986961E+00
  0.36770000E+00  0.57986949E+00
  0.36790000E+00  0.57986919E+00
  0.36810000E+00  0.57986862E+00
  0.36830000E+00  0.57986779E+00
  0.36850000E+00  0.57986683E+00
  0.36870000E+00  0.57986598E+00
  0.36890000E+00  0.57986552E+00
  0.36910000E+00  0.57986548E+00
  0.36930000E+00  0.57986550E+00
  0.36950000E+00  0.57986566E+00
  0.36970000E+00  0.57986612E+00
  0.36990000E+00  0.57986675E+00
  0.37010000E+00  0.57986735E+00
  0.37030000E+00  0.57986776E+00
  0.37050000E+00  0.57986785E+00
  0.37070000E+00  0.57986784E+00
  0.37090000E+00  0.57986775E+00
  0.37110000E+00  0.57986734E+00
  0.37130000E+00  0.57986665E+00
  0.37150000E+00  0.57986602E+00
  0.37170000E+00  0.57986583E+00
  0.37190000E+00  0.57986584E+00
  0.37210000E+00  0.57986605E+00
  0.37230000E+00  0.57986676E+00
  0.37250000E+00  0.57986767E+00
  0.37270000E+00  0.57986817E+00
  0.37290000E+00  0.57986819E+00
  0.37310000E+00  0.57986808E+00
  0.37330000E+00  0.57986752E+00
  0.37350000E+00  0.57986660E+00
  0.37370000E+00  0.57986585E+00
  0.37390000E+00  0.57986567E+00
  0.37410000E+00  0.57986568E+00
  0.37430000E+00  0.57986581E+00
  0.37450000E+00  0.57986625E+00
  0.37470000E+00  0.57986687E+00
  0.37490000E+00  0.57986744E+00
  0.37510000E+00  0.57986774E+00
  0.37530000E+00  0.57986777E+00
  0.37550000E+00  0.57986775E+00
  0.37570000E+00  0.57986756E+00
  0.37590000E+00  0.57986698E+00
  0.37610000E+00  0.57986616E+00
  0.37630000E+00  0.57986540E+00
  0.37650000E+00  0.57986502E+00
  0.37670000E+00  0.57986500E+00
  0.37690000E+00  0.57986503E+00
  0.37710000E+00  0.57986525E+00
  0.37730000E+00  0.57986579E+00
  0.37750000E+00  0.57986649E+00
  0.37770000E+00  0.57986715E+00
  0.37790000E+00  0.57986761E+00
  0.37810000E+00  0.57986774E+00
  0.37830000E+00  0.57986773E+00
  0.37850000E+00  0.57986765E+00
  0.37870000E+00  0.57986726E+00
  0.37890000E+00  0.57986658E+00
  0.37910000E+00  0.57986596E+00
  0.37930000E+00  0.57986578E+00
  0.37950000E+00  0.57986580E+00
  0.37970000E+00  0.57986604E+00
  0.37990000E+00  0.57986681E+00
  0.38010000E+00  0.57986776E+00
  0.38030000E+00  0.57986824E+00
  0.38050000E+00  0.57986825E+00
  0.38070000E+00  0.57986812E+00
  0.38090000E+00  0.57986749E+00
  0.38110000E+00  0.57986652E+00
  0.38130000E+00  0.57986578E+00
  0.38150000E+00  0.57986562E+00
  0.38170000E+00  0.57986564E+00
  0.38190000E+00  0.57986578E+00
  0.38210000E+00  0.57986624E+00
  0.38230000E+00  0.57986688E+00
  0.38250000E+00  0.57986745E+00
  0.38270000E+00  0.57986776E+00
  0.38290000E+00  0.57986778E+00
  0.38310000E+00  0.57986776E+00
  0.38330000E+00  0.57986756E+00
  0.38350000E+00  0.57986695E+00
  0.38370000E+00  0.57986610E+00
  0.38390000E+00  0.57986535E+00
  0.38410000E+00  0.57986499E+00
  0.38430000E+00  0.57986498E+00
  0.38450000E+00  0.57986502E+00
  0.38470000E+00  0.57986526E+00
  0.38490000E+00  0.57986581E+00
  0.38510000E+00  0.57986651E+00
  0.38530000E+00  0.57986717E+00
  0.38550000E+00  0.57986765E+00
  0.38570000E+00  0.57986779E+00
  0.38590000E+00  0.57986778E+00
  0.38610000E+00  0.57986770E+00
  0.38630000E+00  0.57986728E+00
  0.38650000E+00  0.57986656E+00
  0.38670000E+00  0.57986590E+00
  0.38690000E+00  0.57986573E+00
  0.38710000E+00  0.57986575E+00
  0.38730000E+00  0.57986603E+00
  0.38750000E+00  0.57986686E+00
  0.38770000E+00  0.57986783E+00
  0.38790000E+00  0.57986828E+00
  0.38810000E+00  0.57986828E+00
  0.38830000E+00  0.57986812E+00
  0.38850000E+00  0.57986741E+00
  0.38870000E+00  0.57986641E+00
  0.38890000E+00  0.57986571E+00
  0.38910000E+00  0.57986559E+00
  0.38930000E+00  0.57986561E+00
  0.38950000E+00  0.57986578E+00
  0.38970000E+00  0.57986627E+00
  0.38990000E+00  0.57986690E+00
  0.39010000E+00  0.57986745E+00
  0.39030000E+00  0.57986776E+00
  0.39050000E+00  0.57986778E+00
  0.39070000E+00  0.57986776E+00
  0.39090000E+00  0.57986755E+00
  0.39110000E+00  0.57986693E+00
  0.39130000E+00  0.57986607E+00
  0.39150000E+00  0.57986531E+00
  0.39170000E+00  0.57986498E+00
  0.39190000E+00  0.57986497E+00
  0.39210000E+00  0.57986501E+00
  0.39230000E+00  0.57986528E+00
  0.39250000E+00  0.57986585E+00
  0.39270000E+00  0.57986654E+00
  0.39290000E+00  0.57986719E+00
  0.39310000E+00  0.57986765E+00
  0.39330000E+00  0.57986778E+00
  0.39350000E+00  0.57986778E+00
  0.39370000E+00  0.57986769E+00
  0.39390000E+00  0.57986726E+00
  0.39410000E+00  0.57986653E+00
  0.39430000E+00  0.57986587E+00
  0.39450000E+00  0.57986570E+00
  0.39470000E+00  0.57986573E+00
  0.39490000E+00  0.57986603E+00
  0.39510000E+00  0.57986692E+00
  0.39530000E+00  0.57986793E+00
  0.39550000E+00  0.57986836E+00
  0.39570000E+00  0.57986834E+00
  0.39590000E+00  0.57986814E+00
  0.39610000E+00  0.57986736E+00
  0.39630000E+00  0.57986633E+00
  0.39650000E+00  0.57986565E+00
  0.39670000E+00  0.57986557E+00
  0.39690000E+00  0.57986560E+00
  0.39710000E+00  0.57986580E+00
  0.39730000E+00  0.57986631E+00
  0.39750000E+00  0.57986695E+00
  0.39770000E+00  0.57986750E+00
  0.39790000E+00  0.57986779E+00
  0.39810000E+00  0.57986781E+00
  0.39830000E+00  0.57986778E+00
  0.39850000E+00  0.57986755E+00
  0.39870000E+00  0.57986689E+00
  0.39890000E+00  0.57986600E+00
  0.39910000E+00  0.57986524E+00
  0.39930000E+00  0.57986494E+00
  0.39950000E+00  0.57986494E+00
  0.39970000E+00  0.57986499E+00
  0.39990000E+00  0.57986528E+00
  0.40010000E+00  0.57986587E+00
  0.40030000E+00  0.57986657E+00
  0.40050000E+00  0.57986723E+00
  0.40070000E+00  0.57986770E+00
  0.40090000E+00  0.57986783E+00
  0.40110000E+00  0.57986782E+00
  0.40130000E+00  0.57986772E+00
  0.40150000E+00  0.57986725E+00
  0.40170000E+00  0.57986646E+00
  0.40190000E+00  0.57986578E+00
  0.40210000E+00  0.57986563E+00
  0.40230000E+00  0.57986567E+00
  0.40250000E+00  0.57986603E+00
  0.40270000E+00  0.57986699E+00
  0.40290000E+00  0.57986802E+00
  0.40310000E+00  0.57986839E+00
  0.40330000E+00  0.57986837E+00
  0.40350000E+00  0.57986811E+00
  0.40370000E+00  0.57986726E+00
  0.40390000E+00  0.57986622E+00
  0.40410000E+00  0.57986560E+00
  0.40430000E+00  0.57986555E+00
  0.40450000E+00  0.57986558E+00
  0.40470000E+00  0.57986581E+00
  0.40490000E+00  0.57986634E+00
  0.40510000E+00  0.57986698E+00
  0.40530000E+00  0.57986752E+00
  0.40550000E+00  0.57986780E+00
  0.40570000E+00  0.57986781E+00
  0.40590000E+00  0.57986778E+00
  0.40610000E+00  0.57986752E+00
  0.40630000E+00  0.57986681E+00
  0.40650000E+00  0.57986590E+00
  0.40670000E+00  0.57986515E+00
  0.40690000E+00  0.57986490E+00
  0.40710000E+00  0.57986490E+00
  0.40730000E+00  0.57986497E+00
  0.40750000E+00  0.57986532E+00
  0.40770000E+00  0.57986593E+00
  0.40790000E+00  0.57986663E+00
  0.40810000E+00  0.57986726E+00
  0.40830000E+00  0.57986769E+00
  0.40850000E+00  0.57986780E+00
  0.40870000E+00  0.57986779E+00
  0.40890000E+00  0.57986768E+00
  0.40910000E+00  0.57986717E+00
  0.40930000E+00  0.57986636E+00
  0.40950000E+00  0.57986569E+00
  0.40970000E+00  0.57986555E+00
  0.40990000E+00  0.57986560E+00
  0.41010000E+00  0.57986601E+00
  0.41030000E+00  0.57986703E+00
  0.41050000E+00  0.57986809E+00
  0.41070000E+00  0.57986844E+00
  0.41090000E+00  0.57986841E+00
  0.41110000E+00  0.57986811E+00
  0.41130000E+00  0.57986719E+00
  0.41150000E+00  0.57986612E+00
  0.41170000E+00  0.57986557E+00
  0.41190000E+00  0.57986554E+00
  0.41210000E+00  0.57986559E+00
  0.41230000E+00  0.57986587E+00
  0.41250000E+00  0.57986643E+00
  0.41270000E+00  0.57986705E+00
  0.41290000E+00  0.57986756E+00
  0.41310000E+00  0.57986778E+00
  0.41330000E+00  0.57986779E+00
  0.41350000E+00  0.57986774E+00
  0.41370000E+00  0.57986739E+00
  0.41390000E+00  0.57986663E+00
  0.41410000E+00  0.57986585E+00
  0.41430000E+00  0.57986557E+00
  0.41450000E+00  0.57986559E+00
  0.41470000E+00  0.57986585E+00
  0.41490000E+00  0.57986677E+00
  0.41510000E+00  0.57986793E+00
  0.41530000E+00  0.57986849E+00
  0.41550000E+00  0.57986849E+00
  0.41570000E+00  0.57986829E+00
  0.41590000E+00  0.57986747E+00
  0.41610000E+00  0.57986635E+00
  0.41630000E+00  0.57986562E+00
  0.41650000E+00  0.57986554E+00
  0.41670000E+00  0.57986557E+00
  0.41690000E+00  0.57986578E+00
  0.41710000E+00  0.57986628E+00
  0.41730000E+00  0.57986689E+00
  0.41750000E+00  0.57986743E+00
  0.41770000E+00  0.57986777E+00
  0.41790000E+00  0.57986781E+00
  0.41810000E+00  0.57986779E+00
  0.41830000E+00  0.57986761E+00
  0.41850000E+00  0.57986698E+00
  0.41870000E+00  0.57986606E+00
  0.41890000E+00  0.57986523E+00
  0.41910000E+00  0.57986489E+00
  0.41930000E+00  0.57986489E+00
  0.41950000E+00  0.57986494E+00
  0.41970000E+00  0.57986525E+00
  0.41990000E+00  0.57986584E+00
  0.42010000E+00  0.57986653E+00
  0.42030000E+00  0.57986718E+00
  0.42050000E+00  0.57986767E+00
  0.42070000E+00  0.57986787E+00
  0.42090000E+00  0.57986787E+00
  0.42110000E+00  0.57986781E+00
  0.42130000E+00  0.57986740E+00
  0.42150000E+00  0.57986659E+00
  0.42170000E+00  0.57986578E+00
  0.42190000E+00  0.57986552E+00
  0.42210000E+00  0.57986555E+00
  0.42230000E+00  0.57986586E+00
  0.42250000E+00  0.57986687E+00
  0.42270000E+00  0.57986807E+00
  0.42290000E+00  0.57986858E+00
  0.42310000E+00  0.57986857E+00
  0.42330000E+00  0.57986832E+00
  0.42350000E+00  0.57986740E+00
  0.42370000E+00  0.57986624E+00
  0.42390000E+00  0.57986557E+00
  0.42410000E+00  0.57986551E+00
  0.42430000E+00  0.57986555E+00
  0.42450000E+00  0.57986579E+00
  0.42470000E+00  0.57986631E+00
  0.42490000E+00  0.57986693E+00
  0.42510000E+00  0.57986749E+00
  0.42530000E+00  0.57986783E+00
  0.42550000E+00  0.57986787E+00
  0.42570000E+00  0.57986785E+00
  0.42590000E+00  0.57986764E+00
  0.42610000E+00  0.57986694E+00
  0.42630000E+00  0.57986597E+00
  0.42650000E+00  0.57986514E+00
  0.42670000E+00  0.57986485E+00
  0.42690000E+00  0.57986485E+00
  0.42710000E+00  0.57986492E+00
  0.42730000E+00  0.57986526E+00
  0.42750000E+00  0.57986586E+00
  0.42770000E+00  0.57986653E+00
  0.42790000E+00  0.57986717E+00
  0.42810000E+00  0.57986766E+00
  0.42830000E+00  0.57986787E+00
  0.42850000E+00  0.57986787E+00
  0.42870000E+00  0.57986780E+00
  0.42890000E+00  0.57986737E+00
  0.42910000E+00  0.57986650E+00
  0.42930000E+00  0.57986564E+00
  0.42950000E+00  0.57986539E+00
  0.42970000E+00  0.57986542E+00
  0.42990000E+00  0.57986579E+00
  0.43010000E+00  0.57986690E+00
  0.43030000E+00  0.57986817E+00
  0.43050000E+00  0.57986865E+00
  0.43070000E+00  0.57986863E+00
  0.43090000E+00  0.57986831E+00
  0.43110000E+00  0.57986730E+00
  0.43130000E+00  0.57986611E+00
  0.43150000E+00  0.57986551E+00
  0.43170000E+00  0.57986549E+00
  0.43190000E+00  0.57986554E+00
  0.43210000E+00  0.57986582E+00
  0.43230000E+00  0.57986636E+00
  0.43250000E+00  0.57986696E+00
  0.43270000E+00  0.57986748E+00
  0.43290000E+00  0.57986780E+00
  0.43310000E+00  0.57986784E+00
  0.43330000E+00  0.57986782E+00
  0.43350000E+00  0.57986760E+00
  0.43370000E+00  0.57986690E+00
  0.43390000E+00  0.57986592E+00
  0.43410000E+00  0.57986510E+00
  0.43430000E+00  0.57986483E+00
  0.43450000E+00  0.57986483E+00
  0.43470000E+00  0.57986492E+00
  0.43490000E+00  0.57986531E+00
  0.43510000E+00  0.57986593E+00
  0.43530000E+00  0.57986660E+00
  0.43550000E+00  0.57986722E+00
  0.43570000E+00  0.57986768E+00
  0.43590000E+00  0.57986786E+00
  0.43610000E+00  0.57986785E+00
  0.43630000E+00  0.57986778E+00
  0.43650000E+00  0.57986732E+00
  0.43670000E+00  0.57986642E+00
  0.43690000E+00  0.57986557E+00
  0.43710000E+00  0.57986534E+00
  0.43730000E+00  0.57986538E+00
  0.43750000E+00  0.57986580E+00
  0.43770000E+00  0.57986699E+00
  0.43790000E+00  0.57986829E+00
  0.43810000E+00  0.57986873E+00
  0.43830000E+00  0.57986870E+00
  0.43850000E+00  0.57986832E+00
  0.43870000E+00  0.57986721E+00
  0.43890000E+00  0.57986600E+00
  0.43910000E+00  0.57986546E+00
  0.43930000E+00  0.57986546E+00
  0.43950000E+00  0.57986553E+00
  0.43970000E+00  0.57986586E+00
  0.43990000E+00  0.57986642E+00
  0.44010000E+00  0.57986702E+00
  0.44030000E+00  0.57986754E+00
  0.44050000E+00  0.57986784E+00
  0.44070000E+00  0.57986788E+00
  0.44090000E+00  0.57986785E+00
  0.44110000E+00  0.57986761E+00
  0.44130000E+00  0.57986686E+00
  0.44150000E+00  0.57986586E+00
  0.44170000E+00  0.57986504E+00
  0.44190000E+00  0.57986480E+00
  0.44210000E+00  0.57986481E+00
  0.44230000E+00  0.57986491E+00
  0.44250000E+00  0.57986532E+00
  0.44270000E+00  0.57986594E+00
  0.44290000E+00  0.57986662E+00
  0.44310000E+00  0.57986724E+00
  0.44330000E+00  0.57986772E+00
  0.44350000E+00  0.57986790E+00
  0.44370000E+00  0.57986790E+00
  0.44390000E+00  0.57986782E+00
  0.44410000E+00  0.57986731E+00
  0.44430000E+00  0.57986636E+00
  0.44450000E+00  0.57986549E+00
  0.44470000E+00  0.57986527E+00
  0.44490000E+00  0.57986532E+00
  0.44510000E+00  0.57986580E+00
  0.44530000E+00  0.57986709E+00
  0.44550000E+00  0.57986842E+00
  0.44570000E+00  0.57986880E+00
  0.44590000E+00  0.57986875E+00
  0.44610000E+00  0.57986828E+00
  0.44630000E+00  0.57986708E+00
  0.44650000E+00  0.57986586E+00
  0.44670000E+00  0.57986543E+00
  0.44690000E+00  0.57986543E+00
  0.44710000E+00  0.57986553E+00
  0.44730000E+00  0.57986590E+00
  0.44750000E+00  0.57986646E+00
  0.44770000E+00  0.57986706E+00
  0.44790000E+00  0.57986757E+00
  0.44810000E+00  0.57986788E+00
  0.44830000E+00  0.57986791E+00
  0.44850000E+00  0.57986787E+00
  0.44870000E+00  0.57986755E+00
  0.44890000E+00  0.57986669E+00
  0.44910000E+00  0.57986570E+00
  0.44930000E+00  0.57986529E+00
  0.44950000E+00  0.57986531E+00
  0.44970000E+00  0.57986561E+00
  0.44990000E+00  0.57986675E+00
  0.45010000E+00  0.57986819E+00
  0.45030000E+00  0.57986883E+00
  0.45050000E+00  0.57986881E+00
  0.45070000E+00  0.57986848E+00
  0.45090000E+00  0.57986737E+00
  0.45110000E+00  0.57986607E+00
  0.45130000E+00  0.57986545E+00
  0.45150000E+00  0.57986544E+00
  0.45170000E+00  0.57986550E+00
  0.45190000E+00  0.57986581E+00
  0.45210000E+00  0.57986632E+00
  0.45230000E+00  0.57986688E+00
  0.45250000E+00  0.57986740E+00
  0.45270000E+00  0.57986779E+00
  0.45290000E+00  0.57986789E+00
  0.45310000E+00  0.57986787E+00
  0.45330000E+00  0.57986772E+00
  0.45350000E+00  0.57986706E+00
  0.45370000E+00  0.57986603E+00
  0.45390000E+00  0.57986511E+00
  0.45410000E+00  0.57986479E+00
  0.45430000E+00  0.57986479E+00
  0.45450000E+00  0.57986489E+00
  0.45470000E+00  0.57986529E+00
  0.45490000E+00  0.57986590E+00
  0.45510000E+00  0.57986654E+00
  0.45530000E+00  0.57986713E+00
  0.45550000E+00  0.57986762E+00
  0.45570000E+00  0.57986792E+00
  0.45590000E+00  0.57986794E+00
  0.45610000E+00  0.57986790E+00
  0.45630000E+00  0.57986754E+00
  0.45650000E+00  0.57986662E+00
  0.45670000E+00  0.57986558E+00
  0.45690000E+00  0.57986517E+00
  0.45710000E+00  0.57986520E+00
  0.45730000E+00  0.57986556E+00
  0.45750000E+00  0.57986683E+00
  0.45770000E+00  0.57986837E+00
  0.45790000E+00  0.57986897E+00
  0.45810000E+00  0.57986894E+00
  0.45830000E+00  0.57986852E+00
  0.45850000E+00  0.57986727E+00
  0.45870000E+00  0.57986592E+00
  0.45890000E+00  0.57986540E+00
  0.45910000E+00  0.57986540E+00
  0.45930000E+00  0.57986549E+00
  0.45950000E+00  0.57986584E+00
  0.45970000E+00  0.57986637E+00
  0.45990000E+00  0.57986693E+00
  0.46010000E+00  0.57986745E+00
  0.46030000E+00  0.57986784E+00
  0.46050000E+00  0.57986794E+00
  0.46070000E+00  0.57986792E+00
  0.46090000E+00  0.57986774E+00
  0.46110000E+00  0.57986702E+00
  0.46130000E+00  0.57986594E+00
  0.46150000E+00  0.57986502E+00
  0.46170000E+00  0.57986474E+00
  0.46190000E+00  0.57986475E+00
  0.46210000E+00  0.57986487E+00
  0.46230000E+00  0.57986531E+00
  0.46250000E+00  0.57986592E+00
  0.46270000E+00  0.57986655E+00
  0.46290000E+00  0.57986714E+00
  0.46310000E+00  0.57986765E+00
  0.46330000E+00  0.57986795E+00
  0.46350000E+00  0.57986797E+00
  0.46370000E+00  0.57986792E+00
  0.46390000E+00  0.57986753E+00
  0.46410000E+00  0.57986654E+00
  0.46430000E+00  0.57986547E+00
  0.46450000E+00  0.57986508E+00
  0.46470000E+00  0.57986512E+00
  0.46490000E+00  0.57986554E+00
  0.46510000E+00  0.57986694E+00
  0.46530000E+00  0.57986853E+00
  0.46550000E+00  0.57986907E+00
  0.46570000E+00  0.57986902E+00
  0.46590000E+00  0.57986850E+00
  0.46610000E+00  0.57986712E+00
  0.46630000E+00  0.57986576E+00
  0.46650000E+00  0.57986535E+00
  0.46670000E+00  0.57986536E+00
  0.46690000E+00  0.57986548E+00
  0.46710000E+00  0.57986587E+00
  0.46730000E+00  0.57986639E+00
  0.46750000E+00  0.57986694E+00
  0.46770000E+00  0.57986747E+00
  0.46790000E+00  0.57986788E+00
  0.46810000E+00  0.57986798E+00
  0.46830000E+00  0.57986796E+00
  0.46850000E+00  0.57986776E+00
  0.46870000E+00  0.57986699E+00
  0.46890000E+00  0.57986587E+00
  0.46910000E+00  0.57986495E+00
  0.46930000E+00  0.57986471E+00
  0.46950000E+00  0.57986473E+00
  0.46970000E+00  0.57986488E+00
  0.46990000E+00  0.57986535E+00
  0.47010000E+00  0.57986597E+00
  0.47030000E+00  0.57986658E+00
  0.47050000E+00  0.57986716E+00
  0.47070000E+00  0.57986767E+00
  0.47090000E+00  0.57986797E+00
  0.47110000E+00  0.57986799E+00
  0.47130000E+00  0.57986793E+00
  0.47150000E+00  0.57986750E+00
  0.47170000E+00  0.57986646E+00
  0.47190000E+00  0.57986536E+00
  0.47210000E+00  0.57986498E+00
  0.47230000E+00  0.57986503E+00
  0.47250000E+00  0.57986552E+00
  0.47270000E+00  0.57986704E+00
  0.47290000E+00  0.57986869E+00
  0.47310000E+00  0.57986918E+00
  0.47330000E+00  0.57986911E+00
  0.47350000E+00  0.57986847E+00
  0.47370000E+00  0.57986696E+00
  0.47390000E+00  0.57986562E+00
  0.47410000E+00  0.57986532E+00
  0.47430000E+00  0.57986534E+00
  0.47450000E+00  0.57986552E+00
  0.47470000E+00  0.57986595E+00
  0.47490000E+00  0.57986646E+00
  0.47510000E+00  0.57986697E+00
  0.47530000E+00  0.57986748E+00
  0.47550000E+00  0.57986788E+00
  0.47570000E+00  0.57986798E+00
  0.47590000E+00  0.57986796E+00
  0.47610000E+00  0.57986774E+00
  0.47630000E+00  0.57986693E+00
  0.47650000E+00  0.57986579E+00
  0.47670000E+00  0.57986489E+00
  0.47690000E+00  0.57986470E+00
  0.47710000E+00  0.57986472E+00
  0.47730000E+00  0.57986492E+00
  0.47750000E+00  0.57986540E+00
  0.47770000E+00  0.57986600E+00
  0.47790000E+00  0.57986658E+00
  0.47810000E+00  0.57986715E+00
  0.47830000E+00  0.57986768E+00
  0.47850000E+00  0.57986800E+00
  0.47870000E+00  0.57986802E+00
  0.47890000E+00  0.57986797E+00
  0.47910000E+00  0.57986751E+00
  0.47930000E+00  0.57986640E+00
  0.47950000E+00  0.57986523E+00
  0.47970000E+00  0.57986485E+00
  0.47990000E+00  0.57986491E+00
  0.48010000E+00  0.57986548E+00
  0.48030000E+00  0.57986716E+00
  0.48050000E+00  0.57986891E+00
  0.48070000E+00  0.57986935E+00
  0.48090000E+00  0.57986925E+00
  0.48110000E+00  0.57986845E+00
  0.48130000E+00  0.57986679E+00
  0.48150000E+00  0.57986548E+00
  0.48170000E+00  0.57986527E+00
  0.48190000E+00  0.57986531E+00
  0.48210000E+00  0.57986554E+00
  0.48230000E+00  0.57986599E+00
  0.48250000E+00  0.57986648E+00
  0.48270000E+00  0.57986698E+00
  0.48290000E+00  0.57986750E+00
  0.48310000E+00  0.57986792E+00
  0.48330000E+00  0.57986802E+00
  0.48350000E+00  0.57986800E+00
  0.48370000E+00  0.57986775E+00
  0.48390000E+00  0.57986688E+00
  0.48410000E+00  0.57986568E+00
  0.48430000E+00  0.57986480E+00
  0.48450000E+00  0.57986464E+00
  0.48470000E+00  0.57986468E+00
  0.48490000E+00  0.57986493E+00
  0.48510000E+00  0.57986546E+00
  0.48530000E+00  0.57986606E+00
  0.48550000E+00  0.57986662E+00
  0.48570000E+00  0.57986718E+00
  0.48590000E+00  0.57986770E+00
  0.48610000E+00  0.57986800E+00
  0.48630000E+00  0.57986802E+00
  0.48650000E+00  0.57986796E+00
  0.48670000E+00  0.57986747E+00
  0.48690000E+00  0.57986633E+00
  0.48710000E+00  0.57986514E+00
  0.48730000E+00  0.57986478E+00
  0.48750000E+00  0.57986485E+00
  0.48770000E+00  0.57986549E+00
  0.48790000E+00  0.57986729E+00
  0.48810000E+00  0.57986906E+00
  0.48830000E+00  0.57986943E+00
  0.48850000E+00  0.57986930E+00
  0.48870000E+00  0.57986834E+00
  0.48890000E+00  0.57986657E+00
  0.48910000E+00  0.57986535E+00
  0.48930000E+00  0.57986522E+00
  0.48950000E+00  0.57986528E+00
  0.48970000E+00  0.57986556E+00
  0.48990000E+00  0.57986602E+00
  0.49010000E+00  0.57986649E+00
  0.49030000E+00  0.57986699E+00
  0.49050000E+00  0.57986754E+00
  0.49070000E+00  0.57986797E+00
  0.49090000E+00  0.57986807E+00
  0.49110000E+00  0.57986804E+00
  0.49130000E+00  0.57986774E+00
  0.49150000E+00  0.57986674E+00
  0.49170000E+00  0.57986542E+00
  0.49190000E+00  0.57986475E+00
  0.49210000E+00  0.57986477E+00
  0.49230000E+00  0.57986519E+00
  0.49250000E+00  0.57986683E+00
  0.49270000E+00  0.57986886E+00
  0.49290000E+00  0.57986954E+00
  0.49310000E+00  0.57986946E+00
  0.49330000E+00  0.57986869E+00
  0.49350000E+00  0.57986691E+00
  0.49370000E+00  0.57986546E+00
  0.49390000E+00  0.57986523E+00
  0.49410000E+00  0.57986528E+00
  0.49430000E+00  0.57986554E+00
  0.49450000E+00  0.57986596E+00
  0.49470000E+00  0.57986636E+00
  0.49490000E+00  0.57986680E+00
  0.49510000E+00  0.57986733E+00
  0.49530000E+00  0.57986785E+00
  0.49550000E+00  0.57986806E+00
  0.49570000E+00  0.57986805E+00
  0.49590000E+00  0.57986789E+00
  0.49610000E+00  0.57986712E+00
  0.49630000E+00  0.57986587E+00
  0.49650000E+00  0.57986481E+00
  0.49670000E+00  0.57986458E+00
  0.49690000E+00  0.57986461E+00
  0.49710000E+00  0.57986489E+00
  0.49730000E+00  0.57986545E+00
  0.49750000E+00  0.57986602E+00
  0.49770000E+00  0.57986651E+00
  0.49790000E+00  0.57986702E+00
  0.49810000E+00  0.57986760E+00
  0.49830000E+00  0.57986804E+00
  0.49850000E+00  0.57986812E+00
  0.49870000E+00  0.57986809E+00
  0.49890000E+00  0.57986776E+00
  0.49910000E+00  0.57986668E+00
  0.49930000E+00  0.57986529E+00
  0.49950000E+00  0.57986462E+00
  0.49970000E+00  0.57986465E+00
  0.49990000E+00  0.57986514E+00
  0.50010000E+00  0.57986697E+00
  0.50030000E+00  0.57986911E+00
  0.50050000E+00  0.57986973E+00
  0.50070000E+00  0.57986961E+00
  0.50090000E+00  0.57986865E+00
  0.50110000E+00  0.57986670E+00
  0.50130000E+00  0.57986533E+00
  0.50150000E+00  0.57986520E+00
  0.50170000E+00  0.57986527E+00
  0.50190000E+00  0.57986560E+00
  0.50210000E+00  0.57986601E+00
  0.50230000E+00  0.57986637E+00
  0.50250000E+00  0.57986680E+00
  0.50270000E+00  0.57986738E+00
  0.50290000E+00  0.57986794E+00
  0.50310000E+00  0.57986814E+00
  0.50330000E+00  0.57986812E+00
  0.50350000E+00  0.57986793E+00
  0.50370000E+00  0.57986706E+00
  0.50390000E+00  0.57986572E+00
  0.50410000E+00  0.57986469E+00
  0.50430000E+00  0.57986452E+00
  0.50450000E+00  0.57986458E+00
  0.50470000E+00  0.57986494E+00
  0.50490000E+00  0.57986553E+00
  0.50510000E+00  0.57986604E+00
  0.50530000E+00  0.57986646E+00
  0.50550000E+00  0.57986698E+00
  0.50570000E+00  0.57986761E+00
  0.50590000E+00  0.57986808E+00
  0.50610000E+00  0.57986815E+00
  0.50630000E+00  0.57986811E+00
  0.50650000E+00  0.57986776E+00
  0.50670000E+00  0.57986661E+00
  0.50690000E+00  0.57986514E+00
  0.50710000E+00  0.57986444E+00
  0.50730000E+00  0.57986447E+00
  0.50750000E+00  0.57986504E+00
  0.50770000E+00  0.57986709E+00
  0.50790000E+00  0.57986937E+00
  0.50810000E+00  0.57986993E+00
  0.50830000E+00  0.57986977E+00
  0.50850000E+00  0.57986857E+00
  0.50870000E+00  0.57986643E+00
  0.50890000E+00  0.57986516E+00
  0.50910000E+00  0.57986510E+00
  0.50930000E+00  0.57986524E+00
  0.50950000E+00  0.57986565E+00
  0.50970000E+00  0.57986605E+00
  0.50990000E+00  0.57986636E+00
  0.51010000E+00  0.57986678E+00
  0.51030000E+00  0.57986739E+00
  0.51050000E+00  0.57986797E+00
  0.51070000E+00  0.57986815E+00
  0.51090000E+00  0.57986813E+00
  0.51110000E+00  0.57986793E+00
  0.51130000E+00  0.57986704E+00
  0.51150000E+00  0.57986565E+00
  0.51170000E+00  0.57986460E+00
  0.51190000E+00  0.57986446E+00
  0.51210000E+00  0.57986454E+00
  0.51230000E+00  0.57986499E+00
  0.51250000E+00  0.57986560E+00
  0.51270000E+00  0.57986607E+00
  0.51290000E+00  0.57986646E+00
  0.51310000E+00  0.57986699E+00
  0.51330000E+00  0.57986766E+00
  0.51350000E+00  0.57986811E+00
  0.51370000E+00  0.57986816E+00
  0.51390000E+00  0.57986812E+00
  0.51410000E+00  0.57986774E+00
  0.51430000E+00  0.57986655E+00
  0.51450000E+00  0.57986502E+00
  0.51470000E+00  0.57986427E+00
  0.51490000E+00  0.57986431E+00
  0.51510000E+00  0.57986497E+00
  0.51530000E+00  0.57986725E+00
  0.51550000E+00  0.57986967E+00
  0.51570000E+00  0.57987017E+00
  0.51590000E+00  0.57986993E+00
  0.51610000E+00  0.57986845E+00
  0.51630000E+00  0.57986611E+00
  0.51650000E+00  0.57986502E+00
  0.51670000E+00  0.57986503E+00
  0.51690000E+00  0.57986526E+00
  0.51710000E+00  0.57986576E+00
  0.51730000E+00  0.57986612E+00
  0.51750000E+00  0.57986635E+00
  0.51770000E+00  0.57986675E+00
  0.51790000E+00  0.57986741E+00
  0.51810000E+00  0.57986802E+00
  0.51830000E+00  0.57986817E+00
  0.51850000E+00  0.57986815E+00
  0.51870000E+00  0.57986794E+00
  0.51890000E+00  0.57986699E+00
  0.51910000E+00  0.57986554E+00
  0.51930000E+00  0.57986450E+00
  0.51950000E+00  0.57986440E+00
  0.51970000E+00  0.57986454E+00
  0.51990000E+00  0.57986508E+00
  0.52010000E+00  0.57986569E+00
  0.52030000E+00  0.57986606E+00
  0.52050000E+00  0.57986638E+00
  0.52070000E+00  0.57986697E+00
  0.52090000E+00  0.57986771E+00
  0.52110000E+00  0.57986816E+00
  0.52130000E+00  0.57986819E+00
  0.52150000E+00  0.57986815E+00
  0.52170000E+00  0.57986775E+00
  0.52190000E+00  0.57986650E+00
  0.52210000E+00  0.57986486E+00
  0.52230000E+00  0.57986407E+00
  0.52250000E+00  0.57986412E+00
  0.52270000E+00  0.57986492E+00
  0.52290000E+00  0.57986749E+00
  0.52310000E+00  0.57987001E+00
  0.52330000E+00  0.57987042E+00
  0.52350000E+00  0.57987008E+00
  0.52370000E+00  0.57986825E+00
  0.52390000E+00  0.57986575E+00
  0.52410000E+00  0.57986490E+00
  0.52430000E+00  0.57986495E+00
  0.52450000E+00  0.57986532E+00
  0.52470000E+00  0.57986586E+00
  0.52490000E+00  0.57986614E+00
  0.52510000E+00  0.57986628E+00
  0.52530000E+00  0.57986671E+00
  0.52550000E+00  0.57986746E+00
  0.52570000E+00  0.57986810E+00
  0.52590000E+00  0.57986821E+00
  0.52610000E+00  0.57986818E+00
  0.52630000E+00  0.57986795E+00
  0.52650000E+00  0.57986694E+00
  0.52670000E+00  0.57986539E+00
  0.52690000E+00  0.57986436E+00
  0.52710000E+00  0.57986429E+00
  0.52730000E+00  0.57986452E+00
  0.52750000E+00  0.57986521E+00
  0.52770000E+00  0.57986582E+00
  0.52790000E+00  0.57986607E+00
  0.52810000E+00  0.57986633E+00
  0.52830000E+00  0.57986695E+00
  0.52850000E+00  0.57986776E+00
  0.52870000E+00  0.57986816E+00
  0.52890000E+00  0.57986817E+00
  0.52910000E+00  0.57986813E+00
  0.52930000E+00  0.57986774E+00
  0.52950000E+00  0.57986647E+00
  0.52970000E+00  0.57986477E+00
  0.52990000E+00  0.57986388E+00
  0.53010000E+00  0.57986393E+00
  0.53030000E+00  0.57986483E+00
  0.53050000E+00  0.57986767E+00
  0.53070000E+00  0.57987031E+00
  0.53090000E+00  0.57987064E+00
  0.53110000E+00  0.57987019E+00
  0.53130000E+00  0.57986802E+00
  0.53150000E+00  0.57986540E+00
  0.53170000E+00  0.57986475E+00
  0.53190000E+00  0.57986487E+00
  0.53210000E+00  0.57986541E+00
  0.53230000E+00  0.57986596E+00
  0.53250000E+00  0.57986612E+00
  0.53270000E+00  0.57986621E+00
  0.53290000E+00  0.57986668E+00
  0.53310000E+00  0.57986755E+00
  0.53330000E+00  0.57986814E+00
  0.53350000E+00  0.57986819E+00
  0.53370000E+00  0.57986817E+00
  0.53390000E+00  0.57986795E+00
  0.53410000E+00  0.57986694E+00
  0.53430000E+00  0.57986528E+00
  0.53450000E+00  0.57986419E+00
  0.53470000E+00  0.57986415E+00
  0.53490000E+00  0.57986452E+00
  0.53510000E+00  0.57986536E+00
  0.53530000E+00  0.57986590E+00
  0.53550000E+00  0.57986601E+00
  0.53570000E+00  0.57986622E+00
  0.53590000E+00  0.57986697E+00
  0.53610000E+00  0.57986790E+00
  0.53630000E+00  0.57986818E+00
  0.53650000E+00  0.57986817E+00
  0.53670000E+00  0.57986801E+00
  0.53690000E+00  0.57986751E+00
  0.53710000E+00  0.57986694E+00
  0.53730000E+00  0.57986678E+00
  0.53750000E+00  0.57986689E+00
  0.53770000E+00  0.57986746E+00
  0.53790000E+00  0.57986808E+00
  0.53810000E+00  0.57986818E+00
  0.53830000E+00  0.57986817E+00
  0.53850000E+00  0.57986805E+00
  0.53870000E+00  0.57986726E+00
  0.53890000E+00  0.57986559E+00
  0.53910000E+00  0.57986415E+00
  0.53930000E+00  0.57986399E+00
  0.53950000E+00  0.57986436E+00
  0.53970000E+00  0.57986534E+00
  0.53990000E+00  0.57986592E+00
  0.54010000E+00  0.57986597E+00
  0.54030000E+00  0.57986606E+00
  0.54050000E+00  0.57986669E+00
  0.54070000E+00  0.57986772E+00
  0.54090000E+00  0.57986821E+00
  0.54110000E+00  0.57986821E+00
  0.54130000E+00  0.57986819E+00
  0.54150000E+00  0.57986799E+00
  0.54170000E+00  0.57986696E+00
  0.54190000E+00  0.57986507E+00
  0.54210000E+00  0.57986352E+00
  0.54230000E+00  0.57986340E+00
  0.54250000E+00  0.57986413E+00
  0.54270000E+00  0.57986718E+00
  0.54290000E+00  0.57987056E+00
  0.54310000E+00  0.57987118E+00
  0.54330000E+00  0.57987076E+00
  0.54350000E+00  0.57986839E+00
  0.54370000E+00  0.57986518E+00
  0.54390000E+00  0.57986438E+00
  0.54410000E+00  0.57986468E+00
  0.54430000E+00  0.57986568E+00
  0.54450000E+00  0.57986606E+00
  0.54470000E+00  0.57986603E+00
  0.54490000E+00  0.57986603E+00
  0.54510000E+00  0.57986635E+00
  0.54530000E+00  0.57986743E+00
  0.54550000E+00  0.57986819E+00
  0.54570000E+00  0.57986823E+00
  0.54590000E+00  0.57986821E+00
  0.54610000E+00  0.57986808E+00
  0.54630000E+00  0.57986725E+00
  0.54650000E+00  0.57986544E+00
  0.54670000E+00  0.57986381E+00
  0.54690000E+00  0.57986368E+00
  0.54710000E+00  0.57986436E+00
  0.54730000E+00  0.57986558E+00
  0.54750000E+00  0.57986578E+00
  0.54770000E+00  0.57986577E+00
  0.54790000E+00  0.57986586E+00
  0.54810000E+00  0.57986662E+00
  0.54830000E+00  0.57986790E+00
  0.54850000E+00  0.57986819E+00
  0.54870000E+00  0.57986818E+00
  0.54890000E+00  0.57986811E+00
  0.54910000E+00  0.57986789E+00
  0.54930000E+00  0.57986695E+00
  0.54950000E+00  0.57986492E+00
  0.54970000E+00  0.57986313E+00
  0.54990000E+00  0.57986299E+00
  0.55010000E+00  0.57986391E+00
  0.55030000E+00  0.57986740E+00
  0.55050000E+00  0.57987098E+00
  0.55070000E+00  0.57987152E+00
  0.55090000E+00  0.57987096E+00
  0.55110000E+00  0.57986808E+00
  0.55130000E+00  0.57986454E+00
  0.55150000E+00  0.57986386E+00
  0.55170000E+00  0.57986447E+00
  0.55190000E+00  0.57986587E+00
  0.55210000E+00  0.57986610E+00
  0.55230000E+00  0.57986583E+00
  0.55250000E+00  0.57986565E+00
  0.55270000E+00  0.57986617E+00
  0.55290000E+00  0.57986763E+00
  0.55310000E+00  0.57986809E+00
  0.55330000E+00  0.57986807E+00
  0.55350000E+00  0.57986802E+00
  0.55370000E+00  0.57986795E+00
  0.55390000E+00  0.57986745E+00
  0.55410000E+00  0.57986543E+00
  0.55430000E+00  0.57986324E+00
  0.55450000E+00  0.57986309E+00
  0.55470000E+00  0.57986431E+00
  0.55490000E+00  0.57986586E+00
  0.55510000E+00  0.57986589E+00
  0.55530000E+00  0.57986547E+00
  0.55550000E+00  0.57986547E+00
  0.55570000E+00  0.57986666E+00
  0.55590000E+00  0.57986806E+00
  0.55610000E+00  0.57986809E+00
  0.55630000E+00  0.57986787E+00
  0.55650000E+00  0.57986776E+00
  0.55670000E+00  0.57986772E+00
  0.55690000E+00  0.57986704E+00
  0.55710000E+00  0.57986465E+00
  0.55730000E+00  0.57986252E+00
  0.55750000E+00  0.57986239E+00
  0.55770000E+00  0.57986360E+00
  0.55790000E+00  0.57986743E+00
  0.55810000E+00  0.57987123E+00
  0.55830000E+00  0.57987178E+00
  0.55850000E+00  0.57987095E+00
  0.55870000E+00  0.57986741E+00
  0.55890000E+00  0.57986363E+00
  0.55910000E+00  0.57986297E+00
  0.55930000E+00  0.57986409E+00
  0.55950000E+00  0.57986611E+00
  0.55970000E+00  0.57986620E+00
  0.55990000E+00  0.57986521E+00
  0.56010000E+00  0.57986450E+00
  0.56030000E+00  0.57986570E+00
  0.56050000E+00  0.57986786E+00
  0.56070000E+00  0.57986793E+00
  0.56090000E+00  0.57986743E+00
  0.56110000E+00  0.57986745E+00
  0.56130000E+00  0.57986777E+00
  0.56150000E+00  0.57986727E+00
  0.56170000E+00  0.57986458E+00
  0.56190000E+00  0.57986194E+00
  0.56210000E+00  0.57986190E+00
  0.56230000E+00  0.57986394E+00
  0.56250000E+00  0.57986591E+00
  0.56270000E+00  0.57986564E+00
  0.56290000E+00  0.57986389E+00
  0.56310000E+00  0.57986357E+00
  0.56330000E+00  0.57986631E+00
  0.56350000E+00  0.57986798E+00
  0.56370000E+00  0.57986735E+00
  0.56390000E+00  0.57986602E+00
  0.56410000E+00  0.57986662E+00
  0.56430000E+00  0.57986729E+00
  0.56450000E+00  0.57986608E+00
  0.56470000E+00  0.57986254E+00
  0.56490000E+00  0.57986061E+00
  0.56510000E+00  0.57986073E+00
  0.56530000E+00  0.57986208E+00
  0.56550000E+00  0.57986552E+00
  0.56570000E+00  0.57986958E+00
  0.56590000E+00  0.57987056E+00
  0.56610000E+00  0.57986913E+00
  0.56630000E+00  0.57986402E+00
  0.56650000E+00  0.57986027E+00
  0.56670000E+00  0.57985969E+00
  0.56690000E+00  0.57986025E+00
  0.56710000E+00  0.57986329E+00
  0.56730000E+00  0.57986392E+00
  0.56750000E+00  0.57986065E+00
  0.56770000E+00  0.57985778E+00
  0.56790000E+00  0.57986111E+00
  0.56810000E+00  0.57986469E+00
  0.56830000E+00  0.57986380E+00
  0.56850000E+00  0.57986005E+00
  0.56870000E+00  0.57986046E+00
  0.56890000E+00  0.57986406E+00
  0.56910000E+00  0.57986233E+00
  0.56930000E+00  0.57985616E+00
  0.56950000E+00  0.57985568E+00
  0.56970000E+00  0.57985525E+00
  0.56990000E+00  0.57985495E+00
  0.57010000E+00  0.57986025E+00
  0.57030000E+00  0.57985643E+00
  0.57050000E+00  0.57983497E+00
  0.57070000E+00  0.57975878E+00
  0.57090000E+00  0.57941912E+00
  0.57110000E+00  0.57777463E+00
  0.57130000E+00  0.57113525E+00
  0.57150000E+00  0.55656534E+00
  0.57170000E+00  0.53427569E+00
  0.57190000E+00  0.50552745E+00
  0.57210000E+00  0.47240696E+00
  0.57230000E+00  0.43771503E+00
  0.57250000E+00  0.40458438E+00
  0.57270000E+00  0.37603865E+00
  0.57290000E+00  0.35459447E+00
  0.57310000E+00  0.34207217E+00
  0.57330000E+00  0.33949906E+00
  0.57350000E+00  0.33948637E+00
  0.57370000E+00  0.33948329E+00
  0.57390000E+00  0.33948817E+00
  0.57410000E+00  0.33950226E+00
  0.57430000E+00  0.33954111E+00
  0.57450000E+00  0.33960626E+00
  0.57470000E+00  0.33967644E+00
  0.57490000E+00  0.33973004E+00
  0.57510000E+00  0.33975268E+00
  0.57530000E+00  0.33975408E+00
  0.57550000E+00  0.33975353E+00
  0.57570000E+00  0.33974058E+00
  0.57590000E+00  0.33971882E+00
  0.57610000E+00  0.33970157E+00
  0.57630000E+00  0.33969331E+00
  0.57650000E+00  0.33969424E+00
  0.57670000E+00  0.33969725E+00
  0.57690000E+00  0.33969907E+00
  0.57710000E+00  0.33970103E+00
  0.57730000E+00  0.33969995E+00
  0.57750000E+00  0.33969930E+00
  0.57770000E+00  0.33970404E+00
  0.57790000E+00  0.33970563E+00
  0.57810000E+00  0.33970076E+00
  0.57830000E+00  0.33969748E+00
  0.57850000E+00  0.33969817E+00
  0.57870000E+00  0.33969983E+00
  0.57890000E+00  0.33969796E+00
  0.57910000E+00  0.33969625E+00
  0.57930000E+00  0.33970086E+00
  0.57950000E+00  0.33970277E+00
  0.57970000E+00  0.33970084E+00
  0.57990000E+00  0.33970341E+00
  0.58010000E+00  0.33970583E+00
  0.58030000E+00  0.33970181E+00
  0.58050000E+00  0.33969799E+00
  0.58070000E+00  0.33969818E+00
  0.58090000E+00  0.33970001E+00
  0.58110000E+00  0.33969882E+00
  0.58130000E+00  0.33969646E+00
  0.58150000E+00  0.33970048E+00
  0.58170000E+00  0.33970427E+00
  0.58190000E+00  0.33970125E+00
  0.58210000E+00  0.33969748E+00
  0.58230000E+00  0.33969687E+00
  0.58250000E+00  0.33969941E+00
  0.58270000E+00  0.33970265E+00
  0.58290000E+00  0.33970255E+00
  0.58310000E+00  0.33970195E+00
  0.58330000E+00  0.33970022E+00
  0.58350000E+00  0.33969748E+00
  0.58370000E+00  0.33970050E+00
  0.58390000E+00  0.33970481E+00
  0.58410000E+00  0.33970208E+00
  0.58430000E+00  0.33969777E+00
  0.58450000E+00  0.33969739E+00
  0.58470000E+00  0.33969933E+00
  0.58490000E+00  0.33969918E+00
  0.58510000E+00  0.33969634E+00
  0.58530000E+00  0.33969888E+00
  0.58550000E+00  0.33970390E+00
  0.58570000E+00  0.33970217E+00
  0.58590000E+00  0.33969792E+00
  0.58610000E+00  0.33969677E+00
  0.58630000E+00  0.33969858E+00
  0.58650000E+00  0.33970228E+00
  0.58670000E+00  0.33970272E+00
  0.58690000E+00  0.33970191E+00
  0.58710000E+00  0.33970102E+00
  0.58730000E+00  0.33969778E+00
  0.58750000E+00  0.33969902E+00
  0.58770000E+00  0.33970445E+00
  0.58790000E+00  0.33970332E+00
  0.58810000E+00  0.33969848E+00
  0.58830000E+00  0.33969739E+00
  0.58850000E+00  0.33969910E+00
  0.58870000E+00  0.33969989E+00
  0.58890000E+00  0.33969673E+00
  0.58910000E+00  0.33969758E+00
  0.58930000E+00  0.33970295E+00
  0.58950000E+00  0.33970223E+00
  0.58970000E+00  0.33970119E+00
  0.58990000E+00  0.33970547E+00
  0.59010000E+00  0.33970512E+00
  0.59030000E+00  0.33969963E+00
  0.59050000E+00  0.33969761E+00
  0.59070000E+00  0.33969881E+00
  0.59090000E+00  0.33969999E+00
  0.59110000E+00  0.33969701E+00
  0.59130000E+00  0.33969657E+00
  0.59150000E+00  0.33970278E+00
  0.59170000E+00  0.33970380E+00
  0.59190000E+00  0.33969910E+00
  0.59210000E+00  0.33969690E+00
  0.59230000E+00  0.33969741E+00
  0.59250000E+00  0.33970122E+00
  0.59270000E+00  0.33970319E+00
  0.59290000E+00  0.33970233E+00
  0.59310000E+00  0.33970210E+00
  0.59330000E+00  0.33969920E+00
  0.59350000E+00  0.33969767E+00
  0.59370000E+00  0.33970314E+00
  0.59390000E+00  0.33970492E+00
  0.59410000E+00  0.33969978E+00
  0.59430000E+00  0.33969693E+00
  0.59450000E+00  0.33969777E+00
  0.59470000E+00  0.33969962E+00
  0.59490000E+00  0.33969764E+00
  0.59510000E+00  0.33969562E+00
  0.59530000E+00  0.33970136E+00
  0.59550000E+00  0.33970432E+00
  0.59570000E+00  0.33970000E+00
  0.59590000E+00  0.33969726E+00
  0.59610000E+00  0.33969717E+00
  0.59630000E+00  0.33970047E+00
  0.59650000E+00  0.33970341E+00
  0.59670000E+00  0.33970261E+00
  0.59690000E+00  0.33970232E+00
  0.59710000E+00  0.33970045E+00
  0.59730000E+00  0.33969755E+00
  0.59750000E+00  0.33970200E+00
  0.59770000E+00  0.33970569E+00
  0.59790000E+00  0.33970147E+00
  0.59810000E+00  0.33969779E+00
  0.59830000E+00  0.33969793E+00
  0.59850000E+00  0.33969998E+00
  0.59870000E+00  0.33969907E+00
  0.59890000E+00  0.33969598E+00
  0.59910000E+00  0.33970007E+00
  0.59930000E+00  0.33970361E+00
  0.59950000E+00  0.33970074E+00
  0.59970000E+00  0.33970242E+00
  0.59990000E+00  0.33970631E+00
  0.60010000E+00  0.33970263E+00
  0.60030000E+00  0.33969813E+00
  0.60050000E+00  0.33969766E+00
  0.60070000E+00  0.33969956E+00
  0.60090000E+00  0.33969939E+00
  0.60110000E+00  0.33969610E+00
  0.60130000E+00  0.33969915E+00
  0.60150000E+00  0.33970466E+00
  0.60170000E+00  0.33970214E+00
  0.60190000E+00  0.33969777E+00
  0.60210000E+00  0.33969683E+00
  0.60230000E+00  0.33969866E+00
  0.60250000E+00  0.33970277E+00
  0.60270000E+00  0.33970300E+00
  0.60290000E+00  0.33970202E+00
  0.60310000E+00  0.33970131E+00
  0.60330000E+00  0.33969758E+00
  0.60350000E+00  0.33969906E+00
  0.60370000E+00  0.33970495E+00
  0.60390000E+00  0.33970300E+00
  0.60410000E+00  0.33969778E+00
  0.60430000E+00  0.33969688E+00
  0.60450000E+00  0.33969873E+00
  0.60470000E+00  0.33969981E+00
  0.60490000E+00  0.33969633E+00
  0.60510000E+00  0.33969731E+00
  0.60530000E+00  0.33970411E+00
  0.60550000E+00  0.33970310E+00
  0.60570000E+00  0.33969809E+00
  0.60590000E+00  0.33969695E+00
  0.60610000E+00  0.33969789E+00
  0.60630000E+00  0.33970216E+00
  0.60650000E+00  0.33970324E+00
  0.60670000E+00  0.33970188E+00
  0.60690000E+00  0.33970186E+00
  0.60710000E+00  0.33969806E+00
  0.60730000E+00  0.33969744E+00
  0.60750000E+00  0.33970418E+00
  0.60770000E+00  0.33970412E+00
  0.60790000E+00  0.33969853E+00
  0.60810000E+00  0.33969705E+00
  0.60830000E+00  0.33969838E+00
  0.60850000E+00  0.33970020E+00
  0.60870000E+00  0.33969717E+00
  0.60890000E+00  0.33969620E+00
  0.60910000E+00  0.33970288E+00
  0.60930000E+00  0.33970305E+00
  0.60950000E+00  0.33970014E+00
  0.60970000E+00  0.33970524E+00
  0.60990000E+00  0.33970630E+00
  0.61010000E+00  0.33970025E+00
  0.61030000E+00  0.33969781E+00
  0.61050000E+00  0.33969839E+00
  0.61070000E+00  0.33970020E+00
  0.61090000E+00  0.33969790E+00
  0.61110000E+00  0.33969542E+00
  0.61130000E+00  0.33970189E+00
  0.61150000E+00  0.33970450E+00
  0.61170000E+00  0.33969924E+00
  0.61190000E+00  0.33969696E+00
  0.61210000E+00  0.33969696E+00
  0.61230000E+00  0.33970047E+00
  0.61250000E+00  0.33970363E+00
  0.61270000E+00  0.33970243E+00
  0.61290000E+00  0.33970221E+00
  0.61310000E+00  0.33970053E+00
  0.61330000E+00  0.33969719E+00
  0.61350000E+00  0.33970240E+00
  0.61370000E+00  0.33970617E+00
  0.61390000E+00  0.33970087E+00
  0.61410000E+00  0.33969766E+00
  0.61430000E+00  0.33969793E+00
  0.61450000E+00  0.33970017E+00
  0.61470000E+00  0.33969933E+00
  0.61490000E+00  0.33969542E+00
  0.61510000E+00  0.33970046E+00
  0.61530000E+00  0.33970533E+00
  0.61550000E+00  0.33970048E+00
  0.61570000E+00  0.33969735E+00
  0.61590000E+00  0.33969689E+00
  0.61610000E+00  0.33969930E+00
  0.61630000E+00  0.33970329E+00
  0.61650000E+00  0.33970223E+00
  0.61670000E+00  0.33970149E+00
  0.61690000E+00  0.33970096E+00
  0.61710000E+00  0.33969655E+00
  0.61730000E+00  0.33969996E+00
  0.61750000E+00  0.33970579E+00
  0.61770000E+00  0.33970183E+00
  0.61790000E+00  0.33969777E+00
  0.61810000E+00  0.33969767E+00
  0.61830000E+00  0.33969956E+00
  0.61850000E+00  0.33969997E+00
  0.61870000E+00  0.33969567E+00
  0.61890000E+00  0.33969866E+00
  0.61910000E+00  0.33970472E+00
  0.61930000E+00  0.33970102E+00
  0.61950000E+00  0.33970135E+00
  0.61970000E+00  0.33970707E+00
  0.61990000E+00  0.33970364E+00
  0.62010000E+00  0.33969828E+00
  0.62030000E+00  0.33969756E+00
  0.62050000E+00  0.33969899E+00
  0.62070000E+00  0.33970000E+00
  0.62090000E+00  0.33969565E+00
  0.62110000E+00  0.33969706E+00
  0.62130000E+00  0.33970474E+00
  0.62150000E+00  0.33970286E+00
  0.62170000E+00  0.33969782E+00
  0.62190000E+00  0.33969719E+00
  0.62210000E+00  0.33969780E+00
  0.62230000E+00  0.33970246E+00
  0.62250000E+00  0.33970348E+00
  0.62270000E+00  0.33970178E+00
  0.62290000E+00  0.33970236E+00
  0.62310000E+00  0.33969822E+00
  0.62330000E+00  0.33969757E+00
  0.62350000E+00  0.33970514E+00
  0.62370000E+00  0.33970422E+00
  0.62390000E+00  0.33969802E+00
  0.62410000E+00  0.33969688E+00
  0.62430000E+00  0.33969796E+00
  0.62450000E+00  0.33970025E+00
  0.62470000E+00  0.33969672E+00
  0.62490000E+00  0.33969529E+00
  0.62510000E+00  0.33970372E+00
  0.62530000E+00  0.33970426E+00
  0.62550000E+00  0.33969828E+00
  0.62570000E+00  0.33969725E+00
  0.62590000E+00  0.33969731E+00
  0.62610000E+00  0.33970162E+00
  0.62630000E+00  0.33970398E+00
  0.62650000E+00  0.33970173E+00
  0.62670000E+00  0.33970230E+00
  0.62690000E+00  0.33969959E+00
  0.62710000E+00  0.33969623E+00
  0.62730000E+00  0.33970338E+00
  0.62750000E+00  0.33970531E+00
  0.62770000E+00  0.33969892E+00
  0.62790000E+00  0.33969716E+00
  0.62810000E+00  0.33969686E+00
  0.62830000E+00  0.33970041E+00
  0.62850000E+00  0.33970372E+00
  0.62870000E+00  0.33970180E+00
  0.62890000E+00  0.33970204E+00
  0.62910000E+00  0.33970028E+00
  0.62930000E+00  0.33969641E+00
  0.62950000E+00  0.33970286E+00
  0.62970000E+00  0.33970648E+00
  0.62990000E+00  0.33970004E+00
  0.63010000E+00  0.33969748E+00
  0.63030000E+00  0.33969767E+00
  0.63050000E+00  0.33969987E+00
  0.63070000E+00  0.33969889E+00
  0.63090000E+00  0.33969444E+00
  0.63110000E+00  0.33970023E+00
  0.63130000E+00  0.33970540E+00
  0.63150000E+00  0.33969945E+00
  0.63170000E+00  0.33969684E+00
  0.63190000E+00  0.33969672E+00
  0.63210000E+00  0.33969903E+00
  0.63230000E+00  0.33970381E+00
  0.63250000E+00  0.33970244E+00
  0.63270000E+00  0.33970201E+00
  0.63290000E+00  0.33970173E+00
  0.63310000E+00  0.33969651E+00
  0.63330000E+00  0.33970080E+00
  0.63350000E+00  0.33970708E+00
  0.63370000E+00  0.33970168E+00
  0.63390000E+00  0.33969773E+00
  0.63410000E+00  0.33969774E+00
  0.63430000E+00  0.33969975E+00
  0.63450000E+00  0.33970059E+00
  0.63470000E+00  0.33969497E+00
  0.63490000E+00  0.33969873E+00
  0.63510000E+00  0.33970592E+00
  0.63530000E+00  0.33970054E+00
  0.63550000E+00  0.33970124E+00
  0.63570000E+00  0.33970806E+00
  0.63590000E+00  0.33970350E+00
  0.63610000E+00  0.33969845E+00
  0.63630000E+00  0.33969788E+00
  0.63650000E+00  0.33969915E+00
  0.63670000E+00  0.33970078E+00
  0.63690000E+00  0.33969530E+00
  0.63710000E+00  0.33969679E+00
  0.63730000E+00  0.33970560E+00
  0.63750000E+00  0.33970228E+00
  0.63770000E+00  0.33969689E+00
  0.63790000E+00  0.33969693E+00
  0.63810000E+00  0.33969752E+00
  0.63830000E+00  0.33970281E+00
  0.63850000E+00  0.33970356E+00
  0.63870000E+00  0.33970145E+00
  0.63890000E+00  0.33970282E+00
  0.63910000E+00  0.33969809E+00
  0.63930000E+00  0.33969735E+00
  0.63950000E+00  0.33970641E+00
  0.63970000E+00  0.33970434E+00
  0.63990000E+00  0.33969779E+00
  0.64010000E+00  0.33969719E+00
  0.64030000E+00  0.33969794E+00
  0.64050000E+00  0.33970064E+00
  0.64070000E+00  0.33969650E+00
  0.64090000E+00  0.33969448E+00
  0.64110000E+00  0.33970431E+00
  0.64130000E+00  0.33970382E+00
  0.64150000E+00  0.33969721E+00
  0.64170000E+00  0.33969726E+00
  0.64190000E+00  0.33969708E+00
  0.64210000E+00  0.33970185E+00
  0.64230000E+00  0.33970435E+00
  0.64250000E+00  0.33970124E+00
  0.64270000E+00  0.33970280E+00
  0.64290000E+00  0.33969977E+00
  0.64310000E+00  0.33969581E+00
  0.64330000E+00  0.33970478E+00
  0.64350000E+00  0.33970604E+00
  0.64370000E+00  0.33969824E+00
  0.64390000E+00  0.33969719E+00
  0.64410000E+00  0.33969734E+00
  0.64430000E+00  0.33970023E+00
  0.64450000E+00  0.33969819E+00
  0.64470000E+00  0.33969319E+00
  0.64490000E+00  0.33970260E+00
  0.64510000E+00  0.33970474E+00
  0.64530000E+00  0.33969811E+00
  0.64550000E+00  0.33970470E+00
  0.64570000E+00  0.33970809E+00
  0.64590000E+00  0.33970006E+00
  0.64610000E+00  0.33969824E+00
  0.64630000E+00  0.33969821E+00
  0.64650000E+00  0.33970069E+00
  0.64670000E+00  0.33969987E+00
  0.64690000E+00  0.33969409E+00
  0.64710000E+00  0.33970145E+00
  0.64730000E+00  0.33970656E+00
  0.64750000E+00  0.33969859E+00
  0.64770000E+00  0.33969678E+00
  0.64790000E+00  0.33969658E+00
  0.64810000E+00  0.33969860E+00
  0.64830000E+00  0.33970409E+00
  0.64850000E+00  0.33970154E+00
  0.64870000E+00  0.33970136E+00
  0.64890000E+00  0.33970181E+00
  0.64910000E+00  0.33969555E+00
  0.64930000E+00  0.33970108E+00
  0.64950000E+00  0.33970817E+00
  0.64970000E+00  0.33970056E+00
  0.64990000E+00  0.33969744E+00
  0.65010000E+00  0.33969778E+00
  0.65030000E+00  0.33969942E+00
  0.65050000E+00  0.33970084E+00
  0.65070000E+00  0.33969394E+00
  0.65090000E+00  0.33969816E+00
  0.65110000E+00  0.33970721E+00
  0.65130000E+00  0.33969978E+00
  0.65150000E+00  0.33969641E+00
  0.65170000E+00  0.33969700E+00
  0.65190000E+00  0.33969737E+00
  0.65210000E+00  0.33970370E+00
  0.65230000E+00  0.33970268E+00
  0.65250000E+00  0.33970072E+00
  0.65270000E+00  0.33970333E+00
  0.65290000E+00  0.33969649E+00
  0.65310000E+00  0.33969799E+00
  0.65330000E+00  0.33970849E+00
  0.65350000E+00  0.33970243E+00
  0.65370000E+00  0.33969747E+00
  0.65390000E+00  0.33969817E+00
  0.65410000E+00  0.33969854E+00
  0.65430000E+00  0.33970162E+00
  0.65450000E+00  0.33969501E+00
  0.65470000E+00  0.33969506E+00
  0.65490000E+00  0.33970646E+00
  0.65510000E+00  0.33970064E+00
  0.65530000E+00  0.33969764E+00
  0.65550000E+00  0.33970841E+00
  0.65570000E+00  0.33970457E+00
  0.65590000E+00  0.33969852E+00
  0.65610000E+00  0.33969937E+00
  0.65630000E+00  0.33969952E+00
  0.65650000E+00  0.33970314E+00
  0.65670000E+00  0.33969803E+00
  0.65690000E+00  0.33969513E+00
  0.65710000E+00  0.33970624E+00
  0.65730000E+00  0.33970360E+00
  0.65750000E+00  0.33969616E+00
  0.65770000E+00  0.33969705E+00
  0.65790000E+00  0.33969601E+00
  0.65810000E+00  0.33970157E+00
  0.65830000E+00  0.33970444E+00
  0.65850000E+00  0.33970047E+00
  0.65870000E+00  0.33970312E+00
  0.65890000E+00  0.33969995E+00
  0.65910000E+00  0.33969511E+00
  0.65930000E+00  0.33970610E+00
  0.65950000E+00  0.33970643E+00
  0.65970000E+00  0.33969777E+00
  0.65990000E+00  0.33969802E+00
  0.66010000E+00  0.33969747E+00
  0.66030000E+00  0.33970093E+00
  0.66050000E+00  0.33969850E+00
  0.66070000E+00  0.33969196E+00
  0.66090000E+00  0.33970352E+00
  0.66110000E+00  0.33970563E+00
  0.66130000E+00  0.33969633E+00
  0.66150000E+00  0.33969730E+00
  0.66170000E+00  0.33969644E+00
  0.66190000E+00  0.33970012E+00
  0.66210000E+00  0.33970569E+00
  0.66230000E+00  0.33970081E+00
  0.66250000E+00  0.33970247E+00
  0.66270000E+00  0.33970201E+00
  0.66290000E+00  0.33969372E+00
  0.66310000E+00  0.33970348E+00
  0.66330000E+00  0.33970857E+00
  0.66350000E+00  0.33969848E+00
  0.66370000E+00  0.33969790E+00
  0.66390000E+00  0.33969742E+00
  0.66410000E+00  0.33969946E+00
  0.66430000E+00  0.33970031E+00
  0.66450000E+00  0.33969149E+00
  0.66470000E+00  0.33970026E+00
  0.66490000E+00  0.33970738E+00
  0.66510000E+00  0.33969630E+00
  0.66530000E+00  0.33970231E+00
  0.66550000E+00  0.33971031E+00
  0.66570000E+00  0.33970029E+00
  0.66590000E+00  0.33969838E+00
  0.66610000E+00  0.33969841E+00
  0.66630000E+00  0.33969948E+00
  0.66650000E+00  0.33970227E+00
  0.66670000E+00  0.33969320E+00
  0.66690000E+00  0.33969888E+00
  0.66710000E+00  0.33970926E+00
  0.66730000E+00  0.33969940E+00
  0.66750000E+00  0.33969688E+00
  0.66770000E+00  0.33969739E+00
  0.66790000E+00  0.33969672E+00
  0.66810000E+00  0.33970434E+00
  0.66830000E+00  0.33970203E+00
  0.66850000E+00  0.33969950E+00
  0.66870000E+00  0.33970360E+00
  0.66890000E+00  0.33969533E+00
  0.66910000E+00  0.33969747E+00
  0.66930000E+00  0.33970986E+00
  0.66950000E+00  0.33970179E+00
  0.66970000E+00  0.33969710E+00
  0.66990000E+00  0.33969833E+00
  0.67010000E+00  0.33969788E+00
  0.67030000E+00  0.33970296E+00
  0.67050000E+00  0.33969486E+00
  0.67070000E+00  0.33969477E+00
  0.67090000E+00  0.33970897E+00
  0.67110000E+00  0.33970157E+00
  0.67130000E+00  0.33969559E+00
  0.67150000E+00  0.33969799E+00
  0.67170000E+00  0.33969550E+00
  0.67190000E+00  0.33970344E+00
  0.67210000E+00  0.33970389E+00
  0.67230000E+00  0.33969870E+00
  0.67250000E+00  0.33970393E+00
  0.67270000E+00  0.33969803E+00
  0.67290000E+00  0.33969442E+00
  0.67310000E+00  0.33970876E+00
  0.67330000E+00  0.33970483E+00
  0.67350000E+00  0.33969645E+00
  0.67370000E+00  0.33969913E+00
  0.67390000E+00  0.33969715E+00
  0.67410000E+00  0.33970229E+00
  0.67430000E+00  0.33969808E+00
  0.67450000E+00  0.33969201E+00
  0.67470000E+00  0.33970759E+00
  0.67490000E+00  0.33970468E+00
  0.67510000E+00  0.33969515E+00
  0.67530000E+00  0.33970914E+00
  0.67550000E+00  0.33970762E+00
  0.67570000E+00  0.33969718E+00
  0.67590000E+00  0.33969963E+00
  0.67610000E+00  0.33969743E+00
  0.67630000E+00  0.33970202E+00
  0.67650000E+00  0.33969974E+00
  0.67670000E+00  0.33969087E+00
  0.67690000E+00  0.33970597E+00
  0.67710000E+00  0.33970669E+00
  0.67730000E+00  0.33969485E+00
  0.67750000E+00  0.33969809E+00
  0.67770000E+00  0.33969563E+00
  0.67790000E+00  0.33969921E+00
  0.67810000E+00  0.33970626E+00
  0.67830000E+00  0.33969907E+00
  0.67850000E+00  0.33970243E+00
  0.67870000E+00  0.33970281E+00
  0.67890000E+00  0.33969213E+00
  0.67910000E+00  0.33970490E+00
  0.67930000E+00  0.33970969E+00
  0.67950000E+00  0.33969666E+00
  0.67970000E+00  0.33969873E+00
  0.67990000E+00  0.33969742E+00
  0.68010000E+00  0.33970010E+00
  0.68030000E+00  0.33970249E+00
  0.68050000E+00  0.33968980E+00
  0.68070000E+00  0.33970152E+00
  0.68090000E+00  0.33970934E+00
  0.68110000E+00  0.33969374E+00
  0.68130000E+00  0.33970248E+00
  0.68150000E+00  0.33971114E+00
  0.68170000E+00  0.33969752E+00
  0.68190000E+00  0.33969821E+00
  0.68210000E+00  0.33969793E+00
  0.68230000E+00  0.33969915E+00
  0.68250000E+00  0.33970400E+00
  0.68270000E+00  0.33969158E+00
  0.68290000E+00  0.33969914E+00
  0.68310000E+00  0.33971136E+00
  0.68330000E+00  0.33969750E+00
  0.68350000E+00  0.33969752E+00
  0.68370000E+00  0.33969833E+00
  0.68390000E+00  0.33969644E+00
  0.68410000E+00  0.33970646E+00
  0.68430000E+00  0.33970200E+00
  0.68450000E+00  0.33969861E+00
  0.68470000E+00  0.33970487E+00
  0.68490000E+00  0.33969341E+00
  0.68510000E+00  0.33969654E+00
  0.68530000E+00  0.33971160E+00
  0.68550000E+00  0.33969912E+00
  0.68570000E+00  0.33969656E+00
  0.68590000E+00  0.33969924E+00
  0.68610000E+00  0.33969679E+00
  0.68630000E+00  0.33970454E+00
  0.68650000E+00  0.33969405E+00
  0.68670000E+00  0.33969403E+00
  0.68690000E+00  0.33971204E+00
  0.68710000E+00  0.33970034E+00
  0.68730000E+00  0.33969542E+00
  0.68750000E+00  0.33970015E+00
  0.68770000E+00  0.33969450E+00
  0.68790000E+00  0.33970485E+00
  0.68810000E+00  0.33970438E+00
  0.68830000E+00  0.33969673E+00
  0.68850000E+00  0.33970506E+00
  0.68870000E+00  0.33969660E+00
  0.68890000E+00  0.33969198E+00
  0.68910000E+00  0.33971142E+00
  0.68930000E+00  0.33970336E+00
  0.68950000E+00  0.33969505E+00
  0.68970000E+00  0.33970077E+00
  0.68990000E+00  0.33969554E+00
  0.69010000E+00  0.33970405E+00
  0.69030000E+00  0.33969796E+00
  0.69050000E+00  0.33968950E+00
  0.69070000E+00  0.33971094E+00
  0.69090000E+00  0.33970439E+00
  0.69110000E+00  0.33969247E+00
  0.69130000E+00  0.33971164E+00
  0.69150000E+00  0.33970674E+00
  0.69170000E+00  0.33969454E+00
  0.69190000E+00  0.33969979E+00
  0.69210000E+00  0.33969452E+00
  0.69230000E+00  0.33970185E+00
  0.69250000E+00  0.33969963E+00
  0.69270000E+00  0.33968830E+00
  0.69290000E+00  0.33970941E+00
  0.69310000E+00  0.33970903E+00
  0.69330000E+00  0.33969525E+00
  0.69350000E+00  0.33970213E+00
  0.69370000E+00  0.33969632E+00
  0.69390000E+00  0.33970032E+00
  0.69410000E+00  0.33970728E+00
  0.69430000E+00  0.33969666E+00
  0.69450000E+00  0.33970146E+00
  0.69470000E+00  0.33970284E+00
  0.69490000E+00  0.33968885E+00
  0.69510000E+00  0.33970628E+00
  0.69530000E+00  0.33971085E+00
  0.69550000E+00  0.33969442E+00
  0.69570000E+00  0.33970042E+00
  0.69590000E+00  0.33969666E+00
  0.69610000E+00  0.33969995E+00
  0.69630000E+00  0.33970430E+00
  0.69650000E+00  0.33968773E+00
  0.69670000E+00  0.33970322E+00
  0.69690000E+00  0.33971205E+00
  0.69710000E+00  0.33969299E+00
  0.69730000E+00  0.33969941E+00
  0.69750000E+00  0.33969641E+00
  0.69770000E+00  0.33969593E+00
  0.69790000E+00  0.33970804E+00
  0.69810000E+00  0.33969871E+00
  0.69830000E+00  0.33969878E+00
  0.69850000E+00  0.33970673E+00
  0.69870000E+00  0.33969019E+00
  0.69890000E+00  0.33970069E+00
  0.69910000E+00  0.33971468E+00
  0.69930000E+00  0.33969540E+00
  0.69950000E+00  0.33969897E+00
  0.69970000E+00  0.33969894E+00
  0.69990000E+00  0.33969657E+00
  0.70010000E+00  0.33970716E+00
  0.70030000E+00  0.33968940E+00
  0.70050000E+00  0.33969661E+00
  0.70070000E+00  0.33971537E+00
  0.70090000E+00  0.33969396E+00
  0.70110000E+00  0.33969769E+00
  0.70130000E+00  0.33971525E+00
  0.70150000E+00  0.33969693E+00
  0.70170000E+00  0.33969660E+00
  0.70190000E+00  0.33969914E+00
  0.70210000E+00  0.33969465E+00
  0.70230000E+00  0.33970718E+00
  0.70250000E+00  0.33969270E+00
  0.70270000E+00  0.33969336E+00
  0.70290000E+00  0.33971548E+00
  0.70310000E+00  0.33969859E+00
  0.70330000E+00  0.33969554E+00
  0.70350000E+00  0.33970155E+00
  0.70370000E+00  0.33969299E+00
  0.70390000E+00  0.33970696E+00
  0.70410000E+00  0.33970523E+00
  0.70430000E+00  0.33969581E+00
  0.70450000E+00  0.33970771E+00
  0.70470000E+00  0.33969626E+00
  0.70490000E+00  0.33968992E+00
  0.70510000E+00  0.33971405E+00
  0.70530000E+00  0.33970064E+00
  0.70550000E+00  0.33969256E+00
  0.70570000E+00  0.33970166E+00
  0.70590000E+00  0.33969328E+00
  0.70610000E+00  0.33970548E+00
  0.70630000E+00  0.33969858E+00
  0.70650000E+00  0.33968705E+00
  0.70670000E+00  0.33971440E+00
  0.70690000E+00  0.33970436E+00
  0.70710000E+00  0.33969155E+00
  0.70730000E+00  0.33970368E+00
  0.70750000E+00  0.33969271E+00
  0.70770000E+00  0.33970334E+00
  0.70790000E+00  0.33970867E+00
  0.70810000E+00  0.33969494E+00
  0.70830000E+00  0.33970490E+00
  0.70850000E+00  0.33970199E+00
  0.70870000E+00  0.33968449E+00
  0.70890000E+00  0.33971066E+00
  0.70910000E+00  0.33970767E+00
  0.70930000E+00  0.33968947E+00
  0.70950000E+00  0.33970415E+00
  0.70970000E+00  0.33969423E+00
  0.70990000E+00  0.33970196E+00
  0.71010000E+00  0.33970494E+00
  0.71030000E+00  0.33968301E+00
  0.71050000E+00  0.33970995E+00
  0.71070000E+00  0.33971192E+00
  0.71090000E+00  0.33968598E+00
  0.71110000E+00  0.33971042E+00
  0.71130000E+00  0.33971383E+00
  0.71150000E+00  0.33969003E+00
  0.71170000E+00  0.33970432E+00
  0.71190000E+00  0.33969537E+00
  0.71210000E+00  0.33969962E+00
  0.71230000E+00  0.33970855E+00
  0.71250000E+00  0.33968297E+00
  0.71270000E+00  0.33970617E+00
  0.71290000E+00  0.33971552E+00
  0.71310000E+00  0.33968800E+00
  0.71330000E+00  0.33970335E+00
  0.71350000E+00  0.33969580E+00
  0.71370000E+00  0.33969596E+00
  0.71390000E+00  0.33971214E+00
  0.71410000E+00  0.33969764E+00
  0.71430000E+00  0.33969758E+00
  0.71450000E+00  0.33970981E+00
  0.71470000E+00  0.33968342E+00
  0.71490000E+00  0.33970043E+00
  0.71510000E+00  0.33971801E+00
  0.71530000E+00  0.33969004E+00
  0.71550000E+00  0.33970202E+00
  0.71570000E+00  0.33969818E+00
  0.71590000E+00  0.33969493E+00
  0.71610000E+00  0.33971240E+00
  0.71630000E+00  0.33968539E+00
  0.71650000E+00  0.33969750E+00
  0.71670000E+00  0.33972027E+00
  0.71690000E+00  0.33968892E+00
  0.71710000E+00  0.33969992E+00
  0.71730000E+00  0.33970007E+00
  0.71750000E+00  0.33969256E+00
  0.71770000E+00  0.33971187E+00
  0.71790000E+00  0.33970067E+00
  0.71810000E+00  0.33969312E+00
  0.71830000E+00  0.33971066E+00
  0.71850000E+00  0.33968795E+00
  0.71870000E+00  0.33969417E+00
  0.71890000E+00  0.33972126E+00
  0.71910000E+00  0.33969406E+00
  0.71930000E+00  0.33969798E+00
  0.71950000E+00  0.33970263E+00
  0.71970000E+00  0.33969229E+00
  0.71990000E+00  0.33971230E+00
  0.72010000E+00  0.33969207E+00
  0.72030000E+00  0.33968915E+00
  0.72050000E+00  0.33972018E+00
  0.72070000E+00  0.33969562E+00
  0.72090000E+00  0.33969219E+00
  0.72110000E+00  0.33972165E+00
  0.72130000E+00  0.33970151E+00
  0.72150000E+00  0.33969386E+00
  0.72170000E+00  0.33970239E+00
  0.72190000E+00  0.33968958E+00
  0.72210000E+00  0.33970653E+00
  0.72230000E+00  0.33969825E+00
  0.72250000E+00  0.33968632E+00
  0.72270000E+00  0.33971953E+00
  0.72290000E+00  0.33970367E+00
  0.72310000E+00  0.33968939E+00
  0.72330000E+00  0.33970824E+00
  0.72350000E+00  0.33969364E+00
  0.72370000E+00  0.33970698E+00
  0.72390000E+00  0.33971084E+00
  0.72410000E+00  0.33969422E+00
  0.72430000E+00  0.33970472E+00
  0.72450000E+00  0.33970792E+00
  0.72470000E+00  0.33968488E+00
  0.72490000E+00  0.33971854E+00
  0.72510000E+00  0.33971311E+00
  0.72530000E+00  0.33968357E+00
  0.72550000E+00  0.33970769E+00
  0.72570000E+00  0.33969273E+00
  0.72590000E+00  0.33970352E+00
  0.72610000E+00  0.33971532E+00
  0.72630000E+00  0.33968034E+00
  0.72650000E+00  0.33971583E+00
  0.72670000E+00  0.33971933E+00
  0.72690000E+00  0.33968353E+00
  0.72710000E+00  0.33971979E+00
  0.72730000E+00  0.33970066E+00
  0.72750000E+00  0.33970293E+00
  0.72770000E+00  0.33972008E+00
  0.72790000E+00  0.33970020E+00
  0.72810000E+00  0.33970648E+00
  0.72830000E+00  0.33973128E+00
  0.72850000E+00  0.33968436E+00
  0.72870000E+00  0.33972264E+00
  0.72890000E+00  0.33973395E+00
  0.72910000E+00  0.33968343E+00
  0.72930000E+00  0.33972881E+00
  0.72950000E+00  0.33971235E+00
  0.72970000E+00  0.33971391E+00
  0.72990000E+00  0.33974568E+00
  0.73010000E+00  0.33996387E+00
  0.73030000E+00  0.33996387E+00
  0.73050000E+00  0.32774352E+00
  0.73070000E+00  0.20875018E+00
  0.73090000E+00  0.12501569E+00
  0.73110000E+00  0.12500363E+00
  0.73130000E+00  0.12500005E+00
  0.73150000E+00  0.12500000E+00
  0.73170000E+00  0.12500000E+00
  0.73190000E+00  0.12500000E+00
  0.73210000E+00  0.12500000E+00
  0.73230000E+00  0.12500000E+00
  0.73250000E+00  0.12500000E+00
  0.73270000E+00  0.12500000E+00
  0.73290000E+00  0.12500000E+00
  0.73310000E+00  0.12500000E+00
  0.73330000E+00  0.12500000E+00
  0.73350000E+00  0.12500000E+00
  0.73370000E+00  0.12500000E+00
  0.73390000E+00  0.12500000E+00
  0.73410000E+00  0.12500000E+00
  0.73430000E+00  0.12500000E+00
  0.73450000E+00  0.12500000E+00
  0.73470000E+00  0.12500000E+00
  0.73490000E+00  0.12500000E+00
  0.73510000E+00  0.12500000E+00
  0.73530000E+00  0.12500000E+00
  0.73550000E+00  0.12500000E+00
  0.73570000E+00  0.12500000E+00
  0.73590000E+00  0.12500000E+00
  0.73610000E+00  0.12500000E+00
  0.73630000E+00  0.12500000E+00
  0.73650000E+00  0.12500000E+00
  0.73670000E+00  0.12500000E+00
  0.73690000E+00  0.12500000E+00
  0.73710000E+00  0.12500000E+00
  0.73730000E+00  0.12500000E+00
  0.73750000E+00  0.12500000E+00
  0.73770000E+00  0.12500000E+00
  0.73790000E+00  0.12500000E+00
  0.73810000E+00  0.12500000E+00
  0.73830000E+00  0.12500000E+00
  0.73850000E+00  0.12500000E+00
  0.73870000E+00  0.12500000E+00
  0.73890000E+00  0.12500000E+00
  0.73910000E+00  0.12500000E+00
  0.73930000E+00  0.12500000E+00
  0.73950000E+00  0.12500000E+00
  0.73970000E+00  0.12500000E+00
  0.73990000E+00  0.12500000E+00
  0.74010000E+00  0.12500000E+00
  0.74030000E+00  0.12500000E+00
  0.74050000E+00  0.12500000E+00
  0.74070000E+00  0.12500000E+00
  0.74090000E+00  0.12500000E+00
  0.74110000E+00  0.12500000E+00
  0.74130000E+00  0.12500000E+00
  0.74150000E+00  0.12500000E+00
  0.74170000E+00  0.12500000E+00
  0.74190000E+00  0.12500000E+00
  0.74210000E+00  0.12500000E+00
  0.74230000E+00  0.12500000E+00
  0.74250000E+00  0.12500000E+00
  0.74270000E+00  0.12500000E+00
  0.74290000E+00  0.12500000E+00
  0.74310000E+00  0.12500000E+00
  0.74330000E+00  0.12500000E+00
  0.74350000E+00  0.12500000E+00
  0.74370000E+00  0.12500000E+00
  0.74390000E+00  0.12500000E+00
  0.74410000E+00  0.12500000E+00
  0.74430000E+00  0.12500000E+00
  0.74450000E+00  0.12500000E+00
  0.74470000E+00  0.12500000E+00
  0.74490000E+00  0.12500000E+00
  0.74510000E+00  0.12500000E+00
  0.74530000E+00  0.12500000E+00
  0.74550000E+00  0.12500000E+00
  0.74570000E+00  0.12500000E+00
  0.74590000E+00  0.12500000E+00
  0.74610000E+00  0.12500000E+00
  0.74630000E+00  0.12500000E+00
  0.74650000E+00  0.12500000E+00
  0.74670000E+00  0.12500000E+00
  0.74690000E+00  0.12500000E+00
  0.74710000E+00  0.12500000E+00
  0.74730000E+00  0.12500000E+00
  0.74750000E+00  0.12500000E+00
  0.74770000E+00  0.12500000E+00
  0.74790000E+00  0.12500000E+00
  0.74810000E+00  0.12500000E+00
  0.74830000E+00  0.12500000E+00
  0.74850000E+00  0.12500000E+00
  0.74870000E+00  0.12500000E+00
  0.74890000E+00  0.12500000E+00
  0.74910000E+00  0.12500000E+00
  0.74930000E+00  0.12500000E+00
  0.74950000E+00  0.12500000E+00
  0.74970000E+00  0.12500000E+00
  0.74990000E+00  0.12500000E+00
  0.75010000E+00  0.12500000E+00
  0.75030000E+00  0.12500000E+00
  0.75050000E+00  0.12500000E+00
  0.75070000E+00  0.12500000E+00
  0.75090000E+00  0.12500000E+00
  0.75110000E+00  0.12500000E+00
  0.75130000E+00  0.12500000E+00
  0.75150000E+00  0.12500000E+00
  0.75170000E+00  0.12500000E+00
  0.75190000E+00  0.12500000E+00
  0.75210000E+00  0.12500000E+00
  0.75230000E+00  0.12500000E+00
  0.75250000E+00  0.12500000E+00
  0.75270000E+00  0.12500000E+00
  0.75290000E+00  0.12500000E+00
  0.75310000E+00  0.12500000E+00
  0.75330000E+00  0.12500000E+00
  0.75350000E+00  0.12500000E+00
  0.75370000E+00  0.12500000E+00
  0.75390000E+00  0.12500000E+00
  0.75410000E+00  0.12500000E+00
  0.75430000E+00  0.12500000E+00
  0.75450000E+00  0.12500000E+00
  0.75470000E+00  0.12500000E+00
  0.75490000E+00  0.12500000E+00
  0.75510000E+00  0.12500000E+00
  0.75530000E+00  0.12500000E+00
  0.75550000E+00  0.12500000E+00
  0.75570000E+00  0.12500000E+00
  0.75590000E+00  0.12500000E+00
  0.75610000E+00  0.12500000E+00
  0.75630000E+00  0.12500000E+00
  0.75650000E+00  0.12500000E+00
  0.75670000E+00  0.12500000E+00
  0.75690000E+00  0.12500000E+00
  0.75710000E+00  0.12500000E+00
  0.75730000E+00  0.12500000E+00
  0.75750000E+00  0.12500000E+00
  0.75770000E+00  0.12500000E+00
  0.75790000E+00  0.12500000E+00
  0.75810000E+00  0.12500000E+00
  0.75830000E+00  0.12500000E+00
  0.75850000E+00  0.12500000E+00
  0.75870000E+00  0.12500000E+00
  0.75890000E+00  0.12500000E+00
  0.75910000E+00  0.12500000E+00
  0.75930000E+00  0.12500000E+00
  0.75950000E+00  0.12500000E+00
  0.75970000E+00  0.12500000E+00
  0.75990000E+00  0.12500000E+00
  0.76010000E+00  0.12500000E+00
  0.76030000E+00  0.12500000E+00
  0.76050000E+00  0.12500000E+00
  0.76070000E+00  0.12500000E+00
  0.76090000E+00  0.12500000E+00
  0.76110000E+00  0.12500000E+00
  0.76130000E+00  0.12500000E+00
  0.76150000E+00  0.12500000E+00
  0.76170000E+00  0.12500000E+00
  0.76190000E+00  0.12500000E+00
  0.76210000E+00  0.12500000E+00
  0.76230000E+00  0.12500000E+00
  0.76250000E+00  0.12500000E+00
  0.76270000E+00  0.12500000E+00
  0.76290000E+00  0.12500000E+00
  0.76310000E+00  0.12500000E+00
  0.76330000E+00  0.12500000E+00
  0.76350000E+00  0.12500000E+00
  0.76370000E+00  0.12500000E+00
  0.76390000E+00  0.12500000E+00
  0.76410000E+00  0.12500000E+00
  0.76430000E+00  0.12500000E+00
  0.76450000E+00  0.12500000E+00
  0.76470000E+00  0.12500000E+00
  0.76490000E+00  0.12500000E+00
  0.76510000E+00  0.12500000E+00
  0.76530000E+00  0.12500000E+00
  0.76550000E+00  0.12500000E+00
  0.76570000E+00  0.12500000E+00
  0.76590000E+00  0.12500000E+00
  0.76610000E+00  0.12500000E+00
  0.76630000E+00  0.12500000E+00
  0.76650000E+00  0.12500000E+00
  0.76670000E+00  0.12500000E+00
  0.76690000E+00  0.12500000E+00
  0.76710000E+00  0.12500000E+00
  0.76730000E+00  0.12500000E+00
  0.76750000E+00  0.12500000E+00
  0.76770000E+00  0.12500000E+00
  0.76790000E+00  0.12500000E+00
  0.76810000E+00  0.12500000E+00
  0.76830000E+00  0.12500000E+00
  0.76850000E+00  0.12500000E+00
  0.76870000E+00  0.12500000E+00
  0.76890000E+00  0.12500000E+00
  0.76910000E+00  0.12500000E+00
  0.76930000E+00  0.12500000E+00
  0.76950000E+00  0.12500000E+00
  0.76970000E+00  0.12500000E+00
  0.76990000E+00  0.12500000E+00
  0.77010000E+00  0.12500000E+00
  0.77030000E+00  0.12500000E+00
  0.77050000E+00  0.12500000E+00
  0.77070000E+00  0.12500000E+00
  0.77090000E+00  0.12500000E+00
  0.77110000E+00  0.12500000E+00
  0.77130000E+00  0.12500000E+00
  0.77150000E+00  0.12500000E+00
  0.77170000E+00  0.12500000E+00
  0.77190000E+00  0.12500000E+00
  0.77210000E+00  0.12500000E+00
  0.77230000E+00  0.12500000E+00
  0.77250000E+00  0.12500000E+00
  0.77270000E+00  0.12500000E+00
  0.77290000E+00  0.12500000E+00
  0.77310000E+00  0.12500000E+00
  0.77330000E+00  0.12500000E+00
  0.77350000E+00  0.12500000E+00
  0.77370000E+00  0.12500000E+00
  0.77390000E+00  0.12500000E+00
  0.77410000E+00  0.12500000E+00
  0.77430000E+00  0.12500000E+00
  0.77450000E+00  0.12500000E+00
  0.77470000E+00  0.12500000E+00
  0.77490000E+00  0.12500000E+00
  0.77510000E+00  0.12500000E+00
  0.77530000E+00  0.12500000E+00
  0.77550000E+00  0.12500000E+00
  0.77570000E+00  0.12500000E+00
  0.77590000E+00  0.12500000E+00
  0.77610000E+00  0.12500000E+00
  0.77630000E+00  0.12500000E+00
  0.77650000E+00  0.12500000E+00
  0.77670000E+00  0.12500000E+00
  0.77690000E+00  0.12500000E+00
  0.77710000E+00  0.12500000E+00
  0.77730000E+00  0.12500000E+00
  0.77750000E+00  0.12500000E+00
  0.77770000E+00  0.12500000E+00
  0.77790000E+00  0.12500000E+00
  0.77810000E+00  0.12500000E+00
  0.77830000E+00  0.12500000E+00
  0.77850000E+00  0.12500000E+00
  0.77870000E+00  0.12500000E+00
  0.77890000E+00  0.12500000E+00
  0.77910000E+00  0.12500000E+00
  0.77930000E+00  0.12500000E+00
  0.77950000E+00  0.12500000E+00
  0.77970000E+00  0.12500000E+00
  0.77990000E+00  0.12500000E+00
  0.78010000E+00  0.12500000E+00
  0.78030000E+00  0.12500000E+00
  0.78050000E+00  0.12500000E+00
  0.78070000E+00  0.12500000E+00
  0.78090000E+00  0.12500000E+00
  0.78110000E+00  0.12500000E+00
  0.78130000E+00  0.12500000E+00
  0.78150000E+00  0.12500000E+00
  0.78170000E+00  0.12500000E+00
  0.78190000E+00  0.12500000E+00
  0.78210000E+00  0.12500000E+00
  0.78230000E+00  0.12500000E+00
  0.78250000E+00  0.12500000E+00
  0.78270000E+00  0.12500000E+00
  0.78290000E+00  0.12500000E+00
  0.78310000E+00  0.12500000E+00
  0.78330000E+00  0.12500000E+00
  0.78350000E+00  0.12500000E+00
  0.78370000E+00  0.12500000E+00
  0.78390000E+00  0.12500000E+00
  0.78410000E+00  0.12500000E+00
  0.78430000E+00  0.12500000E+00
  0.78450000E+00  0.12500000E+00
  0.78470000E+00  0.12500000E+00
  0.78490000E+00  0.12500000E+00
  0.78510000E+00  0.12500000E+00
  0.78530000E+00  0.12500000E+00
  0.78550000E+00  0.12500000E+00
  0.78570000E+00  0.12500000E+00
  0.78590000E+00  0.12500000E+00
  0.78610000E+00  0.12500000E+00
  0.78630000E+00  0.12500000E+00
  0.78650000E+00  0.12500000E+00
  0.78670000E+00  0.12500000E+00
  0.78690000E+00  0.12500000E+00
  0.78710000E+00  0.12500000E+00
  0.78730000E+00  0.12500000E+00
  0.78750000E+00  0.12500000E+00
  0.78770000E+00  0.12500000E+00
  0.78790000E+00  0.12500000E+00
  0.78810000E+00  0.12500000E+00
  0.78830000E+00  0.12500000E+00
  0.78850000E+00  0.12500000E+00
  0.78870000E+00  0.12500000E+00
  0.78890000E+00  0.12500000E+00
  0.78910000E+00  0.12500000E+00
  0.78930000E+00  0.12500000E+00
  0.78950000E+00  0.12500000E+00
  0.78970000E+00  0.12500000E+00
  0.78990000E+00  0.12500000E+00
  0.79010000E+00  0.12500000E+00
  0.79030000E+00  0.12500000E+00
  0.79050000E+00  0.12500000E+00
  0.79070000E+00  0.12500000E+00
  0.79090000E+00  0.12500000E+00
  0.79110000E+00  0.12500000E+00
  0.79130000E+00  0.12500000E+00
  0.79150000E+00  0.12500000E+00
  0.79170000E+00  0.12500000E+00
  0.79190000E+00  0.12500000E+00
  0.79210000E+00  0.12500000E+00
  0.79230000E+00  0.12500000E+00
  0.79250000E+00  0.12500000E+00
  0.79270000E+00  0.12500000E+00
  0.79290000E+00  0.12500000E+00
  0.79310000E+00  0.12500000E+00
  0.79330000E+00  0.12500000E+00
  0.79350000E+00  0.12500000E+00
  0.79370000E+00  0.12500000E+00
  0.79390000E+00  0.12500000E+00
  0.79410000E+00  0.12500000E+00
  0.79430000E+00  0.12500000E+00
  0.79450000E+00  0.12500000E+00
  0.79470000E+00  0.12500000E+00
  0.79490000E+00  0.12500000E+00
  0.79510000E+00  0.12500000E+00
  0.79530000E+00  0.12500000E+00
  0.79550000E+00  0.12500000E+00
  0.79570000E+00  0.12500000E+00
  0.79590000E+00  0.12500000E+00
  0.79610000E+00  0.12500000E+00
  0.79630000E+00  0.12500000E+00
  0.79650000E+00  0.12500000E+00
  0.79670000E+00  0.12500000E+00
  0.79690000E+00  0.12500000E+00
  0.79710000E+00  0.12500000E+00
  0.79730000E+00  0.12500000E+00
  0.79750000E+00  0.12500000E+00
  0.79770000E+00  0.12500000E+00
  0.79790000E+00  0.12500000E+00
  0.79810000E+00  0.12500000E+00
  0.79830000E+00  0.12500000E+00
  0.79850000E+00  0.12500000E+00
  0.79870000E+00  0.12500000E+00
  0.79890000E+00  0.12500000E+00
  0.79910000E+00  0.12500000E+00
  0.79930000E+00  0.12500000E+00
  0.79950000E+00  0.12500000E+00
  0.79970000E+00  0.12500000E+00
  0.79990000E+00  0.12500000E+00
  0.80010000E+00  0.12500000E+00
  0.80030000E+00  0.12500000E+00
  0.80050000E+00  0.12500000E+00
  0.80070000E+00  0.12500000E+00
  0.80090000E+00  0.12500000E+00
  0.80110000E+00  0.12500000E+00
  0.80130000E+00  0.12500000E+00
  0.80150000E+00  0.12500000E+00
  0.80170000E+00  0.12500000E+00
  0.80190000E+00  0.12500000E+00
  0.80210000E+00  0.12500000E+00
  0.80230000E+00  0.12500000E+00
  0.80250000E+00  0.12500000E+00
  0.80270000E+00  0.12500000E+00
  0.80290000E+00  0.12500000E+00
  0.80310000E+00  0.12500000E+00
  0.80330000E+00  0.12500000E+00
  0.80350000E+00  0.12500000E+00
  0.80370000E+00  0.12500000E+00
  0.80390000E+00  0.12500000E+00
  0.80410000E+00  0.12500000E+00
  0.80430000E+00  0.12500000E+00
  0.80450000E+00  0.12500000E+00
  0.80470000E+00  0.12500000E+00
  0.80490000E+00  0.12500000E+00
  0.80510000E+00  0.12500000E+00
  0.80530000E+00  0.12500000E+00
  0.80550000E+00  0.12500000E+00
  0.80570000E+00  0.12500000E+00
  0.80590000E+00  0.12500000E+00
  0.80610000E+00  0.12500000E+00
  0.80630000E+00  0.12500000E+00
  0.80650000E+00  0.12500000E+00
  0.80670000E+00  0.12500000E+00
  0.80690000E+00  0.12500000E+00
  0.80710000E+00  0.12500000E+00
  0.80730000E+00  0.12500000E+00
  0.80750000E+00  0.12500000E+00
  0.80770000E+00  0.12500000E+00
  0.80790000E+00  0.12500000E+00
  0.80810000E+00  0.12500000E+00
  0.80830000E+00  0.12500000E+00
  0.80850000E+00  0.12500000E+00
  0.80870000E+00  0.12500000E+00
  0.80890000E+00  0.12500000E+00
  0.80910000E+00  0.12500000E+00
  0.80930000E+00  0.12500000E+00
  0.80950000E+00  0.12500000E+00
  0.80970000E+00  0.12500000E+00
  0.80990000E+00  0.12500000E+00
  0.81010000E+00  0.12500000E+00
  0.81030000E+00  0.12500000E+00
  0.81050000E+00  0.12500000E+00
  0.81070000E+00  0.12500000E+00
  0.81090000E+00  0.12500000E+00
  0.81110000E+00  0.12500000E+00
  0.81130000E+00  0.12500000E+00
  0.81150000E+00  0.12500000E+00
  0.81170000E+00  0.12500000E+00
  0.81190000E+00  0.12500000E+00
  0.81210000E+00  0.12500000E+00
  0.81230000E+00  0.12500000E+00
  0.81250000E+00  0.12500000E+00
  0.81270000E+00  0.12500000E+00
  0.81290000E+00  0.12500000E+00
  0.81310000E+00  0.12500000E+00
  0.81330000E+00  0.12500000E+00
  0.81350000E+00  0.12500000E+00
  0.81370000E+00  0.12500000E+00
  0.81390000E+00  0.12500000E+00
  0.81410000E+00  0.12500000E+00
  0.81430000E+00  0.12500000E+00
  0.81450000E+00  0.12500000E+00
  0.81470000E+00  0.12500000E+00
  0.81490000E+00  0.12500000E+00
  0.81510000E+00  0.12500000E+00
  0.81530000E+00  0.12500000E+00
  0.81550000E+00  0.12500000E+00
  0.81570000E+00  0.12500000E+00
  0.81590000E+00  0.12500000E+00
  0.81610000E+00  0.12500000E+00
  0.81630000E+00  0.12500000E+00
  0.81650000E+00  0.12500000E+00
  0.81670000E+00  0.12500000E+00
  0.81690000E+00  0.12500000E+00
  0.81710000E+00  0.12500000E+00
  0.81730000E+00  0.12500000E+00
  0.81750000E+00  0.12500000E+00
  0.81770000E+00  0.12500000E+00
  0.81790000E+00  0.12500000E+00
  0.81810000E+00  0.12500000E+00
  0.81830000E+00  0.12500000E+00
  0.81850000E+00  0.12500000E+00
  0.81870000E+00  0.12500000E+00
  0.81890000E+00  0.12500000E+00
  0.81910000E+00  0.12500000E+00
  0.81930000E+00  0.12500000E+00
  0.81950000E+00  0.12500000E+00
  0.81970000E+00  0.12500000E+00
  0.81990000E+00  0.12500000E+00
  0.82010000E+00  0.12500000E+00
  0.82030000E+00  0.12500000E+00
  0.82050000E+00  0.12500000E+00
  0.82070000E+00  0.12500000E+00
  0.82090000E+00  0.12500000E+00
  0.82110000E+00  0.12500000E+00
  0.82130000E+00  0.12500000E+00
  0.82150000E+00  0.12500000E+00
  0.82170000E+00  0.12500000E+00
  0.82190000E+00  0.12500000E+00
  0.82210000E+00  0.12500000E+00
  0.82230000E+00  0.12500000E+00
  0.82250000E+00  0.12500000E+00
  0.82270000E+00  0.12500000E+00
  0.82290000E+00  0.12500000E+00
  0.82310000E+00  0.12500000E+00
  0.82330000E+00  0.12500000E+00
  0.82350000E+00  0.12500000E+00
  0.82370000E+00  0.12500000E+00
  0.82390000E+00  0.12500000E+00
  0.82410000E+00  0.12500000E+00
  0.82430000E+00  0.12500000E+00
  0.82450000E+00  0.12500000E+00
  0.82470000E+00  0.12500000E+00
  0.82490000E+00  0.12500000E+00
  0.82510000E+00  0.12500000E+00
  0.82530000E+00  0.12500000E+00
  0.82550000E+00  0.12500000E+00
  0.82570000E+00  0.12500000E+00
  0.82590000E+00  0.12500000E+00
  0.82610000E+00  0.12500000E+00
  0.82630000E+00  0.12500000E+00
  0.82650000E+00  0.12500000E+00
  0.82670000E+00  0.12500000E+00
  0.82690000E+00  0.12500000E+00
  0.82710000E+00  0.12500000E+00
  0.82730000E+00  0.12500000E+00
  0.82750000E+00  0.12500000E+00
  0.82770000E+00  0.12500000E+00
  0.82790000E+00  0.12500000E+00
  0.82810000E+00  0.12500000E+00
  0.82830000E+00  0.12500000E+00
  0.82850000E+00  0.12500000E+00
  0.82870000E+00  0.12500000E+00
  0.82890000E+00  0.12500000E+00
  0.82910000E+00  0.12500000E+00
  0.82930000E+00  0.12500000E+00
  0.82950000E+00  0.12500000E+00
  0.82970000E+00  0.12500000E+00
  0.82990000E+00  0.12500000E+00
  0.83010000E+00  0.12500000E+00
  0.83030000E+00  0.12500000E+00
  0.83050000E+00  0.12500000E+00
  0.83070000E+00  0.12500000E+00
  0.83090000E+00  0.12500000E+00
  0.83110000E+00  0.12500000E+00
  0.83130000E+00  0.12500000E+00
  0.83150000E+00  0.12500000E+00
  0.83170000E+00  0.12500000E+00
  0.83190000E+00  0.12500000E+00
  0.83210000E+00  0.12500000E+00
  0.83230000E+00  0.12500000E+00
  0.83250000E+00  0.12500000E+00
  0.83270000E+00  0.12500000E+00
  0.83290000E+00  0.12500000E+00
  0.83310000E+00  0.12500000E+00
  0.83330000E+00  0.12500000E+00
  0.83350000E+00  0.12500000E+00
  0.83370000E+00  0.12500000E+00
  0.83390000E+00  0.12500000E+00
  0.83410000E+00  0.12500000E+00
  0.83430000E+00  0.12500000E+00
  0.83450000E+00  0.12500000E+00
  0.83470000E+00  0.12500000E+00
  0.83490000E+00  0.12500000E+00
  0.83510000E+00  0.12500000E+00
  0.83530000E+00  0.12500000E+00
  0.83550000E+00  0.12500000E+00
  0.83570000E+00  0.12500000E+00
  0.83590000E+00  0.12500000E+00
  0.83610000E+00  0.12500000E+00
  0.83630000E+00  0.12500000E+00
  0.83650000E+00  0.12500000E+00
  0.83670000E+00  0.12500000E+00
  0.83690000E+00  0.12500000E+00
  0.83710000E+00  0.12500000E+00
  0.83730000E+00  0.12500000E+00
  0.83750000E+00  0.12500000E+00
  0.83770000E+00  0.12500000E+00
  0.83790000E+00  0.12500000E+00
  0.83810000E+00  0.12500000E+00
  0.83830000E+00  0.12500000E+00
  0.83850000E+00  0.12500000E+00
  0.83870000E+00  0.12500000E+00
  0.83890000E+00  0.12500000E+00
  0.83910000E+00  0.12500000E+00
  0.83930000E+00  0.12500000E+00
  0.83950000E+00  0.12500000E+00
  0.83970000E+00  0.12500000E+00
  0.83990000E+00  0.12500000E+00
  0.84010000E+00  0.12500000E+00
  0.84030000E+00  0.12500000E+00
  0.84050000E+00  0.12500000E+00
  0.84070000E+00  0.12500000E+00
  0.84090000E+00  0.12500000E+00
  0.84110000E+00  0.12500000E+00
  0.84130000E+00  0.12500000E+00
  0.84150000E+00  0.12500000E+00
  0.84170000E+00  0.12500000E+00
  0.84190000E+00  0.12500000E+00
  0.84210000E+00  0.12500000E+00
  0.84230000E+00  0.12500000E+00
  0.84250000E+00  0.12500000E+00
  0.84270000E+00  0.12500000E+00
  0.84290000E+00  0.12500000E+00
  0.84310000E+00  0.12500000E+00
  0.84330000E+00  0.12500000E+00
  0.84350000E+00  0.12500000E+00
  0.84370000E+00  0.12500000E+00
  0.84390000E+00  0.12500000E+00
  0.84410000E+00  0.12500000E+00
  0.84430000E+00  0.12500000E+00
  0.84450000E+00  0.12500000E+00
  0.84470000E+00  0.12500000E+00
  0.84490000E+00  0.12500000E+00
  0.84510000E+00  0.12500000E+00
  0.84530000E+00  0.12500000E+00
  0.84550000E+00  0.12500000E+00
  0.84570000E+00  0.12500000E+00
  0.84590000E+00  0.12500000E+00
  0.84610000E+00  0.12500000E+00
  0.84630000E+00  0.12500000E+00
  0.84650000E+00  0.12500000E+00
  0.84670000E+00  0.12500000E+00
  0.84690000E+00  0.12500000E+00
  0.84710000E+00  0.12500000E+00
  0.84730000E+00  0.12500000E+00
  0.84750000E+00  0.12500000E+00
  0.84770000E+00  0.12500000E+00
  0.84790000E+00  0.12500000E+00
  0.84810000E+00  0.12500000E+00
  0.84830000E+00  0.12500000E+00
  0.84850000E+00  0.12500000E+00
  0.84870000E+00  0.12500000E+00
  0.84890000E+00  0.12500000E+00
  0.84910000E+00  0.12500000E+00
  0.84930000E+00  0.12500000E+00
  0.84950000E+00  0.12500000E+00
  0.84970000E+00  0.12500000E+00
  0.84990000E+00  0.12500000E+00
  0.85010000E+00  0.12500000E+00
  0.85030000E+00  0.12500000E+00
  0.85050000E+00  0.12500000E+00
  0.85070000E+00  0.12500000E+00
  0.85090000E+00  0.12500000E+00
  0.85110000E+00  0.12500000E+00
  0.85130000E+00  0.12500000E+00
  0.85150000E+00  0.12500000E+00
  0.85170000E+00  0.12500000E+00
  0.85190000E+00  0.12500000E+00
  0.85210000E+00  0.12500000E+00
  0.85230000E+00  0.12500000E+00
  0.85250000E+00  0.12500000E+00
  0.85270000E+00  0.12500000E+00
  0.85290000E+00  0.12500000E+00
  0.85310000E+00  0.12500000E+00
  0.85330000E+00  0.12500000E+00
  0.85350000E+00  0.12500000E+00
  0.85370000E+00  0.12500000E+00
  0.85390000E+00  0.12500000E+00
  0.85410000E+00  0.12500000E+00
  0.85430000E+00  0.12500000E+00
  0.85450000E+00  0.12500000E+00
  0.85470000E+00  0.12500000E+00
  0.85490000E+00  0.12500000E+00
  0.85510000E+00  0.12500000E+00
  0.85530000E+00  0.12500000E+00
  0.85550000E+00  0.12500000E+00
  0.85570000E+00  0.12500000E+00
  0.85590000E+00  0.12500000E+00
  0.85610000E+00  0.12500000E+00
  0.85630000E+00  0.12500000E+00
  0.85650000E+00  0.12500000E+00
  0.85670000E+00  0.12500000E+00
  0.85690000E+00  0.12500000E+00
  0.85710000E+00  0.12500000E+00
  0.85730000E+00  0.12500000E+00
  0.85750000E+00  0.12500000E+00
  0.85770000E+00  0.12500000E+00
  0.85790000E+00  0.12500000E+00
  0.85810000E+00  0.12500000E+00
  0.85830000E+00  0.12500000E+00
  0.85850000E+00  0.12500000E+00
  0.85870000E+00  0.12500000E+00
  0.85890000E+00  0.12500000E+00
  0.85910000E+00  0.12500000E+00
  0.85930000E+00  0.12500000E+00
  0.85950000E+00  0.12500000E+00
  0.85970000E+00  0.12500000E+00
  0.85990000E+00  0.12500000E+00
  0.86010000E+00  0.12500000E+00
  0.86030000E+00  0.12500000E+00
  0.86050000E+00  0.12500000E+00
  0.86070000E+00  0.12500000E+00
  0.86090000E+00  0.12500000E+00
  0.86110000E+00  0.12500000E+00
  0.86130000E+00  0.12500000E+00
  0.86150000E+00  0.12500000E+00
  0.86170000E+00  0.12500000E+00
  0.86190000E+00  0.12500000E+00
  0.86210000E+00  0.12500000E+00
  0.86230000E+00  0.12500000E+00
  0.86250000E+00  0.12500000E+00
  0.86270000E+00  0.12500000E+00
  0.86290000E+00  0.12500000E+00
  0.86310000E+00  0.12500000E+00
  0.86330000E+00  0.12500000E+00
  0.86350000E+00  0.12500000E+00
  0.86370000E+00  0.12500000E+00
  0.86390000E+00  0.12500000E+00
  0.86410000E+00  0.12500000E+00
  0.86430000E+00  0.12500000E+00
  0.86450000E+00  0.12500000E+00
  0.86470000E+00  0.12500000E+00
  0.86490000E+00  0.12500000E+00
  0.86510000E+00  0.12500000E+00
  0.86530000E+00  0.12500000E+00
  0.86550000E+00  0.12500000E+00
  0.86570000E+00  0.12500000E+00
  0.86590000E+00  0.12500000E+00
  0.86610000E+00  0.12500000E+00
  0.86630000E+00  0.12500000E+00
  0.86650000E+00  0.12500000E+00
  0.86670000E+00  0.12500000E+00
  0.86690000E+00  0.12500000E+00
  0.86710000E+00  0.12500000E+00
  0.86730000E+00  0.12500000E+00
  0.86750000E+00  0.12500000E+00
  0.86770000E+00  0.12500000E+00
  0.86790000E+00  0.12500000E+00
  0.86810000E+00  0.12500000E+00
  0.86830000E+00  0.12500000E+00
  0.86850000E+00  0.12500000E+00
  0.86870000E+00  0.12500000E+00
  0.86890000E+00  0.12500000E+00
  0.86910000E+00  0.12500000E+00
  0.86930000E+00  0.12500000E+00
  0.86950000E+00  0.12500000E+00
  0.86970000E+00  0.12500000E+00
  0.86990000E+00  0.12500000E+00
  0.87010000E+00  0.12500000E+00
  0.87030000E+00  0.12500000E+00
  0.87050000E+00  0.12500000E+00
  0.87070000E+00  0.12500000E+00
  0.87090000E+00  0.12500000E+00
  0.87110000E+00  0.12500000E+00
  0.87130000E+00  0.12500000E+00
  0.87150000E+00  0.12500000E+00
  0.87170000E+00  0.12500000E+00
  0.87190000E+00  0.12500000E+00
  0.87210000E+00  0.12500000E+00
  0.87230000E+00  0.12500000E+00
  0.87250000E+00  0.12500000E+00
  0.87270000E+00  0.12500000E+00
  0.87290000E+00  0.12500000E+00
  0.87310000E+00  0.12500000E+00
  0.87330000E+00  0.12500000E+00
  0.87350000E+00  0.12500000E+00
  0.87370000E+00  0.12500000E+00
  0.87390000E+00  0.12500000E+00
  0.87410000E+00  0.12500000E+00
  0.87430000E+00  0.12500000E+00
  0.87450000E+00  0.12500000E+00
  0.87470000E+00  0.12500000E+00
  0.87490000E+00  0.12500000E+00
  0.87510000E+00  0.12500000E+00
  0.87530000E+00  0.12500000E+00
  0.87550000E+00  0.12500000E+00
  0.87570000E+00  0.12500000E+00
  0.87590000E+00  0.12500000E+00
  0.87610000E+00  0.12500000E+00
  0.87630000E+00  0.12500000E+00
  0.87650000E+00  0.12500000E+00
  0.87670000E+00  0.12500000E+00
  0.87690000E+00  0.12500000E+00
  0.87710000E+00  0.12500000E+00
  0.87730000E+00  0.12500000E+00
  0.87750000E+00  0.12500000E+00
  0.87770000E+00  0.12500000E+00
  0.87790000E+00  0.12500000E+00
  0.87810000E+00  0.12500000E+00
  0.87830000E+00  0.12500000E+00
  0.87850000E+00  0.12500000E+00
  0.87870000E+00  0.12500000E+00
  0.87890000E+00  0.12500000E+00
  0.87910000E+00  0.12500000E+00
  0.87930000E+00  0.12500000E+00
  0.87950000E+00  0.12500000E+00
  0.87970000E+00  0.12500000E+00
  0.87990000E+00  0.12500000E+00
  0.88010000E+00  0.12500000E+00
  0.88030000E+00  0.12500000E+00
  0.88050000E+00  0.12500000E+00
  0.88070000E+00  0.12500000E+00
  0.88090000E+00  0.12500000E+00
  0.88110000E+00  0.12500000E+00
  0.88130000E+00  0.12500000E+00
  0.88150000E+00  0.12500000E+00
  0.88170000E+00  0.12500000E+00
  0.88190000E+00  0.12500000E+00
  0.88210000E+00  0.12500000E+00
  0.88230000E+00  0.12500000E+00
  0.88250000E+00  0.12500000E+00
  0.88270000E+00  0.12500000E+00
  0.88290000E+00  0.12500000E+00
  0.88310000E+00  0.12500000E+00
  0.88330000E+00  0.12500000E+00
  0.88350000E+00  0.12500000E+00
  0.88370000E+00  0.12500000E+00
  0.88390000E+00  0.12500000E+00
  0.88410000E+00  0.12500000E+00
  0.88430000E+00  0.12500000E+00
  0.88450000E+00  0.12500000E+00
  0.88470000E+00  0.12500000E+00
  0.88490000E+00  0.12500000E+00
  0.88510000E+00  0.12500000E+00
  0.88530000E+00  0.12500000E+00
  0.88550000E+00  0.12500000E+00
  0.88570000E+00  0.12500000E+00
  0.88590000E+00  0.12500000E+00
  0.88610000E+00  0.12500000E+00
  0.88630000E+00  0.12500000E+00
  0.88650000E+00  0.12500000E+00
  0.88670000E+00  0.12500000E+00
  0.88690000E+00  0.12500000E+00
  0.88710000E+00  0.12500000E+00
  0.88730000E+00  0.12500000E+00
  0.88750000E+00  0.12500000E+00
  0.88770000E+00  0.12500000E+00
  0.88790000E+00  0.12500000E+00
  0.88810000E+00  0.12500000E+00
  0.88830000E+00  0.12500000E+00
  0.88850000E+00  0.12500000E+00
  0.88870000E+00  0.12500000E+00
  0.88890000E+00  0.12500000E+00
  0.88910000E+00  0.12500000E+00
  0.88930000E+00  0.12500000E+00
  0.88950000E+00  0.12500000E+00
  0.88970000E+00  0.12500000E+00
  0.88990000E+00  0.12500000E+00
  0.89010000E+00  0.12500000E+00
  0.89030000E+00  0.12500000E+00
  0.89050000E+00  0.12500000E+00
  0.89070000E+00  0.12500000E+00
  0.89090000E+00  0.12500000E+00
  0.89110000E+00  0.12500000E+00
  0.89130000E+00  0.12500000E+00
  0.89150000E+00  0.12500000E+00
  0.89170000E+00  0.12500000E+00
  0.89190000E+00  0.12500000E+00
  0.89210000E+00  0.12500000E+00
  0.89230000E+00  0.12500000E+00
  0.89250000E+00  0.12500000E+00
  0.89270000E+00  0.12500000E+00
  0.89290000E+00  0.12500000E+00
  0.89310000E+00  0.12500000E+00
  0.89330000E+00  0.12500000E+00
  0.89350000E+00  0.12500000E+00
  0.89370000E+00  0.12500000E+00
  0.89390000E+00  0.12500000E+00
  0.89410000E+00  0.12500000E+00
  0.89430000E+00  0.12500000E+00
  0.89450000E+00  0.12500000E+00
  0.89470000E+00  0.12500000E+00
  0.89490000E+00  0.12500000E+00
  0.89510000E+00  0.12500000E+00
  0.89530000E+00  0.12500000E+00
  0.89550000E+00  0.12500000E+00
  0.89570000E+00  0.12500000E+00
  0.89590000E+00  0.12500000E+00
  0.89610000E+00  0.12500000E+00
  0.89630000E+00  0.12500000E+00
  0.89650000E+00  0.12500000E+00
  0.89670000E+00  0.12500000E+00
  0.89690000E+00  0.12500000E+00
  0.89710000E+00  0.12500000E+00
  0.89730000E+00  0.12500000E+00
  0.89750000E+00  0.12500000E+00
  0.89770000E+00  0.12500000E+00
  0.89790000E+00  0.12500000E+00
  0.89810000E+00  0.12500000E+00
  0.89830000E+00  0.12500000E+00
  0.89850000E+00  0.12500000E+00
  0.89870000E+00  0.12500000E+00
  0.89890000E+00  0.12500000E+00
  0.89910000E+00  0.12500000E+00
  0.89930000E+00  0.12500000E+00
  0.89950000E+00  0.12500000E+00
  0.89970000E+00  0.12500000E+00
  0.89990000E+00  0.12500000E+00
  0.90010000E+00  0.12500000E+00
  0.90030000E+00  0.12500000E+00
  0.90050000E+00  0.12500000E+00
  0.90070000E+00  0.12500000E+00
  0.90090000E+00  0.12500000E+00
  0.90110000E+00  0.12500000E+00
  0.90130000E+00  0.12500000E+00
  0.90150000E+00  0.12500000E+00
  0.90170000E+00  0.12500000E+00
  0.90190000E+00  0.12500000E+00
  0.90210000E+00  0.12500000E+00
  0.90230000E+00  0.12500000E+00
  0.90250000E+00  0.12500000E+00
  0.90270000E+00  0.12500000E+00
  0.90290000E+00  0.12500000E+00
  0.90310000E+00  0.12500000E+00
  0.90330000E+00  0.12500000E+00
  0.90350000E+00  0.12500000E+00
  0.90370000E+00  0.12500000E+00
  0.90390000E+00  0.12500000E+00
  0.90410000E+00  0.12500000E+00
  0.90430000E+00  0.12500000E+00
  0.90450000E+00  0.12500000E+00
  0.90470000E+00  0.12500000E+00
  0.90490000E+00  0.12500000E+00
  0.90510000E+00  0.12500000E+00
  0.90530000E+00  0.12500000E+00
  0.90550000E+00  0.12500000E+00
  0.90570000E+00  0.12500000E+00
  0.90590000E+00  0.12500000E+00
  0.90610000E+00  0.12500000E+00
  0.90630000E+00  0.12500000E+00
  0.90650000E+00  0.12500000E+00
  0.90670000E+00  0.12500000E+00
  0.90690000E+00  0.12500000E+00
  0.90710000E+00  0.12500000E+00
  0.90730000E+00  0.12500000E+00
  0.90750000E+00  0.12500000E+00
  0.90770000E+00  0.12500000E+00
  0.90790000E+00  0.12500000E+00
  0.90810000E+00  0.12500000E+00
  0.90830000E+00  0.12500000E+00
  0.90850000E+00  0.12500000E+00
  0.90870000E+00  0.12500000E+00
  0.90890000E+00  0.12500000E+00
  0.90910000E+00  0.12500000E+00
  0.90930000E+00  0.12500000E+00
  0.90950000E+00  0.12500000E+00
  0.90970000E+00  0.12500000E+00
  0.90990000E+00  0.12500000E+00
  0.91010000E+00  0.12500000E+00
  0.91030000E+00  0.12500000E+00
  0.91050000E+00  0.12500000E+00
  0.91070000E+00  0.12500000E+00
  0.91090000E+00  0.12500000E+00
  0.91110000E+00  0.12500000E+00
  0.91130000E+00  0.12500000E+00
  0.91150000E+00  0.12500000E+00
  0.91170000E+00  0.12500000E+00
  0.91190000E+00  0.12500000E+00
  0.91210000E+00  0.12500000E+00
  0.91230000E+00  0.12500000E+00
  0.91250000E+00  0.12500000E+00
  0.91270000E+00  0.12500000E+00
  0.91290000E+00  0.12500000E+00
  0.91310000E+00  0.12500000E+00
  0.91330000E+00  0.12500000E+00
  0.91350000E+00  0.12500000E+00
  0.91370000E+00  0.12500000E+00
  0.91390000E+00  0.12500000E+00
  0.91410000E+00  0.12500000E+00
  0.91430000E+00  0.12500000E+00
  0.91450000E+00  0.12500000E+00
  0.91470000E+00  0.12500000E+00
  0.91490000E+00  0.12500000E+00
  0.91510000E+00  0.12500000E+00
  0.91530000E+00  0.12500000E+00
  0.91550000E+00  0.12500000E+00
  0.91570000E+00  0.12500000E+00
  0.91590000E+00  0.12500000E+00
  0.91610000E+00  0.12500000E+00
  0.91630000E+00  0.12500000E+00
  0.91650000E+00  0.12500000E+00
  0.91670000E+00  0.12500000E+00
  0.91690000E+00  0.12500000E+00
  0.91710000E+00  0.12500000E+00
  0.91730000E+00  0.12500000E+00
  0.91750000E+00  0.12500000E+00
  0.91770000E+00  0.12500000E+00
  0.91790000E+00  0.12500000E+00
  0.91810000E+00  0.12500000E+00
  0.91830000E+00  0.12500000E+00
  0.91850000E+00  0.12500000E+00
  0.91870000E+00  0.12500000E+00
  0.91890000E+00  0.12500000E+00
  0.91910000E+00  0.12500000E+00
  0.91930000E+00  0.12500000E+00
  0.91950000E+00  0.12500000E+00
  0.91970000E+00  0.12500000E+00
  0.91990000E+00  0.12500000E+00
  0.92010000E+00  0.12500000E+00
  0.92030000E+00  0.12500000E+00
  0.92050000E+00  0.12500000E+00
  0.92070000E+00  0.12500000E+00
  0.92090000E+00  0.12500000E+00
  0.92110000E+00  0.12500000E+00
  0.92130000E+00  0.12500000E+00
  0.92150000E+00  0.12500000E+00
  0.92170000E+00  0.12500000E+00
  0.92190000E+00  0.12500000E+00
  0.92210000E+00  0.12500000E+00
  0.92230000E+00  0.12500000E+00
  0.92250000E+00  0.12500000E+00
  0.92270000E+00  0.12500000E+00
  0.92290000E+00  0.12500000E+00
  0.92310000E+00  0.12500000E+00
  0.92330000E+00  0.12500000E+00
  0.92350000E+00  0.12500000E+00
  0.92370000E+00  0.12500000E+00
  0.92390000E+00  0.12500000E+00
  0.92410000E+00  0.12500000E+00
  0.92430000E+00  0.12500000E+00
  0.92450000E+00  0.12500000E+00
  0.92470000E+00  0.12500000E+00
  0.92490000E+00  0.12500000E+00
  0.92510000E+00  0.12500000E+00
  0.92530000E+00  0.12500000E+00
  0.92550000E+00  0.12500000E+00
  0.92570000E+00  0.12500000E+00
  0.92590000E+00  0.12500000E+00
  0.92610000E+00  0.12500000E+00
  0.92630000E+00  0.12500000E+00
  0.92650000E+00  0.12500000E+00
  0.92670000E+00  0.12500000E+00
  0.92690000E+00  0.12500000E+00
  0.92710000E+00  0.12500000E+00
  0.92730000E+00  0.12500000E+00
  0.92750000E+00  0.12500000E+00
  0.92770000E+00  0.12500000E+00
  0.92790000E+00  0.12500000E+00
  0.92810000E+00  0.12500000E+00
  0.92830000E+00  0.12500000E+00
  0.92850000E+00  0.12500000E+00
  0.92870000E+00  0.12500000E+00
  0.92890000E+00  0.12500000E+00
  0.92910000E+00  0.12500000E+00
  0.92930000E+00  0.12500000E+00
  0.92950000E+00  0.12500000E+00
  0.92970000E+00  0.12500000E+00
  0.92990000E+00  0.12500000E+00
  0.93010000E+00  0.12500000E+00
  0.93030000E+00  0.12500000E+00
  0.93050000E+00  0.12500000E+00
  0.93070000E+00  0.12500000E+00
  0.93090000E+00  0.12500000E+00
  0.93110000E+00  0.12500000E+00
  0.93130000E+00  0.12500000E+00
  0.93150000E+00  0.12500000E+00
  0.93170000E+00  0.12500000E+00
  0.93190000E+00  0.12500000E+00
  0.93210000E+00  0.12500000E+00
  0.93230000E+00  0.12500000E+00
  0.93250000E+00  0.12500000E+00
  0.93270000E+00  0.12500000E+00
  0.93290000E+00  0.12500000E+00
  0.93310000E+00  0.12500000E+00
  0.93330000E+00  0.12500000E+00
  0.93350000E+00  0.12500000E+00
  0.93370000E+00  0.12500000E+00
  0.93390000E+00  0.12500000E+00
  0.93410000E+00  0.12500000E+00
  0.93430000E+00  0.12500000E+00
  0.93450000E+00  0.12500000E+00
  0.93470000E+00  0.12500000E+00
  0.93490000E+00  0.12500000E+00
  0.93510000E+00  0.12500000E+00
  0.93530000E+00  0.12500000E+00
  0.93550000E+00  0.12500000E+00
  0.93570000E+00  0.12500000E+00
  0.93590000E+00  0.12500000E+00
  0.93610000E+00  0.12500000E+00
  0.93630000E+00  0.12500000E+00
  0.93650000E+00  0.12500000E+00
  0.93670000E+00  0.12500000E+00
  0.93690000E+00  0.12500000E+00
  0.93710000E+00  0.12500000E+00
  0.93730000E+00  0.12500000E+00
  0.93750000E+00  0.12500000E+00
  0.93770000E+00  0.12500000E+00
  0.93790000E+00  0.12500000E+00
  0.93810000E+00  0.12500000E+00
  0.93830000E+00  0.12500000E+00
  0.93850000E+00  0.12500000E+00
  0.93870000E+00  0.12500000E+00
  0.93890000E+00  0.12500000E+00
  0.93910000E+00  0.12500000E+00
  0.93930000E+00  0.12500000E+00
  0.93950000E+00  0.12500000E+00
  0.93970000E+00  0.12500000E+00
  0.93990000E+00  0.12500000E+00
  0.94010000E+00  0.12500000E+00
  0.94030000E+00  0.12500000E+00
  0.94050000E+00  0.12500000E+00
  0.94070000E+00  0.12500000E+00
  0.94090000E+00  0.12500000E+00
  0.94110000E+00  0.12500000E+00
  0.94130000E+00  0.12500000E+00
  0.94150000E+00  0.12500000E+00
  0.94170000E+00  0.12500000E+00
  0.94190000E+00  0.12500000E+00
  0.94210000E+00  0.12500000E+00
  0.94230000E+00  0.12500000E+00
  0.94250000E+00  0.12500000E+00
  0.94270000E+00  0.12500000E+00
  0.94290000E+00  0.12500000E+00
  0.94310000E+00  0.12500000E+00
  0.94330000E+00  0.12500000E+00
  0.94350000E+00  0.12500000E+00
  0.94370000E+00  0.12500000E+00
  0.94390000E+00  0.12500000E+00
  0.94410000E+00  0.12500000E+00
  0.94430000E+00  0.12500000E+00
  0.94450000E+00  0.12500000E+00
  0.94470000E+00  0.12500000E+00
  0.94490000E+00  0.12500000E+00
  0.94510000E+00  0.12500000E+00
  0.94530000E+00  0.12500000E+00
  0.94550000E+00  0.12500000E+00
  0.94570000E+00  0.12500000E+00
  0.94590000E+00  0.12500000E+00
  0.94610000E+00  0.12500000E+00
  0.94630000E+00  0.12500000E+00
  0.94650000E+00  0.12500000E+00
  0.94670000E+00  0.12500000E+00
  0.94690000E+00  0.12500000E+00
  0.94710000E+00  0.12500000E+00
  0.94730000E+00  0.12500000E+00
  0.94750000E+00  0.12500000E+00
  0.94770000E+00  0.12500000E+00
  0.94790000E+00  0.12500000E+00
  0.94810000E+00  0.12500000E+00
  0.94830000E+00  0.12500000E+00
  0.94850000E+00  0.12500000E+00
  0.94870000E+00  0.12500000E+00
  0.94890000E+00  0.12500000E+00
  0.94910000E+00  0.12500000E+00
  0.94930000E+00  0.12500000E+00
  0.94950000E+00  0.12500000E+00
  0.94970000E+00  0.12500000E+00
  0.94990000E+00  0.12500000E+00
  0.95010000E+00  0.12500000E+00
  0.95030000E+00  0.12500000E+00
  0.95050000E+00  0.12500000E+00
  0.95070000E+00  0.12500000E+00
  0.95090000E+00  0.12500000E+00
  0.95110000E+00  0.12500000E+00
  0.95130000E+00  0.12500000E+00
  0.95150000E+00  0.12500000E+00
  0.95170000E+00  0.12500000E+00
  0.95190000E+00  0.12500000E+00
  0.95210000E+00  0.12500000E+00
  0.95230000E+00  0.12500000E+00
  0.95250000E+00  0.12500000E+00
  0.95270000E+00  0.12500000E+00
  0.95290000E+00  0.12500000E+00
  0.95310000E+00  0.12500000E+00
  0.95330000E+00  0.12500000E+00
  0.95350000E+00  0.12500000E+00
  0.95370000E+00  0.12500000E+00
  0.95390000E+00  0.12500000E+00
  0.95410000E+00  0.12500000E+00
  0.95430000E+00  0.12500000E+00
  0.95450000E+00  0.12500000E+00
  0.95470000E+00  0.12500000E+00
  0.95490000E+00  0.12500000E+00
  0.95510000E+00  0.12500000E+00
  0.95530000E+00  0.12500000E+00
  0.95550000E+00  0.12500000E+00
  0.95570000E+00  0.12500000E+00
  0.95590000E+00  0.12500000E+00
  0.95610000E+00  0.12500000E+00
  0.95630000E+00  0.12500000E+00
  0.95650000E+00  0.12500000E+00
  0.95670000E+00  0.12500000E+00
  0.95690000E+00  0.12500000E+00
  0.95710000E+00  0.12500000E+00
  0.95730000E+00  0.12500000E+00
  0.95750000E+00  0.12500000E+00
  0.95770000E+00  0.12500000E+00
  0.95790000E+00  0.12500000E+00
  0.95810000E+00  0.12500000E+00
  0.95830000E+00  0.12500000E+00
  0.95850000E+00  0.12500000E+00
  0.95870000E+00  0.12500000E+00
  0.95890000E+00  0.12500000E+00
  0.95910000E+00  0.12500000E+00
  0.95930000E+00  0.12500000E+00
  0.95950000E+00  0.12500000E+00
  0.95970000E+00  0.12500000E+00
  0.95990000E+00  0.12500000E+00
  0.96010000E+00  0.12500000E+00
  0.96030000E+00  0.12500000E+00
  0.96050000E+00  0.12500000E+00
  0.96070000E+00  0.12500000E+00
  0.96090000E+00  0.12500000E+00
  0.96110000E+00  0.12500000E+00
  0.96130000E+00  0.12500000E+00
  0.96150000E+00  0.12500000E+00
  0.96170000E+00  0.12500000E+00
  0.96190000E+00  0.12500000E+00
  0.96210000E+00  0.12500000E+00
  0.96230000E+00  0.12500000E+00
  0.96250000E+00  0.12500000E+00
  0.96270000E+00  0.12500000E+00
  0.96290000E+00  0.12500000E+00
  0.96310000E+00  0.12500000E+00
  0.96330000E+00  0.12500000E+00
  0.96350000E+00  0.12500000E+00
  0.96370000E+00  0.12500000E+00
  0.96390000E+00  0.12500000E+00
  0.96410000E+00  0.12500000E+00
  0.96430000E+00  0.12500000E+00
  0.96450000E+00  0.12500000E+00
  0.96470000E+00  0.12500000E+00
  0.96490000E+00  0.12500000E+00
  0.96510000E+00  0.12500000E+00
  0.96530000E+00  0.12500000E+00
  0.96550000E+00  0.12500000E+00
  0.96570000E+00  0.12500000E+00
  0.96590000E+00  0.12500000E+00
  0.96610000E+00  0.12500000E+00
  0.96630000E+00  0.12500000E+00
  0.96650000E+00  0.12500000E+00
  0.96670000E+00  0.12500000E+00
  0.96690000E+00  0.12500000E+00
  0.96710000E+00  0.12500000E+00
  0.96730000E+00  0.12500000E+00
  0.96750000E+00  0.12500000E+00
  0.96770000E+00  0.12500000E+00
  0.96790000E+00  0.12500000E+00
  0.96810000E+00  0.12500000E+00
  0.96830000E+00  0.12500000E+00
  0.96850000E+00  0.12500000E+00
  0.96870000E+00  0.12500000E+00
  0.96890000E+00  0.12500000E+00
  0.96910000E+00  0.12500000E+00
  0.96930000E+00  0.12500000E+00
  0.96950000E+00  0.12500000E+00
  0.96970000E+00  0.12500000E+00
  0.96990000E+00  0.12500000E+00
  0.97010000E+00  0.12500000E+00
  0.97030000E+00  0.12500000E+00
  0.97050000E+00  0.12500000E+00
  0.97070000E+00  0.12500000E+00
  0.97090000E+00  0.12500000E+00
  0.97110000E+00  0.12500000E+00
  0.97130000E+00  0.12500000E+00
  0.97150000E+00  0.12500000E+00
  0.97170000E+00  0.12500000E+00
  0.97190000E+00  0.12500000E+00
  0.97210000E+00  0.12500000E+00
  0.97230000E+00  0.12500000E+00
  0.97250000E+00  0.12500000E+00
  0.97270000E+00  0.12500000E+00
  0.97290000E+00  0.12500000E+00
  0.97310000E+00  0.12500000E+00
  0.97330000E+00  0.12500000E+00
  0.97350000E+00  0.12500000E+00
  0.97370000E+00  0.12500000E+00
  0.97390000E+00  0.12500000E+00
  0.97410000E+00  0.12500000E+00
  0.97430000E+00  0.12500000E+00
  0.97450000E+00  0.12500000E+00
  0.97470000E+00  0.12500000E+00
  0.97490000E+00  0.12500000E+00
  0.97510000E+00  0.12500000E+00
  0.97530000E+00  0.12500000E+00
  0.97550000E+00  0.12500000E+00
  0.97570000E+00  0.12500000E+00
  0.97590000E+00  0.12500000E+00
  0.97610000E+00  0.12500000E+00
  0.97630000E+00  0.12500000E+00
  0.97650000E+00  0.12500000E+00
  0.97670000E+00  0.12500000E+00
  0.97690000E+00  0.12500000E+00
  0.97710000E+00  0.12500000E+00
  0.97730000E+00  0.12500000E+00
  0.97750000E+00  0.12500000E+00
  0.97770000E+00  0.12500000E+00
  0.97790000E+00  0.12500000E+00
  0.97810000E+00  0.12500000E+00
  0.97830000E+00  0.12500000E+00
  0.97850000E+00  0.12500000E+00
  0.97870000E+00  0.12500000E+00
  0.97890000E+00  0.12500000E+00
  0.97910000E+00  0.12500000E+00
  0.97930000E+00  0.12500000E+00
  0.97950000E+00  0.12500000E+00
  0.97970000E+00  0.12500000E+00
  0.97990000E+00  0.12500000E+00
  0.98010000E+00  0.12500000E+00
  0.98030000E+00  0.12500000E+00
  0.98050000E+00  0.12500000E+00
  0.98070000E+00  0.12500000E+00
  0.98090000E+00  0.12500000E+00
  0.98110000E+00  0.12500000E+00
  0.98130000E+00  0.12500000E+00
  0.98150000E+00  0.12500000E+00
  0.98170000E+00  0.12500000E+00
  0.98190000E+00  0.12500000E+00
  0.98210000E+00  0.12500000E+00
  0.98230000E+00  0.12500000E+00
  0.98250000E+00  0.12500000E+00
  0.98270000E+00  0.12500000E+00
  0.98290000E+00  0.12500000E+00
  0.98310000E+00  0.12500000E+00
  0.98330000E+00  0.12500000E+00
  0.98350000E+00  0.12500000E+00
  0.98370000E+00  0.12500000E+00
  0.98390000E+00  0.12500000E+00
  0.98410000E+00  0.12500000E+00
  0.98430000E+00  0.12500000E+00
  0.98450000E+00  0.12500000E+00
  0.98470000E+00  0.12500000E+00
  0.98490000E+00  0.12500000E+00
  0.98510000E+00  0.12500000E+00
  0.98530000E+00  0.12500000E+00
  0.98550000E+00  0.12500000E+00
  0.98570000E+00  0.12500000E+00
  0.98590000E+00  0.12500000E+00
  0.98610000E+00  0.12500000E+00
  0.98630000E+00  0.12500000E+00
  0.98650000E+00  0.12500000E+00
  0.98670000E+00  0.12500000E+00
  0.98690000E+00  0.12500000E+00
  0.98710000E+00  0.12500000E+00
  0.98730000E+00  0.12500000E+00
  0.98750000E+00  0.12500000E+00
  0.98770000E+00  0.12500000E+00
  0.98790000E+00  0.12500000E+00
  0.98810000E+00  0.12500000E+00
  0.98830000E+00  0.12500000E+00
  0.98850000E+00  0.12500000E+00
  0.98870000E+00  0.12500000E+00
  0.98890000E+00  0.12500000E+00
  0.98910000E+00  0.12500000E+00
  0.98930000E+00  0.12500000E+00
  0.98950000E+00  0.12500000E+00
  0.98970000E+00  0.12500000E+00
  0.98990000E+00  0.12500000E+00
  0.99010000E+00  0.12500000E+00
  0.99030000E+00  0.12500000E+00
  0.99050000E+00  0.12500000E+00
  0.99070000E+00  0.12500000E+00
  0.99090000E+00  0.12500000E+00
  0.99110000E+00  0.12500000E+00
  0.99130000E+00  0.12500000E+00
  0.99150000E+00  0.12500000E+00
  0.99170000E+00  0.12500000E+00
  0.99190000E+00  0.12500000E+00
  0.99210000E+00  0.12500000E+00
  0.99230000E+00  0.12500000E+00
  0.99250000E+00  0.12500000E+00
  0.99270000E+00  0.12500000E+00
  0.99290000E+00  0.12500000E+00
  0.99310000E+00  0.12500000E+00
  0.99330000E+00  0.12500000E+00
  0.99350000E+00  0.12500000E+00
  0.99370000E+00  0.12500000E+00
  0.99390000E+00  0.12500000E+00
  0.99410000E+00  0.12500000E+00
  0.99430000E+00  0.12500000E+00
  0.99450000E+00  0.12500000E+00
  0.99470000E+00  0.12500000E+00
  0.99490000E+00  0.12500000E+00
  0.99510000E+00  0.12500000E+00
  0.99530000E+00  0.12500000E+00
  0.99550000E+00  0.12500000E+00
  0.99570000E+00  0.12500000E+00
  0.99590000E+00  0.12500000E+00
  0.99610000E+00  0.12500000E+00
  0.99630000E+00  0.12500000E+00
  0.99650000E+00  0.12500000E+00
  0.99670000E+00  0.12500000E+00
  0.99690000E+00  0.12500000E+00
  0.99710000E+00  0.12500000E+00
  0.99730000E+00  0.12500000E+00
  0.99750000E+00  0.12500000E+00
  0.99770000E+00  0.12500000E+00
  0.99790000E+00  0.12500000E+00
  0.99810000E+00  0.12500000E+00
  0.99830000E+00  0.12500000E+00
  0.99850000E+00  0.12500000E+00
  0.99870000E+00  0.12500000E+00
  0.99890000E+00  0.12500000E+00
  0.99910000E+00  0.12500000E+00
  0.99930000E+00  0.12500000E+00
  0.99950000E+00  0.12500000E+00
  0.99970000E+00  0.12500000E+00
  0.99990000E+00  0.12500000E+00
