 -1.988944        1.000000
 -1.977889        1.000000
 -1.966833        1.000000
 -1.955777        1.000000
 -1.944721        1.000000
 -1.933666        1.000000
 -1.922610        1.000000
 -1.911554        1.000000
 -1.900498        1.000000
 -1.889443        1.000000
 -1.878387        1.000000
 -1.867331        1.000000
 -1.856276        1.000000
 -1.845220        1.000000
 -1.834164        1.000000
 -1.823108        1.000000
 -1.812053        1.000000
 -1.800997        1.000000
 -1.789941        1.000000
 -1.778885        1.000000
 -1.760997        1.000000
 -1.743108        1.000000
 -1.725220        1.000000
 -1.707331        1.000000
 -1.689443        1.000000
 -1.671554        1.000000
 -1.653666        1.000000
 -1.635777        1.000000
 -1.617889        1.000000
 -1.600000        1.000000
 -1.582111        1.000000
 -1.564223        1.000000
 -1.546334        1.000000
 -1.528446        1.000000
 -1.510557        1.000000
 -1.492669        1.000000
 -1.474780        1.000000
 -1.456892        1.000000
 -1.439003        1.000000
 -1.421115        1.000000
 -1.410059        1.000000
 -1.399003        1.000000
 -1.387947        1.000000
 -1.376892        1.000000
 -1.365836        1.000000
 -1.354780        1.000000
 -1.343724        1.000000
 -1.332669        1.000000
 -1.321613        1.000000
 -1.310557        1.000000
 -1.299502        1.000000
 -1.288446        1.000000
 -1.277390        1.000000
 -1.266334        1.000000
 -1.255279        1.000000
 -1.244223        1.000000
 -1.233167        1.000000
 -1.222111        1.000000
 -1.211056        1.000000
 -1.200000        1.000000
 -1.188944        1.000000
 -1.177889        1.000000
 -1.166833        1.000000
 -1.155777        1.000000
 -1.144721        1.000000
 -1.133666        1.000000
 -1.122610        1.000000
 -1.111554        1.000000
 -1.100498        1.000000
 -1.089443        1.000000
 -1.078387        1.000000
 -1.067331        1.000000
 -1.056276        1.000000
 -1.045220        1.000000
 -1.034164        1.000000
 -1.023108        1.000000
 -1.012053        1.000000
 -1.000997        1.000000
 -0.989941        1.000000
 -0.978885        1.000000
 -0.960997        1.000000
 -0.943108        1.000000
 -0.925220        1.000000
 -0.907331        1.000000
 -0.889443        1.000000
 -0.871554        1.000000
 -0.853666        1.000000
 -0.835777        1.000000
 -0.817889        1.000000
 -0.800000        1.000000
 -0.782111        1.000000
 -0.764223        1.000000
 -0.746334        1.000000
 -0.728446        1.000000
 -0.710557        1.000000
 -0.692669        1.000000
 -0.674780        1.000000
 -0.656892        1.000000
 -0.639003        1.000000
 -0.621115        1.000000
 -0.610059        1.000000
 -0.599003        1.000000
 -0.587947        1.000000
 -0.576892        1.000000
 -0.565836        1.000000
 -0.554780        1.000000
 -0.543724        1.000000
 -0.532669        1.000000
 -0.521613        1.000000
 -0.510557        1.000000
 -0.499502        1.000000
 -0.488446        1.000000
 -0.477390        1.000000
 -0.466334        1.000000
 -0.455279        1.000000
 -0.444223        1.000000
 -0.433167        1.000000
 -0.422111        1.000000
 -0.411056        1.000000
 -0.400000        1.000000
 -0.388944        1.000000
 -0.377889        1.000000
 -0.366833        1.000000
 -0.355777        1.000000
 -0.344721        1.000000
 -0.333666        1.000000
 -0.322610        1.000000
 -0.311554        1.000000
 -0.300498        1.000000
 -0.289443        1.000000
 -0.278387        1.000000
 -0.267331        1.000000
 -0.256276        1.000000
 -0.245220        1.000000
 -0.234164        1.000000
 -0.223108        1.000000
 -0.212053        1.000000
 -0.200997        1.000000
 -0.189941        1.000000
 -0.178885        1.000000
 -0.160997        1.000000
 -0.143108        1.000000
 -0.125220        1.000000
 -0.107331        1.000000
 -0.089443        1.000000
 -0.071554        1.000000
 -0.053666        1.000000
 -0.035777        1.000000
 -0.017889        1.000000
  0.000000        0.000000
  0.017889        0.000000
  0.035777        0.000000
  0.053666        0.000000
  0.071554        0.000000
  0.089443        0.000000
  0.107331        0.000000
  0.125220        0.000000
  0.143108        0.000000
  0.160997        0.000000
  0.178885        0.000000
  0.189941        0.000000
  0.200997        0.000000
  0.212053        0.000000
  0.223108        0.000000
  0.234164        0.000000
  0.245220        0.000000
  0.256276        0.000000
  0.267331        0.000000
  0.278387        0.000000
  0.289443        0.000000
  0.300498        0.000000
  0.311554        0.000000
  0.322610        0.000000
  0.333666        0.000000
  0.344721        0.000000
  0.355777        0.000000
  0.366833        0.000000
  0.377889        0.000000
  0.388944        0.000000
  0.400000        0.000000
  0.411056        0.000000
  0.422111        0.000000
  0.433167        0.000000
  0.444223        0.000000
  0.455279        0.000000
  0.466334        0.000000
  0.477390        0.000000
  0.488446        0.000000
  0.499502        0.000000
  0.510557        0.000000
  0.521613        0.000000
  0.532669        0.000000
  0.543724        0.000000
  0.554780        0.000000
  0.565836        0.000000
  0.576892        0.000000
  0.587947        0.000000
  0.599003        0.000000
  0.610059        0.000000
  0.621115        0.000000
  0.639003        0.000000
  0.656892        0.000000
  0.674780        0.000000
  0.692669        0.000000
  0.710557        0.000000
  0.728446        0.000000
  0.746334        0.000000
  0.764223        0.000000
  0.782111        0.000000
  0.800000        0.000000
  0.817889        0.000000
  0.835777        0.000000
  0.853666        0.000000
  0.871554        0.000000
  0.889443        0.000000
  0.907331        0.000000
  0.925220        0.000000
  0.943108        0.000000
  0.960997        0.000000
  0.978885        0.000000
  0.989941        0.000000
  1.000997        0.000000
  1.012053        0.000000
  1.023108        0.000000
  1.034164        0.000000
  1.045220        0.000000
  1.056276        0.000000
  1.067331        0.000000
  1.078387        0.000000
  1.089443        0.000000
  1.100498        0.000000
  1.111554        0.000000
  1.122610        0.000000
  1.133666        0.000000
  1.144721        0.000000
  1.155777        0.000000
  1.166833        0.000000
  1.177889        0.000000
  1.188944        0.000000
  1.200000        0.000000
  1.211056        0.000000
  1.222111        0.000000
  1.233167        0.000000
  1.244223        0.000000
  1.255279        0.000000
  1.266334        0.000000
  1.277390        0.000000
  1.288446        0.000000
  1.299502        0.000000
  1.310557        0.000000
  1.321613        0.000000
  1.332669        0.000000
  1.343724        0.000000
  1.354780        0.000000
  1.365836        0.000000
  1.376892        0.000000
  1.387947        0.000000
  1.399003        0.000000
  1.410059        0.000000
  1.421115        0.000000
  1.439003        0.000000
  1.456892        0.000000
  1.474780        0.000000
  1.492669        0.000000
  1.510557        0.000000
  1.528446        0.000000
  1.546334        0.000000
  1.564223        0.000000
  1.582111        0.000000
  1.600000        0.000000
  1.617889        0.000000
  1.635777        0.000000
  1.653666        0.000000
  1.671554        0.000000
  1.689443        0.000000
  1.707331        0.000000
  1.725220        0.000000
  1.743108        0.000000
  1.760997        0.000000
  1.778885        0.000000
  1.789941        0.000000
  1.800997        0.000000
  1.812053        0.000000
  1.823108        0.000000
  1.834164        0.000000
  1.845220        0.000000
  1.856276        0.000000
  1.867331        0.000000
  1.878387        0.000000
  1.889443        0.000000
  1.900498        0.000000
  1.911554        0.000000
  1.922610        0.000000
  1.933666        0.000000
  1.944721        0.000000
  1.955777        0.000000
  1.966833        0.000000
  1.977889        0.000000
  1.988944        0.000000
  2.000000        0.000000
----------  0.000000--------------
 -1.988944        1.000000
 -1.977889        1.000000
 -1.966833        1.000000
 -1.955777        1.000000
 -1.944721        1.000000
 -1.933666        1.000000
 -1.922610        1.000000
 -1.911554        1.000000
 -1.900498        1.000000
 -1.889443        1.000000
 -1.878387        1.000000
 -1.867331        1.000000
 -1.856276        1.000000
 -1.845220        1.000000
 -1.834164        1.000000
 -1.823108        1.000000
 -1.812053        1.000000
 -1.800997        1.000000
 -1.789941        1.000000
 -1.778885        1.000000
 -1.760997        1.000000
 -1.743108        1.000000
 -1.725220        1.000000
 -1.707331        1.000000
 -1.689443        1.000000
 -1.671554        1.000000
 -1.653666        1.000000
 -1.635777        1.000000
 -1.617889        1.000000
 -1.600000        1.000000
 -1.582111        1.000000
 -1.564223        1.000000
 -1.546334        1.000000
 -1.528446        1.000000
 -1.510557        1.000000
 -1.492669        1.000000
 -1.474780        1.000000
 -1.456892        1.000000
 -1.439003        1.000000
 -1.421115        1.000000
 -1.410059        1.000000
 -1.399003        1.000000
 -1.387947        1.000000
 -1.376892        1.000000
 -1.365836        1.000000
 -1.354780        1.000000
 -1.343724        1.000000
 -1.332669        1.000000
 -1.321613        1.000000
 -1.310557        1.000000
 -1.299502        1.000000
 -1.288446        1.000000
 -1.277390        1.000000
 -1.266334        1.000000
 -1.255279        1.000000
 -1.244223        1.000000
 -1.233167        1.000000
 -1.222111        1.000000
 -1.211056        1.000000
 -1.200000        1.000000
 -1.188944        1.000000
 -1.177889        1.000000
 -1.166833        1.000000
 -1.155777        1.000000
 -1.144721        1.000000
 -1.133666        1.000000
 -1.122610        1.000000
 -1.111554        1.000000
 -1.100498        1.000000
 -1.089443        1.000000
 -1.078387        1.000000
 -1.067331        1.000000
 -1.056276        1.000000
 -1.045220        1.000000
 -1.034164        1.000000
 -1.023108        1.000000
 -1.012053        1.000000
 -1.000997        1.000000
 -0.989941        1.000000
 -0.978885        1.000000
 -0.960997        1.000000
 -0.943108        1.000000
 -0.925220        1.000000
 -0.907331        1.000000
 -0.889443        1.000000
 -0.871554        1.000000
 -0.853666        1.000000
 -0.835777        1.000000
 -0.817889        1.000000
 -0.800000        1.000000
 -0.782111        1.000000
 -0.764223        1.000000
 -0.746334        1.000000
 -0.728446        1.000000
 -0.710557        1.000000
 -0.692669        1.000000
 -0.674780        1.000000
 -0.656892        1.000000
 -0.639003        1.000000
 -0.621115        1.000000
 -0.610059        1.000000
 -0.599003        1.000000
 -0.587947        1.000000
 -0.576892        1.000000
 -0.565836        1.000000
 -0.554780        1.000000
 -0.543724        1.000000
 -0.532669        1.000000
 -0.521613        1.000000
 -0.510557        1.000000
 -0.499502        1.000000
 -0.488446        1.000000
 -0.477390        1.000000
 -0.466334        1.000000
 -0.455279        1.000000
 -0.444223        1.000000
 -0.433167        1.000000
 -0.422111        1.000000
 -0.411056        1.000000
 -0.400000        1.000000
 -0.388944        1.000000
 -0.377889        1.000000
 -0.366833        1.000000
 -0.355777        1.000000
 -0.344721        1.000000
 -0.333666        1.000000
 -0.322610        1.000000
 -0.311554        1.000000
 -0.300498        1.000000
 -0.289443        1.000000
 -0.278387        1.000000
 -0.267331        1.000000
 -0.256276        1.000000
 -0.245220        1.000000
 -0.234164        1.000000
 -0.223108        1.000000
 -0.212053        1.000000
 -0.200997        1.000000
 -0.189941        1.000000
 -0.178885        1.000000
 -0.160997        1.000000
 -0.143108        1.000000
 -0.125220        1.000000
 -0.107331        1.000000
 -0.089443        1.000000
 -0.071554        1.000000
 -0.053666        1.000000
 -0.035777        1.000000
 -0.017889        1.000000
  0.000000        1.000000
  0.017889        1.000000
  0.035777        1.000000
  0.053666        1.000000
  0.071554        1.000000
  0.089443        0.000000
  0.107331        0.000000
  0.125220        0.000000
  0.143108        0.000000
  0.160997        0.000000
  0.178885        0.000000
  0.189941        0.000000
  0.200997        0.000000
  0.212053        0.000000
  0.223108        0.000000
  0.234164        0.000000
  0.245220        0.000000
  0.256276        0.000000
  0.267331        0.000000
  0.278387        0.000000
  0.289443        0.000000
  0.300498        0.000000
  0.311554        0.000000
  0.322610        0.000000
  0.333666        0.000000
  0.344721        0.000000
  0.355777        0.000000
  0.366833        0.000000
  0.377889        0.000000
  0.388944        0.000000
  0.400000        0.000000
  0.411056        0.000000
  0.422111        0.000000
  0.433167        0.000000
  0.444223        0.000000
  0.455279        0.000000
  0.466334        0.000000
  0.477390        0.000000
  0.488446        0.000000
  0.499502        0.000000
  0.510557        0.000000
  0.521613        0.000000
  0.532669        0.000000
  0.543724        0.000000
  0.554780        0.000000
  0.565836        0.000000
  0.576892        0.000000
  0.587947        0.000000
  0.599003        0.000000
  0.610059        0.000000
  0.621115        0.000000
  0.639003        0.000000
  0.656892        0.000000
  0.674780        0.000000
  0.692669        0.000000
  0.710557        0.000000
  0.728446        0.000000
  0.746334        0.000000
  0.764223        0.000000
  0.782111        0.000000
  0.800000        0.000000
  0.817889        0.000000
  0.835777        0.000000
  0.853666        0.000000
  0.871554        0.000000
  0.889443        0.000000
  0.907331        0.000000
  0.925220        0.000000
  0.943108        0.000000
  0.960997        0.000000
  0.978885        0.000000
  0.989941        0.000000
  1.000997        0.000000
  1.012053        0.000000
  1.023108        0.000000
  1.034164        0.000000
  1.045220        0.000000
  1.056276        0.000000
  1.067331        0.000000
  1.078387        0.000000
  1.089443        0.000000
  1.100498        0.000000
  1.111554        0.000000
  1.122610        0.000000
  1.133666        0.000000
  1.144721        0.000000
  1.155777        0.000000
  1.166833        0.000000
  1.177889        0.000000
  1.188944        0.000000
  1.200000        0.000000
  1.211056        0.000000
  1.222111        0.000000
  1.233167        0.000000
  1.244223        0.000000
  1.255279        0.000000
  1.266334        0.000000
  1.277390        0.000000
  1.288446        0.000000
  1.299502        0.000000
  1.310557        0.000000
  1.321613        0.000000
  1.332669        0.000000
  1.343724        0.000000
  1.354780        0.000000
  1.365836        0.000000
  1.376892        0.000000
  1.387947        0.000000
  1.399003        0.000000
  1.410059        0.000000
  1.421115        0.000000
  1.439003        0.000000
  1.456892        0.000000
  1.474780        0.000000
  1.492669        0.000000
  1.510557        0.000000
  1.528446        0.000000
  1.546334        0.000000
  1.564223        0.000000
  1.582111        0.000000
  1.600000        0.000000
  1.617889        0.000000
  1.635777        0.000000
  1.653666        0.000000
  1.671554        0.000000
  1.689443        0.000000
  1.707331        0.000000
  1.725220        0.000000
  1.743108        0.000000
  1.760997        0.000000
  1.778885        0.000000
  1.789941        0.000000
  1.800997        0.000000
  1.812053        0.000000
  1.823108        0.000000
  1.834164        0.000000
  1.845220        0.000000
  1.856276        0.000000
  1.867331        0.000000
  1.878387        0.000000
  1.889443        0.000000
  1.900498        0.000000
  1.911554        0.000000
  1.922610        0.000000
  1.933666        0.000000
  1.944721        0.000000
  1.955777        0.000000
  1.966833        0.000000
  1.977889        0.000000
  1.988944        0.000000
  2.000000        0.000000
----------  0.080000--------------
 -1.988944        1.000000
 -1.977889        1.000000
 -1.966833        1.000000
 -1.955777        1.000000
 -1.944721        1.000000
 -1.933666        1.000000
 -1.922610        1.000000
 -1.911554        1.000000
 -1.900498        1.000000
 -1.889443        1.000000
 -1.878387        1.000000
 -1.867331        1.000000
 -1.856276        1.000000
 -1.845220        1.000000
 -1.834164        1.000000
 -1.823108        1.000000
 -1.812053        1.000000
 -1.800997        1.000000
 -1.789941        1.000000
 -1.778885        1.000000
 -1.760997        1.000000
 -1.743108        1.000000
 -1.725220        1.000000
 -1.707331        1.000000
 -1.689443        1.000000
 -1.671554        1.000000
 -1.653666        1.000000
 -1.635777        1.000000
 -1.617889        1.000000
 -1.600000        1.000000
 -1.582111        1.000000
 -1.564223        1.000000
 -1.546334        1.000000
 -1.528446        1.000000
 -1.510557        1.000000
 -1.492669        1.000000
 -1.474780        1.000000
 -1.456892        1.000000
 -1.439003        1.000000
 -1.421115        1.000000
 -1.410059        1.000000
 -1.399003        1.000000
 -1.387947        1.000000
 -1.376892        1.000000
 -1.365836        1.000000
 -1.354780        1.000000
 -1.343724        1.000000
 -1.332669        1.000000
 -1.321613        1.000000
 -1.310557        1.000000
 -1.299502        1.000000
 -1.288446        1.000000
 -1.277390        1.000000
 -1.266334        1.000000
 -1.255279        1.000000
 -1.244223        1.000000
 -1.233167        1.000000
 -1.222111        1.000000
 -1.211056        1.000000
 -1.200000        1.000000
 -1.188944        1.000000
 -1.177889        1.000000
 -1.166833        1.000000
 -1.155777        1.000000
 -1.144721        1.000000
 -1.133666        1.000000
 -1.122610        1.000000
 -1.111554        1.000000
 -1.100498        1.000000
 -1.089443        1.000000
 -1.078387        1.000000
 -1.067331        1.000000
 -1.056276        1.000000
 -1.045220        1.000000
 -1.034164        1.000000
 -1.023108        1.000000
 -1.012053        1.000000
 -1.000997        1.000000
 -0.989941        1.000000
 -0.978885        1.000000
 -0.960997        1.000000
 -0.943108        1.000000
 -0.925220        1.000000
 -0.907331        1.000000
 -0.889443        1.000000
 -0.871554        1.000000
 -0.853666        1.000000
 -0.835777        1.000000
 -0.817889        1.000000
 -0.800000        1.000000
 -0.782111        1.000000
 -0.764223        1.000000
 -0.746334        1.000000
 -0.728446        1.000000
 -0.710557        1.000000
 -0.692669        1.000000
 -0.674780        1.000000
 -0.656892        1.000000
 -0.639003        1.000000
 -0.621115        1.000000
 -0.610059        1.000000
 -0.599003        1.000000
 -0.587947        1.000000
 -0.576892        1.000000
 -0.565836        1.000000
 -0.554780        1.000000
 -0.543724        1.000000
 -0.532669        1.000000
 -0.521613        1.000000
 -0.510557        1.000000
 -0.499502        1.000000
 -0.488446        1.000000
 -0.477390        1.000000
 -0.466334        1.000000
 -0.455279        1.000000
 -0.444223        1.000000
 -0.433167        1.000000
 -0.422111        1.000000
 -0.411056        1.000000
 -0.400000        1.000000
 -0.388944        1.000000
 -0.377889        1.000000
 -0.366833        1.000000
 -0.355777        1.000000
 -0.344721        1.000000
 -0.333666        1.000000
 -0.322610        1.000000
 -0.311554        1.000000
 -0.300498        1.000000
 -0.289443        1.000000
 -0.278387        1.000000
 -0.267331        1.000000
 -0.256276        1.000000
 -0.245220        1.000000
 -0.234164        1.000000
 -0.223108        1.000000
 -0.212053        1.000000
 -0.200997        1.000000
 -0.189941        1.000000
 -0.178885        1.000000
 -0.160997        1.000000
 -0.143108        1.000000
 -0.125220        1.000000
 -0.107331        1.000000
 -0.089443        1.000000
 -0.071554        1.000000
 -0.053666        1.000000
 -0.035777        1.000000
 -0.017889        1.000000
  0.000000        1.000000
  0.017889        1.000000
  0.035777        1.000000
  0.053666        1.000000
  0.071554        1.000000
  0.089443        1.000000
  0.107331        1.000000
  0.125220        1.000000
  0.143108        1.000000
  0.160997        0.000000
  0.178885        0.000000
  0.189941        0.000000
  0.200997        0.000000
  0.212053        0.000000
  0.223108        0.000000
  0.234164        0.000000
  0.245220        0.000000
  0.256276        0.000000
  0.267331        0.000000
  0.278387        0.000000
  0.289443        0.000000
  0.300498        0.000000
  0.311554        0.000000
  0.322610        0.000000
  0.333666        0.000000
  0.344721        0.000000
  0.355777        0.000000
  0.366833        0.000000
  0.377889        0.000000
  0.388944        0.000000
  0.400000        0.000000
  0.411056        0.000000
  0.422111        0.000000
  0.433167        0.000000
  0.444223        0.000000
  0.455279        0.000000
  0.466334        0.000000
  0.477390        0.000000
  0.488446        0.000000
  0.499502        0.000000
  0.510557        0.000000
  0.521613        0.000000
  0.532669        0.000000
  0.543724        0.000000
  0.554780        0.000000
  0.565836        0.000000
  0.576892        0.000000
  0.587947        0.000000
  0.599003        0.000000
  0.610059        0.000000
  0.621115        0.000000
  0.639003        0.000000
  0.656892        0.000000
  0.674780        0.000000
  0.692669        0.000000
  0.710557        0.000000
  0.728446        0.000000
  0.746334        0.000000
  0.764223        0.000000
  0.782111        0.000000
  0.800000        0.000000
  0.817889        0.000000
  0.835777        0.000000
  0.853666        0.000000
  0.871554        0.000000
  0.889443        0.000000
  0.907331        0.000000
  0.925220        0.000000
  0.943108        0.000000
  0.960997        0.000000
  0.978885        0.000000
  0.989941        0.000000
  1.000997        0.000000
  1.012053        0.000000
  1.023108        0.000000
  1.034164        0.000000
  1.045220        0.000000
  1.056276        0.000000
  1.067331        0.000000
  1.078387        0.000000
  1.089443        0.000000
  1.100498        0.000000
  1.111554        0.000000
  1.122610        0.000000
  1.133666        0.000000
  1.144721        0.000000
  1.155777        0.000000
  1.166833        0.000000
  1.177889        0.000000
  1.188944        0.000000
  1.200000        0.000000
  1.211056        0.000000
  1.222111        0.000000
  1.233167        0.000000
  1.244223        0.000000
  1.255279        0.000000
  1.266334        0.000000
  1.277390        0.000000
  1.288446        0.000000
  1.299502        0.000000
  1.310557        0.000000
  1.321613        0.000000
  1.332669        0.000000
  1.343724        0.000000
  1.354780        0.000000
  1.365836        0.000000
  1.376892        0.000000
  1.387947        0.000000
  1.399003        0.000000
  1.410059        0.000000
  1.421115        0.000000
  1.439003        0.000000
  1.456892        0.000000
  1.474780        0.000000
  1.492669        0.000000
  1.510557        0.000000
  1.528446        0.000000
  1.546334        0.000000
  1.564223        0.000000
  1.582111        0.000000
  1.600000        0.000000
  1.617889        0.000000
  1.635777        0.000000
  1.653666        0.000000
  1.671554        0.000000
  1.689443        0.000000
  1.707331        0.000000
  1.725220        0.000000
  1.743108        0.000000
  1.760997        0.000000
  1.778885        0.000000
  1.789941        0.000000
  1.800997        0.000000
  1.812053        0.000000
  1.823108        0.000000
  1.834164        0.000000
  1.845220        0.000000
  1.856276        0.000000
  1.867331        0.000000
  1.878387        0.000000
  1.889443        0.000000
  1.900498        0.000000
  1.911554        0.000000
  1.922610        0.000000
  1.933666        0.000000
  1.944721        0.000000
  1.955777        0.000000
  1.966833        0.000000
  1.977889        0.000000
  1.988944        0.000000
  2.000000        0.000000
----------  0.160000--------------
 -1.988944        1.000000
 -1.977889        1.000000
 -1.966833        1.000000
 -1.955777        1.000000
 -1.944721        1.000000
 -1.933666        1.000000
 -1.922610        1.000000
 -1.911554        1.000000
 -1.900498        1.000000
 -1.889443        1.000000
 -1.878387        1.000000
 -1.867331        1.000000
 -1.856276        1.000000
 -1.845220        1.000000
 -1.834164        1.000000
 -1.823108        1.000000
 -1.812053        1.000000
 -1.800997        1.000000
 -1.789941        1.000000
 -1.778885        1.000000
 -1.760997        1.000000
 -1.743108        1.000000
 -1.725220        1.000000
 -1.707331        1.000000
 -1.689443        1.000000
 -1.671554        1.000000
 -1.653666        1.000000
 -1.635777        1.000000
 -1.617889        1.000000
 -1.600000        1.000000
 -1.582111        1.000000
 -1.564223        1.000000
 -1.546334        1.000000
 -1.528446        1.000000
 -1.510557        1.000000
 -1.492669        1.000000
 -1.474780        1.000000
 -1.456892        1.000000
 -1.439003        1.000000
 -1.421115        1.000000
 -1.410059        1.000000
 -1.399003        1.000000
 -1.387947        1.000000
 -1.376892        1.000000
 -1.365836        1.000000
 -1.354780        1.000000
 -1.343724        1.000000
 -1.332669        1.000000
 -1.321613        1.000000
 -1.310557        1.000000
 -1.299502        1.000000
 -1.288446        1.000000
 -1.277390        1.000000
 -1.266334        1.000000
 -1.255279        1.000000
 -1.244223        1.000000
 -1.233167        1.000000
 -1.222111        1.000000
 -1.211056        1.000000
 -1.200000        1.000000
 -1.188944        1.000000
 -1.177889        1.000000
 -1.166833        1.000000
 -1.155777        1.000000
 -1.144721        1.000000
 -1.133666        1.000000
 -1.122610        1.000000
 -1.111554        1.000000
 -1.100498        1.000000
 -1.089443        1.000000
 -1.078387        1.000000
 -1.067331        1.000000
 -1.056276        1.000000
 -1.045220        1.000000
 -1.034164        1.000000
 -1.023108        1.000000
 -1.012053        1.000000
 -1.000997        1.000000
 -0.989941        1.000000
 -0.978885        1.000000
 -0.960997        1.000000
 -0.943108        1.000000
 -0.925220        1.000000
 -0.907331        1.000000
 -0.889443        1.000000
 -0.871554        1.000000
 -0.853666        1.000000
 -0.835777        1.000000
 -0.817889        1.000000
 -0.800000        1.000000
 -0.782111        1.000000
 -0.764223        1.000000
 -0.746334        1.000000
 -0.728446        1.000000
 -0.710557        1.000000
 -0.692669        1.000000
 -0.674780        1.000000
 -0.656892        1.000000
 -0.639003        1.000000
 -0.621115        1.000000
 -0.610059        1.000000
 -0.599003        1.000000
 -0.587947        1.000000
 -0.576892        1.000000
 -0.565836        1.000000
 -0.554780        1.000000
 -0.543724        1.000000
 -0.532669        1.000000
 -0.521613        1.000000
 -0.510557        1.000000
 -0.499502        1.000000
 -0.488446        1.000000
 -0.477390        1.000000
 -0.466334        1.000000
 -0.455279        1.000000
 -0.444223        1.000000
 -0.433167        1.000000
 -0.422111        1.000000
 -0.411056        1.000000
 -0.400000        1.000000
 -0.388944        1.000000
 -0.377889        1.000000
 -0.366833        1.000000
 -0.355777        1.000000
 -0.344721        1.000000
 -0.333666        1.000000
 -0.322610        1.000000
 -0.311554        1.000000
 -0.300498        1.000000
 -0.289443        1.000000
 -0.278387        1.000000
 -0.267331        1.000000
 -0.256276        1.000000
 -0.245220        1.000000
 -0.234164        1.000000
 -0.223108        1.000000
 -0.212053        1.000000
 -0.200997        1.000000
 -0.189941        1.000000
 -0.178885        1.000000
 -0.160997        1.000000
 -0.143108        1.000000
 -0.125220        1.000000
 -0.107331        1.000000
 -0.089443        1.000000
 -0.071554        1.000000
 -0.053666        1.000000
 -0.035777        1.000000
 -0.017889        1.000000
  0.000000        1.000000
  0.017889        1.000000
  0.035777        1.000000
  0.053666        1.000000
  0.071554        1.000000
  0.089443        1.000000
  0.107331        1.000000
  0.125220        1.000000
  0.143108        1.000000
  0.160997        1.000000
  0.178885        1.000000
  0.189941        1.000000
  0.200997        1.000000
  0.212053        1.000000
  0.223108        1.000000
  0.234164        1.000000
  0.245220        0.000000
  0.256276        0.000000
  0.267331        0.000000
  0.278387        0.000000
  0.289443        0.000000
  0.300498        0.000000
  0.311554        0.000000
  0.322610        0.000000
  0.333666        0.000000
  0.344721        0.000000
  0.355777        0.000000
  0.366833        0.000000
  0.377889        0.000000
  0.388944        0.000000
  0.400000        0.000000
  0.411056        0.000000
  0.422111        0.000000
  0.433167        0.000000
  0.444223        0.000000
  0.455279        0.000000
  0.466334        0.000000
  0.477390        0.000000
  0.488446        0.000000
  0.499502        0.000000
  0.510557        0.000000
  0.521613        0.000000
  0.532669        0.000000
  0.543724        0.000000
  0.554780        0.000000
  0.565836        0.000000
  0.576892        0.000000
  0.587947        0.000000
  0.599003        0.000000
  0.610059        0.000000
  0.621115        0.000000
  0.639003        0.000000
  0.656892        0.000000
  0.674780        0.000000
  0.692669        0.000000
  0.710557        0.000000
  0.728446        0.000000
  0.746334        0.000000
  0.764223        0.000000
  0.782111        0.000000
  0.800000        0.000000
  0.817889        0.000000
  0.835777        0.000000
  0.853666        0.000000
  0.871554        0.000000
  0.889443        0.000000
  0.907331        0.000000
  0.925220        0.000000
  0.943108        0.000000
  0.960997        0.000000
  0.978885        0.000000
  0.989941        0.000000
  1.000997        0.000000
  1.012053        0.000000
  1.023108        0.000000
  1.034164        0.000000
  1.045220        0.000000
  1.056276        0.000000
  1.067331        0.000000
  1.078387        0.000000
  1.089443        0.000000
  1.100498        0.000000
  1.111554        0.000000
  1.122610        0.000000
  1.133666        0.000000
  1.144721        0.000000
  1.155777        0.000000
  1.166833        0.000000
  1.177889        0.000000
  1.188944        0.000000
  1.200000        0.000000
  1.211056        0.000000
  1.222111        0.000000
  1.233167        0.000000
  1.244223        0.000000
  1.255279        0.000000
  1.266334        0.000000
  1.277390        0.000000
  1.288446        0.000000
  1.299502        0.000000
  1.310557        0.000000
  1.321613        0.000000
  1.332669        0.000000
  1.343724        0.000000
  1.354780        0.000000
  1.365836        0.000000
  1.376892        0.000000
  1.387947        0.000000
  1.399003        0.000000
  1.410059        0.000000
  1.421115        0.000000
  1.439003        0.000000
  1.456892        0.000000
  1.474780        0.000000
  1.492669        0.000000
  1.510557        0.000000
  1.528446        0.000000
  1.546334        0.000000
  1.564223        0.000000
  1.582111        0.000000
  1.600000        0.000000
  1.617889        0.000000
  1.635777        0.000000
  1.653666        0.000000
  1.671554        0.000000
  1.689443        0.000000
  1.707331        0.000000
  1.725220        0.000000
  1.743108        0.000000
  1.760997        0.000000
  1.778885        0.000000
  1.789941        0.000000
  1.800997        0.000000
  1.812053        0.000000
  1.823108        0.000000
  1.834164        0.000000
  1.845220        0.000000
  1.856276        0.000000
  1.867331        0.000000
  1.878387        0.000000
  1.889443        0.000000
  1.900498        0.000000
  1.911554        0.000000
  1.922610        0.000000
  1.933666        0.000000
  1.944721        0.000000
  1.955777        0.000000
  1.966833        0.000000
  1.977889        0.000000
  1.988944        0.000000
  2.000000        0.000000
----------  0.240000--------------
 -1.988944        1.000000
 -1.977889        1.000000
 -1.966833        1.000000
 -1.955777        1.000000
 -1.944721        1.000000
 -1.933666        1.000000
 -1.922610        1.000000
 -1.911554        1.000000
 -1.900498        1.000000
 -1.889443        1.000000
 -1.878387        1.000000
 -1.867331        1.000000
 -1.856276        1.000000
 -1.845220        1.000000
 -1.834164        1.000000
 -1.823108        1.000000
 -1.812053        1.000000
 -1.800997        1.000000
 -1.789941        1.000000
 -1.778885        1.000000
 -1.760997        1.000000
 -1.743108        1.000000
 -1.725220        1.000000
 -1.707331        1.000000
 -1.689443        1.000000
 -1.671554        1.000000
 -1.653666        1.000000
 -1.635777        1.000000
 -1.617889        1.000000
 -1.600000        1.000000
 -1.582111        1.000000
 -1.564223        1.000000
 -1.546334        1.000000
 -1.528446        1.000000
 -1.510557        1.000000
 -1.492669        1.000000
 -1.474780        1.000000
 -1.456892        1.000000
 -1.439003        1.000000
 -1.421115        1.000000
 -1.410059        1.000000
 -1.399003        1.000000
 -1.387947        1.000000
 -1.376892        1.000000
 -1.365836        1.000000
 -1.354780        1.000000
 -1.343724        1.000000
 -1.332669        1.000000
 -1.321613        1.000000
 -1.310557        1.000000
 -1.299502        1.000000
 -1.288446        1.000000
 -1.277390        1.000000
 -1.266334        1.000000
 -1.255279        1.000000
 -1.244223        1.000000
 -1.233167        1.000000
 -1.222111        1.000000
 -1.211056        1.000000
 -1.200000        1.000000
 -1.188944        1.000000
 -1.177889        1.000000
 -1.166833        1.000000
 -1.155777        1.000000
 -1.144721        1.000000
 -1.133666        1.000000
 -1.122610        1.000000
 -1.111554        1.000000
 -1.100498        1.000000
 -1.089443        1.000000
 -1.078387        1.000000
 -1.067331        1.000000
 -1.056276        1.000000
 -1.045220        1.000000
 -1.034164        1.000000
 -1.023108        1.000000
 -1.012053        1.000000
 -1.000997        1.000000
 -0.989941        1.000000
 -0.978885        1.000000
 -0.960997        1.000000
 -0.943108        1.000000
 -0.925220        1.000000
 -0.907331        1.000000
 -0.889443        1.000000
 -0.871554        1.000000
 -0.853666        1.000000
 -0.835777        1.000000
 -0.817889        1.000000
 -0.800000        1.000000
 -0.782111        1.000000
 -0.764223        1.000000
 -0.746334        1.000000
 -0.728446        1.000000
 -0.710557        1.000000
 -0.692669        1.000000
 -0.674780        1.000000
 -0.656892        1.000000
 -0.639003        1.000000
 -0.621115        1.000000
 -0.610059        1.000000
 -0.599003        1.000000
 -0.587947        1.000000
 -0.576892        1.000000
 -0.565836        1.000000
 -0.554780        1.000000
 -0.543724        1.000000
 -0.532669        1.000000
 -0.521613        1.000000
 -0.510557        1.000000
 -0.499502        1.000000
 -0.488446        1.000000
 -0.477390        1.000000
 -0.466334        1.000000
 -0.455279        1.000000
 -0.444223        1.000000
 -0.433167        1.000000
 -0.422111        1.000000
 -0.411056        1.000000
 -0.400000        1.000000
 -0.388944        1.000000
 -0.377889        1.000000
 -0.366833        1.000000
 -0.355777        1.000000
 -0.344721        1.000000
 -0.333666        1.000000
 -0.322610        1.000000
 -0.311554        1.000000
 -0.300498        1.000000
 -0.289443        1.000000
 -0.278387        1.000000
 -0.267331        1.000000
 -0.256276        1.000000
 -0.245220        1.000000
 -0.234164        1.000000
 -0.223108        1.000000
 -0.212053        1.000000
 -0.200997        1.000000
 -0.189941        1.000000
 -0.178885        1.000000
 -0.160997        1.000000
 -0.143108        1.000000
 -0.125220        1.000000
 -0.107331        1.000000
 -0.089443        1.000000
 -0.071554        1.000000
 -0.053666        1.000000
 -0.035777        1.000000
 -0.017889        1.000000
  0.000000        1.000000
  0.017889        1.000000
  0.035777        1.000000
  0.053666        1.000000
  0.071554        1.000000
  0.089443        1.000000
  0.107331        1.000000
  0.125220        1.000000
  0.143108        1.000000
  0.160997        1.000000
  0.178885        1.000000
  0.189941        1.000000
  0.200997        1.000000
  0.212053        1.000000
  0.223108        1.000000
  0.234164        1.000000
  0.245220        1.000000
  0.256276        1.000000
  0.267331        1.000000
  0.278387        1.000000
  0.289443        1.000000
  0.300498        1.000000
  0.311554        1.000000
  0.322610        0.000000
  0.333666        0.000000
  0.344721        0.000000
  0.355777        0.000000
  0.366833        0.000000
  0.377889        0.000000
  0.388944        0.000000
  0.400000        0.000000
  0.411056        0.000000
  0.422111        0.000000
  0.433167        0.000000
  0.444223        0.000000
  0.455279        0.000000
  0.466334        0.000000
  0.477390        0.000000
  0.488446        0.000000
  0.499502        0.000000
  0.510557        0.000000
  0.521613        0.000000
  0.532669        0.000000
  0.543724        0.000000
  0.554780        0.000000
  0.565836        0.000000
  0.576892        0.000000
  0.587947        0.000000
  0.599003        0.000000
  0.610059        0.000000
  0.621115        0.000000
  0.639003        0.000000
  0.656892        0.000000
  0.674780        0.000000
  0.692669        0.000000
  0.710557        0.000000
  0.728446        0.000000
  0.746334        0.000000
  0.764223        0.000000
  0.782111        0.000000
  0.800000        0.000000
  0.817889        0.000000
  0.835777        0.000000
  0.853666        0.000000
  0.871554        0.000000
  0.889443        0.000000
  0.907331        0.000000
  0.925220        0.000000
  0.943108        0.000000
  0.960997        0.000000
  0.978885        0.000000
  0.989941        0.000000
  1.000997        0.000000
  1.012053        0.000000
  1.023108        0.000000
  1.034164        0.000000
  1.045220        0.000000
  1.056276        0.000000
  1.067331        0.000000
  1.078387        0.000000
  1.089443        0.000000
  1.100498        0.000000
  1.111554        0.000000
  1.122610        0.000000
  1.133666        0.000000
  1.144721        0.000000
  1.155777        0.000000
  1.166833        0.000000
  1.177889        0.000000
  1.188944        0.000000
  1.200000        0.000000
  1.211056        0.000000
  1.222111        0.000000
  1.233167        0.000000
  1.244223        0.000000
  1.255279        0.000000
  1.266334        0.000000
  1.277390        0.000000
  1.288446        0.000000
  1.299502        0.000000
  1.310557        0.000000
  1.321613        0.000000
  1.332669        0.000000
  1.343724        0.000000
  1.354780        0.000000
  1.365836        0.000000
  1.376892        0.000000
  1.387947        0.000000
  1.399003        0.000000
  1.410059        0.000000
  1.421115        0.000000
  1.439003        0.000000
  1.456892        0.000000
  1.474780        0.000000
  1.492669        0.000000
  1.510557        0.000000
  1.528446        0.000000
  1.546334        0.000000
  1.564223        0.000000
  1.582111        0.000000
  1.600000        0.000000
  1.617889        0.000000
  1.635777        0.000000
  1.653666        0.000000
  1.671554        0.000000
  1.689443        0.000000
  1.707331        0.000000
  1.725220        0.000000
  1.743108        0.000000
  1.760997        0.000000
  1.778885        0.000000
  1.789941        0.000000
  1.800997        0.000000
  1.812053        0.000000
  1.823108        0.000000
  1.834164        0.000000
  1.845220        0.000000
  1.856276        0.000000
  1.867331        0.000000
  1.878387        0.000000
  1.889443        0.000000
  1.900498        0.000000
  1.911554        0.000000
  1.922610        0.000000
  1.933666        0.000000
  1.944721        0.000000
  1.955777        0.000000
  1.966833        0.000000
  1.977889        0.000000
  1.988944        0.000000
  2.000000        0.000000
----------  0.320000--------------
 -1.988944        1.000000
 -1.977889        1.000000
 -1.966833        1.000000
 -1.955777        1.000000
 -1.944721        1.000000
 -1.933666        1.000000
 -1.922610        1.000000
 -1.911554        1.000000
 -1.900498        1.000000
 -1.889443        1.000000
 -1.878387        1.000000
 -1.867331        1.000000
 -1.856276        1.000000
 -1.845220        1.000000
 -1.834164        1.000000
 -1.823108        1.000000
 -1.812053        1.000000
 -1.800997        1.000000
 -1.789941        1.000000
 -1.778885        1.000000
 -1.760997        1.000000
 -1.743108        1.000000
 -1.725220        1.000000
 -1.707331        1.000000
 -1.689443        1.000000
 -1.671554        1.000000
 -1.653666        1.000000
 -1.635777        1.000000
 -1.617889        1.000000
 -1.600000        1.000000
 -1.582111        1.000000
 -1.564223        1.000000
 -1.546334        1.000000
 -1.528446        1.000000
 -1.510557        1.000000
 -1.492669        1.000000
 -1.474780        1.000000
 -1.456892        1.000000
 -1.439003        1.000000
 -1.421115        1.000000
 -1.410059        1.000000
 -1.399003        1.000000
 -1.387947        1.000000
 -1.376892        1.000000
 -1.365836        1.000000
 -1.354780        1.000000
 -1.343724        1.000000
 -1.332669        1.000000
 -1.321613        1.000000
 -1.310557        1.000000
 -1.299502        1.000000
 -1.288446        1.000000
 -1.277390        1.000000
 -1.266334        1.000000
 -1.255279        1.000000
 -1.244223        1.000000
 -1.233167        1.000000
 -1.222111        1.000000
 -1.211056        1.000000
 -1.200000        1.000000
 -1.188944        1.000000
 -1.177889        1.000000
 -1.166833        1.000000
 -1.155777        1.000000
 -1.144721        1.000000
 -1.133666        1.000000
 -1.122610        1.000000
 -1.111554        1.000000
 -1.100498        1.000000
 -1.089443        1.000000
 -1.078387        1.000000
 -1.067331        1.000000
 -1.056276        1.000000
 -1.045220        1.000000
 -1.034164        1.000000
 -1.023108        1.000000
 -1.012053        1.000000
 -1.000997        1.000000
 -0.989941        1.000000
 -0.978885        1.000000
 -0.960997        1.000000
 -0.943108        1.000000
 -0.925220        1.000000
 -0.907331        1.000000
 -0.889443        1.000000
 -0.871554        1.000000
 -0.853666        1.000000
 -0.835777        1.000000
 -0.817889        1.000000
 -0.800000        1.000000
 -0.782111        1.000000
 -0.764223        1.000000
 -0.746334        1.000000
 -0.728446        1.000000
 -0.710557        1.000000
 -0.692669        1.000000
 -0.674780        1.000000
 -0.656892        1.000000
 -0.639003        1.000000
 -0.621115        1.000000
 -0.610059        1.000000
 -0.599003        1.000000
 -0.587947        1.000000
 -0.576892        1.000000
 -0.565836        1.000000
 -0.554780        1.000000
 -0.543724        1.000000
 -0.532669        1.000000
 -0.521613        1.000000
 -0.510557        1.000000
 -0.499502        1.000000
 -0.488446        1.000000
 -0.477390        1.000000
 -0.466334        1.000000
 -0.455279        1.000000
 -0.444223        1.000000
 -0.433167        1.000000
 -0.422111        1.000000
 -0.411056        1.000000
 -0.400000        1.000000
 -0.388944        1.000000
 -0.377889        1.000000
 -0.366833        1.000000
 -0.355777        1.000000
 -0.344721        1.000000
 -0.333666        1.000000
 -0.322610        1.000000
 -0.311554        1.000000
 -0.300498        1.000000
 -0.289443        1.000000
 -0.278387        1.000000
 -0.267331        1.000000
 -0.256276        1.000000
 -0.245220        1.000000
 -0.234164        1.000000
 -0.223108        1.000000
 -0.212053        1.000000
 -0.200997        1.000000
 -0.189941        1.000000
 -0.178885        1.000000
 -0.160997        1.000000
 -0.143108        1.000000
 -0.125220        1.000000
 -0.107331        1.000000
 -0.089443        1.000000
 -0.071554        1.000000
 -0.053666        1.000000
 -0.035777        1.000000
 -0.017889        1.000000
  0.000000        1.000000
  0.017889        1.000000
  0.035777        1.000000
  0.053666        1.000000
  0.071554        1.000000
  0.089443        1.000000
  0.107331        1.000000
  0.125220        1.000000
  0.143108        1.000000
  0.160997        1.000000
  0.178885        1.000000
  0.189941        1.000000
  0.200997        1.000000
  0.212053        1.000000
  0.223108        1.000000
  0.234164        1.000000
  0.245220        1.000000
  0.256276        1.000000
  0.267331        1.000000
  0.278387        1.000000
  0.289443        1.000000
  0.300498        1.000000
  0.311554        1.000000
  0.322610        1.000000
  0.333666        1.000000
  0.344721        1.000000
  0.355777        1.000000
  0.366833        1.000000
  0.377889        1.000000
  0.388944        1.000000
  0.400000        0.000000
  0.411056        0.000000
  0.422111        0.000000
  0.433167        0.000000
  0.444223        0.000000
  0.455279        0.000000
  0.466334        0.000000
  0.477390        0.000000
  0.488446        0.000000
  0.499502        0.000000
  0.510557        0.000000
  0.521613        0.000000
  0.532669        0.000000
  0.543724        0.000000
  0.554780        0.000000
  0.565836        0.000000
  0.576892        0.000000
  0.587947        0.000000
  0.599003        0.000000
  0.610059        0.000000
  0.621115        0.000000
  0.639003        0.000000
  0.656892        0.000000
  0.674780        0.000000
  0.692669        0.000000
  0.710557        0.000000
  0.728446        0.000000
  0.746334        0.000000
  0.764223        0.000000
  0.782111        0.000000
  0.800000        0.000000
  0.817889        0.000000
  0.835777        0.000000
  0.853666        0.000000
  0.871554        0.000000
  0.889443        0.000000
  0.907331        0.000000
  0.925220        0.000000
  0.943108        0.000000
  0.960997        0.000000
  0.978885        0.000000
  0.989941        0.000000
  1.000997        0.000000
  1.012053        0.000000
  1.023108        0.000000
  1.034164        0.000000
  1.045220        0.000000
  1.056276        0.000000
  1.067331        0.000000
  1.078387        0.000000
  1.089443        0.000000
  1.100498        0.000000
  1.111554        0.000000
  1.122610        0.000000
  1.133666        0.000000
  1.144721        0.000000
  1.155777        0.000000
  1.166833        0.000000
  1.177889        0.000000
  1.188944        0.000000
  1.200000        0.000000
  1.211056        0.000000
  1.222111        0.000000
  1.233167        0.000000
  1.244223        0.000000
  1.255279        0.000000
  1.266334        0.000000
  1.277390        0.000000
  1.288446        0.000000
  1.299502        0.000000
  1.310557        0.000000
  1.321613        0.000000
  1.332669        0.000000
  1.343724        0.000000
  1.354780        0.000000
  1.365836        0.000000
  1.376892        0.000000
  1.387947        0.000000
  1.399003        0.000000
  1.410059        0.000000
  1.421115        0.000000
  1.439003        0.000000
  1.456892        0.000000
  1.474780        0.000000
  1.492669        0.000000
  1.510557        0.000000
  1.528446        0.000000
  1.546334        0.000000
  1.564223        0.000000
  1.582111        0.000000
  1.600000        0.000000
  1.617889        0.000000
  1.635777        0.000000
  1.653666        0.000000
  1.671554        0.000000
  1.689443        0.000000
  1.707331        0.000000
  1.725220        0.000000
  1.743108        0.000000
  1.760997        0.000000
  1.778885        0.000000
  1.789941        0.000000
  1.800997        0.000000
  1.812053        0.000000
  1.823108        0.000000
  1.834164        0.000000
  1.845220        0.000000
  1.856276        0.000000
  1.867331        0.000000
  1.878387        0.000000
  1.889443        0.000000
  1.900498        0.000000
  1.911554        0.000000
  1.922610        0.000000
  1.933666        0.000000
  1.944721        0.000000
  1.955777        0.000000
  1.966833        0.000000
  1.977889        0.000000
  1.988944        0.000000
  2.000000        0.000000
----------  0.400000--------------
 -1.988944        1.000000
 -1.977889        1.000000
 -1.966833        1.000000
 -1.955777        1.000000
 -1.944721        1.000000
 -1.933666        1.000000
 -1.922610        1.000000
 -1.911554        1.000000
 -1.900498        1.000000
 -1.889443        1.000000
 -1.878387        1.000000
 -1.867331        1.000000
 -1.856276        1.000000
 -1.845220        1.000000
 -1.834164        1.000000
 -1.823108        1.000000
 -1.812053        1.000000
 -1.800997        1.000000
 -1.789941        1.000000
 -1.778885        1.000000
 -1.760997        1.000000
 -1.743108        1.000000
 -1.725220        1.000000
 -1.707331        1.000000
 -1.689443        1.000000
 -1.671554        1.000000
 -1.653666        1.000000
 -1.635777        1.000000
 -1.617889        1.000000
 -1.600000        1.000000
 -1.582111        1.000000
 -1.564223        1.000000
 -1.546334        1.000000
 -1.528446        1.000000
 -1.510557        1.000000
 -1.492669        1.000000
 -1.474780        1.000000
 -1.456892        1.000000
 -1.439003        1.000000
 -1.421115        1.000000
 -1.410059        1.000000
 -1.399003        1.000000
 -1.387947        1.000000
 -1.376892        1.000000
 -1.365836        1.000000
 -1.354780        1.000000
 -1.343724        1.000000
 -1.332669        1.000000
 -1.321613        1.000000
 -1.310557        1.000000
 -1.299502        1.000000
 -1.288446        1.000000
 -1.277390        1.000000
 -1.266334        1.000000
 -1.255279        1.000000
 -1.244223        1.000000
 -1.233167        1.000000
 -1.222111        1.000000
 -1.211056        1.000000
 -1.200000        1.000000
 -1.188944        1.000000
 -1.177889        1.000000
 -1.166833        1.000000
 -1.155777        1.000000
 -1.144721        1.000000
 -1.133666        1.000000
 -1.122610        1.000000
 -1.111554        1.000000
 -1.100498        1.000000
 -1.089443        1.000000
 -1.078387        1.000000
 -1.067331        1.000000
 -1.056276        1.000000
 -1.045220        1.000000
 -1.034164        1.000000
 -1.023108        1.000000
 -1.012053        1.000000
 -1.000997        1.000000
 -0.989941        1.000000
 -0.978885        1.000000
 -0.960997        1.000000
 -0.943108        1.000000
 -0.925220        1.000000
 -0.907331        1.000000
 -0.889443        1.000000
 -0.871554        1.000000
 -0.853666        1.000000
 -0.835777        1.000000
 -0.817889        1.000000
 -0.800000        1.000000
 -0.782111        1.000000
 -0.764223        1.000000
 -0.746334        1.000000
 -0.728446        1.000000
 -0.710557        1.000000
 -0.692669        1.000000
 -0.674780        1.000000
 -0.656892        1.000000
 -0.639003        1.000000
 -0.621115        1.000000
 -0.610059        1.000000
 -0.599003        1.000000
 -0.587947        1.000000
 -0.576892        1.000000
 -0.565836        1.000000
 -0.554780        1.000000
 -0.543724        1.000000
 -0.532669        1.000000
 -0.521613        1.000000
 -0.510557        1.000000
 -0.499502        1.000000
 -0.488446        1.000000
 -0.477390        1.000000
 -0.466334        1.000000
 -0.455279        1.000000
 -0.444223        1.000000
 -0.433167        1.000000
 -0.422111        1.000000
 -0.411056        1.000000
 -0.400000        1.000000
 -0.388944        1.000000
 -0.377889        1.000000
 -0.366833        1.000000
 -0.355777        1.000000
 -0.344721        1.000000
 -0.333666        1.000000
 -0.322610        1.000000
 -0.311554        1.000000
 -0.300498        1.000000
 -0.289443        1.000000
 -0.278387        1.000000
 -0.267331        1.000000
 -0.256276        1.000000
 -0.245220        1.000000
 -0.234164        1.000000
 -0.223108        1.000000
 -0.212053        1.000000
 -0.200997        1.000000
 -0.189941        1.000000
 -0.178885        1.000000
 -0.160997        1.000000
 -0.143108        1.000000
 -0.125220        1.000000
 -0.107331        1.000000
 -0.089443        1.000000
 -0.071554        1.000000
 -0.053666        1.000000
 -0.035777        1.000000
 -0.017889        1.000000
  0.000000        1.000000
  0.017889        1.000000
  0.035777        1.000000
  0.053666        1.000000
  0.071554        1.000000
  0.089443        1.000000
  0.107331        1.000000
  0.125220        1.000000
  0.143108        1.000000
  0.160997        1.000000
  0.178885        1.000000
  0.189941        1.000000
  0.200997        1.000000
  0.212053        1.000000
  0.223108        1.000000
  0.234164        1.000000
  0.245220        1.000000
  0.256276        1.000000
  0.267331        1.000000
  0.278387        1.000000
  0.289443        1.000000
  0.300498        1.000000
  0.311554        1.000000
  0.322610        1.000000
  0.333666        1.000000
  0.344721        1.000000
  0.355777        1.000000
  0.366833        1.000000
  0.377889        1.000000
  0.388944        1.000000
  0.400000        1.000000
  0.411056        1.000000
  0.422111        1.000000
  0.433167        1.000000
  0.444223        1.000000
  0.455279        1.000000
  0.466334        1.000000
  0.477390        1.000000
  0.488446        0.000000
  0.499502        0.000000
  0.510557        0.000000
  0.521613        0.000000
  0.532669        0.000000
  0.543724        0.000000
  0.554780        0.000000
  0.565836        0.000000
  0.576892        0.000000
  0.587947        0.000000
  0.599003        0.000000
  0.610059        0.000000
  0.621115        0.000000
  0.639003        0.000000
  0.656892        0.000000
  0.674780        0.000000
  0.692669        0.000000
  0.710557        0.000000
  0.728446        0.000000
  0.746334        0.000000
  0.764223        0.000000
  0.782111        0.000000
  0.800000        0.000000
  0.817889        0.000000
  0.835777        0.000000
  0.853666        0.000000
  0.871554        0.000000
  0.889443        0.000000
  0.907331        0.000000
  0.925220        0.000000
  0.943108        0.000000
  0.960997        0.000000
  0.978885        0.000000
  0.989941        0.000000
  1.000997        0.000000
  1.012053        0.000000
  1.023108        0.000000
  1.034164        0.000000
  1.045220        0.000000
  1.056276        0.000000
  1.067331        0.000000
  1.078387        0.000000
  1.089443        0.000000
  1.100498        0.000000
  1.111554        0.000000
  1.122610        0.000000
  1.133666        0.000000
  1.144721        0.000000
  1.155777        0.000000
  1.166833        0.000000
  1.177889        0.000000
  1.188944        0.000000
  1.200000        0.000000
  1.211056        0.000000
  1.222111        0.000000
  1.233167        0.000000
  1.244223        0.000000
  1.255279        0.000000
  1.266334        0.000000
  1.277390        0.000000
  1.288446        0.000000
  1.299502        0.000000
  1.310557        0.000000
  1.321613        0.000000
  1.332669        0.000000
  1.343724        0.000000
  1.354780        0.000000
  1.365836        0.000000
  1.376892        0.000000
  1.387947        0.000000
  1.399003        0.000000
  1.410059        0.000000
  1.421115        0.000000
  1.439003        0.000000
  1.456892        0.000000
  1.474780        0.000000
  1.492669        0.000000
  1.510557        0.000000
  1.528446        0.000000
  1.546334        0.000000
  1.564223        0.000000
  1.582111        0.000000
  1.600000        0.000000
  1.617889        0.000000
  1.635777        0.000000
  1.653666        0.000000
  1.671554        0.000000
  1.689443        0.000000
  1.707331        0.000000
  1.725220        0.000000
  1.743108        0.000000
  1.760997        0.000000
  1.778885        0.000000
  1.789941        0.000000
  1.800997        0.000000
  1.812053        0.000000
  1.823108        0.000000
  1.834164        0.000000
  1.845220        0.000000
  1.856276        0.000000
  1.867331        0.000000
  1.878387        0.000000
  1.889443        0.000000
  1.900498        0.000000
  1.911554        0.000000
  1.922610        0.000000
  1.933666        0.000000
  1.944721        0.000000
  1.955777        0.000000
  1.966833        0.000000
  1.977889        0.000000
  1.988944        0.000000
  2.000000        0.000000
----------  0.480000--------------
 -1.988944        1.000000
 -1.977889        1.000000
 -1.966833        1.000000
 -1.955777        1.000000
 -1.944721        1.000000
 -1.933666        1.000000
 -1.922610        1.000000
 -1.911554        1.000000
 -1.900498        1.000000
 -1.889443        1.000000
 -1.878387        1.000000
 -1.867331        1.000000
 -1.856276        1.000000
 -1.845220        1.000000
 -1.834164        1.000000
 -1.823108        1.000000
 -1.812053        1.000000
 -1.800997        1.000000
 -1.789941        1.000000
 -1.778885        1.000000
 -1.760997        1.000000
 -1.743108        1.000000
 -1.725220        1.000000
 -1.707331        1.000000
 -1.689443        1.000000
 -1.671554        1.000000
 -1.653666        1.000000
 -1.635777        1.000000
 -1.617889        1.000000
 -1.600000        1.000000
 -1.582111        1.000000
 -1.564223        1.000000
 -1.546334        1.000000
 -1.528446        1.000000
 -1.510557        1.000000
 -1.492669        1.000000
 -1.474780        1.000000
 -1.456892        1.000000
 -1.439003        1.000000
 -1.421115        1.000000
 -1.410059        1.000000
 -1.399003        1.000000
 -1.387947        1.000000
 -1.376892        1.000000
 -1.365836        1.000000
 -1.354780        1.000000
 -1.343724        1.000000
 -1.332669        1.000000
 -1.321613        1.000000
 -1.310557        1.000000
 -1.299502        1.000000
 -1.288446        1.000000
 -1.277390        1.000000
 -1.266334        1.000000
 -1.255279        1.000000
 -1.244223        1.000000
 -1.233167        1.000000
 -1.222111        1.000000
 -1.211056        1.000000
 -1.200000        1.000000
 -1.188944        1.000000
 -1.177889        1.000000
 -1.166833        1.000000
 -1.155777        1.000000
 -1.144721        1.000000
 -1.133666        1.000000
 -1.122610        1.000000
 -1.111554        1.000000
 -1.100498        1.000000
 -1.089443        1.000000
 -1.078387        1.000000
 -1.067331        1.000000
 -1.056276        1.000000
 -1.045220        1.000000
 -1.034164        1.000000
 -1.023108        1.000000
 -1.012053        1.000000
 -1.000997        1.000000
 -0.989941        1.000000
 -0.978885        1.000000
 -0.960997        1.000000
 -0.943108        1.000000
 -0.925220        1.000000
 -0.907331        1.000000
 -0.889443        1.000000
 -0.871554        1.000000
 -0.853666        1.000000
 -0.835777        1.000000
 -0.817889        1.000000
 -0.800000        1.000000
 -0.782111        1.000000
 -0.764223        1.000000
 -0.746334        1.000000
 -0.728446        1.000000
 -0.710557        1.000000
 -0.692669        1.000000
 -0.674780        1.000000
 -0.656892        1.000000
 -0.639003        1.000000
 -0.621115        1.000000
 -0.610059        1.000000
 -0.599003        1.000000
 -0.587947        1.000000
 -0.576892        1.000000
 -0.565836        1.000000
 -0.554780        1.000000
 -0.543724        1.000000
 -0.532669        1.000000
 -0.521613        1.000000
 -0.510557        1.000000
 -0.499502        1.000000
 -0.488446        1.000000
 -0.477390        1.000000
 -0.466334        1.000000
 -0.455279        1.000000
 -0.444223        1.000000
 -0.433167        1.000000
 -0.422111        1.000000
 -0.411056        1.000000
 -0.400000        1.000000
 -0.388944        1.000000
 -0.377889        1.000000
 -0.366833        1.000000
 -0.355777        1.000000
 -0.344721        1.000000
 -0.333666        1.000000
 -0.322610        1.000000
 -0.311554        1.000000
 -0.300498        1.000000
 -0.289443        1.000000
 -0.278387        1.000000
 -0.267331        1.000000
 -0.256276        1.000000
 -0.245220        1.000000
 -0.234164        1.000000
 -0.223108        1.000000
 -0.212053        1.000000
 -0.200997        1.000000
 -0.189941        1.000000
 -0.178885        1.000000
 -0.160997        1.000000
 -0.143108        1.000000
 -0.125220        1.000000
 -0.107331        1.000000
 -0.089443        1.000000
 -0.071554        1.000000
 -0.053666        1.000000
 -0.035777        1.000000
 -0.017889        1.000000
  0.000000        1.000000
  0.017889        1.000000
  0.035777        1.000000
  0.053666        1.000000
  0.071554        1.000000
  0.089443        1.000000
  0.107331        1.000000
  0.125220        1.000000
  0.143108        1.000000
  0.160997        1.000000
  0.178885        1.000000
  0.189941        1.000000
  0.200997        1.000000
  0.212053        1.000000
  0.223108        1.000000
  0.234164        1.000000
  0.245220        1.000000
  0.256276        1.000000
  0.267331        1.000000
  0.278387        1.000000
  0.289443        1.000000
  0.300498        1.000000
  0.311554        1.000000
  0.322610        1.000000
  0.333666        1.000000
  0.344721        1.000000
  0.355777        1.000000
  0.366833        1.000000
  0.377889        1.000000
  0.388944        1.000000
  0.400000        1.000000
  0.411056        1.000000
  0.422111        1.000000
  0.433167        1.000000
  0.444223        1.000000
  0.455279        1.000000
  0.466334        1.000000
  0.477390        1.000000
  0.488446        1.000000
  0.499502        1.000000
  0.510557        1.000000
  0.521613        1.000000
  0.532669        1.000000
  0.543724        1.000000
  0.554780        1.000000
  0.565836        0.000000
  0.576892        0.000000
  0.587947        0.000000
  0.599003        0.000000
  0.610059        0.000000
  0.621115        0.000000
  0.639003        0.000000
  0.656892        0.000000
  0.674780        0.000000
  0.692669        0.000000
  0.710557        0.000000
  0.728446        0.000000
  0.746334        0.000000
  0.764223        0.000000
  0.782111        0.000000
  0.800000        0.000000
  0.817889        0.000000
  0.835777        0.000000
  0.853666        0.000000
  0.871554        0.000000
  0.889443        0.000000
  0.907331        0.000000
  0.925220        0.000000
  0.943108        0.000000
  0.960997        0.000000
  0.978885        0.000000
  0.989941        0.000000
  1.000997        0.000000
  1.012053        0.000000
  1.023108        0.000000
  1.034164        0.000000
  1.045220        0.000000
  1.056276        0.000000
  1.067331        0.000000
  1.078387        0.000000
  1.089443        0.000000
  1.100498        0.000000
  1.111554        0.000000
  1.122610        0.000000
  1.133666        0.000000
  1.144721        0.000000
  1.155777        0.000000
  1.166833        0.000000
  1.177889        0.000000
  1.188944        0.000000
  1.200000        0.000000
  1.211056        0.000000
  1.222111        0.000000
  1.233167        0.000000
  1.244223        0.000000
  1.255279        0.000000
  1.266334        0.000000
  1.277390        0.000000
  1.288446        0.000000
  1.299502        0.000000
  1.310557        0.000000
  1.321613        0.000000
  1.332669        0.000000
  1.343724        0.000000
  1.354780        0.000000
  1.365836        0.000000
  1.376892        0.000000
  1.387947        0.000000
  1.399003        0.000000
  1.410059        0.000000
  1.421115        0.000000
  1.439003        0.000000
  1.456892        0.000000
  1.474780        0.000000
  1.492669        0.000000
  1.510557        0.000000
  1.528446        0.000000
  1.546334        0.000000
  1.564223        0.000000
  1.582111        0.000000
  1.600000        0.000000
  1.617889        0.000000
  1.635777        0.000000
  1.653666        0.000000
  1.671554        0.000000
  1.689443        0.000000
  1.707331        0.000000
  1.725220        0.000000
  1.743108        0.000000
  1.760997        0.000000
  1.778885        0.000000
  1.789941        0.000000
  1.800997        0.000000
  1.812053        0.000000
  1.823108        0.000000
  1.834164        0.000000
  1.845220        0.000000
  1.856276        0.000000
  1.867331        0.000000
  1.878387        0.000000
  1.889443        0.000000
  1.900498        0.000000
  1.911554        0.000000
  1.922610        0.000000
  1.933666        0.000000
  1.944721        0.000000
  1.955777        0.000000
  1.966833        0.000000
  1.977889        0.000000
  1.988944        0.000000
  2.000000        0.000000
----------  0.560000--------------
 -1.988944        1.000000
 -1.977889        1.000000
 -1.966833        1.000000
 -1.955777        1.000000
 -1.944721        1.000000
 -1.933666        1.000000
 -1.922610        1.000000
 -1.911554        1.000000
 -1.900498        1.000000
 -1.889443        1.000000
 -1.878387        1.000000
 -1.867331        1.000000
 -1.856276        1.000000
 -1.845220        1.000000
 -1.834164        1.000000
 -1.823108        1.000000
 -1.812053        1.000000
 -1.800997        1.000000
 -1.789941        1.000000
 -1.778885        1.000000
 -1.760997        1.000000
 -1.743108        1.000000
 -1.725220        1.000000
 -1.707331        1.000000
 -1.689443        1.000000
 -1.671554        1.000000
 -1.653666        1.000000
 -1.635777        1.000000
 -1.617889        1.000000
 -1.600000        1.000000
 -1.582111        1.000000
 -1.564223        1.000000
 -1.546334        1.000000
 -1.528446        1.000000
 -1.510557        1.000000
 -1.492669        1.000000
 -1.474780        1.000000
 -1.456892        1.000000
 -1.439003        1.000000
 -1.421115        1.000000
 -1.410059        1.000000
 -1.399003        1.000000
 -1.387947        1.000000
 -1.376892        1.000000
 -1.365836        1.000000
 -1.354780        1.000000
 -1.343724        1.000000
 -1.332669        1.000000
 -1.321613        1.000000
 -1.310557        1.000000
 -1.299502        1.000000
 -1.288446        1.000000
 -1.277390        1.000000
 -1.266334        1.000000
 -1.255279        1.000000
 -1.244223        1.000000
 -1.233167        1.000000
 -1.222111        1.000000
 -1.211056        1.000000
 -1.200000        1.000000
 -1.188944        1.000000
 -1.177889        1.000000
 -1.166833        1.000000
 -1.155777        1.000000
 -1.144721        1.000000
 -1.133666        1.000000
 -1.122610        1.000000
 -1.111554        1.000000
 -1.100498        1.000000
 -1.089443        1.000000
 -1.078387        1.000000
 -1.067331        1.000000
 -1.056276        1.000000
 -1.045220        1.000000
 -1.034164        1.000000
 -1.023108        1.000000
 -1.012053        1.000000
 -1.000997        1.000000
 -0.989941        1.000000
 -0.978885        1.000000
 -0.960997        1.000000
 -0.943108        1.000000
 -0.925220        1.000000
 -0.907331        1.000000
 -0.889443        1.000000
 -0.871554        1.000000
 -0.853666        1.000000
 -0.835777        1.000000
 -0.817889        1.000000
 -0.800000        1.000000
 -0.782111        1.000000
 -0.764223        1.000000
 -0.746334        1.000000
 -0.728446        1.000000
 -0.710557        1.000000
 -0.692669        1.000000
 -0.674780        1.000000
 -0.656892        1.000000
 -0.639003        1.000000
 -0.621115        1.000000
 -0.610059        1.000000
 -0.599003        1.000000
 -0.587947        1.000000
 -0.576892        1.000000
 -0.565836        1.000000
 -0.554780        1.000000
 -0.543724        1.000000
 -0.532669        1.000000
 -0.521613        1.000000
 -0.510557        1.000000
 -0.499502        1.000000
 -0.488446        1.000000
 -0.477390        1.000000
 -0.466334        1.000000
 -0.455279        1.000000
 -0.444223        1.000000
 -0.433167        1.000000
 -0.422111        1.000000
 -0.411056        1.000000
 -0.400000        1.000000
 -0.388944        1.000000
 -0.377889        1.000000
 -0.366833        1.000000
 -0.355777        1.000000
 -0.344721        1.000000
 -0.333666        1.000000
 -0.322610        1.000000
 -0.311554        1.000000
 -0.300498        1.000000
 -0.289443        1.000000
 -0.278387        1.000000
 -0.267331        1.000000
 -0.256276        1.000000
 -0.245220        1.000000
 -0.234164        1.000000
 -0.223108        1.000000
 -0.212053        1.000000
 -0.200997        1.000000
 -0.189941        1.000000
 -0.178885        1.000000
 -0.160997        1.000000
 -0.143108        1.000000
 -0.125220        1.000000
 -0.107331        1.000000
 -0.089443        1.000000
 -0.071554        1.000000
 -0.053666        1.000000
 -0.035777        1.000000
 -0.017889        1.000000
  0.000000        1.000000
  0.017889        1.000000
  0.035777        1.000000
  0.053666        1.000000
  0.071554        1.000000
  0.089443        1.000000
  0.107331        1.000000
  0.125220        1.000000
  0.143108        1.000000
  0.160997        1.000000
  0.178885        1.000000
  0.189941        1.000000
  0.200997        1.000000
  0.212053        1.000000
  0.223108        1.000000
  0.234164        1.000000
  0.245220        1.000000
  0.256276        1.000000
  0.267331        1.000000
  0.278387        1.000000
  0.289443        1.000000
  0.300498        1.000000
  0.311554        1.000000
  0.322610        1.000000
  0.333666        1.000000
  0.344721        1.000000
  0.355777        1.000000
  0.366833        1.000000
  0.377889        1.000000
  0.388944        1.000000
  0.400000        1.000000
  0.411056        1.000000
  0.422111        1.000000
  0.433167        1.000000
  0.444223        1.000000
  0.455279        1.000000
  0.466334        1.000000
  0.477390        1.000000
  0.488446        1.000000
  0.499502        1.000000
  0.510557        1.000000
  0.521613        1.000000
  0.532669        1.000000
  0.543724        1.000000
  0.554780        1.000000
  0.565836        1.000000
  0.576892        1.000000
  0.587947        1.000000
  0.599003        1.000000
  0.610059        1.000000
  0.621115        1.000000
  0.639003        1.000000
  0.656892        0.000000
  0.674780        0.000000
  0.692669        0.000000
  0.710557        0.000000
  0.728446        0.000000
  0.746334        0.000000
  0.764223        0.000000
  0.782111        0.000000
  0.800000        0.000000
  0.817889        0.000000
  0.835777        0.000000
  0.853666        0.000000
  0.871554        0.000000
  0.889443        0.000000
  0.907331        0.000000
  0.925220        0.000000
  0.943108        0.000000
  0.960997        0.000000
  0.978885        0.000000
  0.989941        0.000000
  1.000997        0.000000
  1.012053        0.000000
  1.023108        0.000000
  1.034164        0.000000
  1.045220        0.000000
  1.056276        0.000000
  1.067331        0.000000
  1.078387        0.000000
  1.089443        0.000000
  1.100498        0.000000
  1.111554        0.000000
  1.122610        0.000000
  1.133666        0.000000
  1.144721        0.000000
  1.155777        0.000000
  1.166833        0.000000
  1.177889        0.000000
  1.188944        0.000000
  1.200000        0.000000
  1.211056        0.000000
  1.222111        0.000000
  1.233167        0.000000
  1.244223        0.000000
  1.255279        0.000000
  1.266334        0.000000
  1.277390        0.000000
  1.288446        0.000000
  1.299502        0.000000
  1.310557        0.000000
  1.321613        0.000000
  1.332669        0.000000
  1.343724        0.000000
  1.354780        0.000000
  1.365836        0.000000
  1.376892        0.000000
  1.387947        0.000000
  1.399003        0.000000
  1.410059        0.000000
  1.421115        0.000000
  1.439003        0.000000
  1.456892        0.000000
  1.474780        0.000000
  1.492669        0.000000
  1.510557        0.000000
  1.528446        0.000000
  1.546334        0.000000
  1.564223        0.000000
  1.582111        0.000000
  1.600000        0.000000
  1.617889        0.000000
  1.635777        0.000000
  1.653666        0.000000
  1.671554        0.000000
  1.689443        0.000000
  1.707331        0.000000
  1.725220        0.000000
  1.743108        0.000000
  1.760997        0.000000
  1.778885        0.000000
  1.789941        0.000000
  1.800997        0.000000
  1.812053        0.000000
  1.823108        0.000000
  1.834164        0.000000
  1.845220        0.000000
  1.856276        0.000000
  1.867331        0.000000
  1.878387        0.000000
  1.889443        0.000000
  1.900498        0.000000
  1.911554        0.000000
  1.922610        0.000000
  1.933666        0.000000
  1.944721        0.000000
  1.955777        0.000000
  1.966833        0.000000
  1.977889        0.000000
  1.988944        0.000000
  2.000000        0.000000
----------  0.640000--------------
 -1.988944        1.000000
 -1.977889        1.000000
 -1.966833        1.000000
 -1.955777        1.000000
 -1.944721        1.000000
 -1.933666        1.000000
 -1.922610        1.000000
 -1.911554        1.000000
 -1.900498        1.000000
 -1.889443        1.000000
 -1.878387        1.000000
 -1.867331        1.000000
 -1.856276        1.000000
 -1.845220        1.000000
 -1.834164        1.000000
 -1.823108        1.000000
 -1.812053        1.000000
 -1.800997        1.000000
 -1.789941        1.000000
 -1.778885        1.000000
 -1.760997        1.000000
 -1.743108        1.000000
 -1.725220        1.000000
 -1.707331        1.000000
 -1.689443        1.000000
 -1.671554        1.000000
 -1.653666        1.000000
 -1.635777        1.000000
 -1.617889        1.000000
 -1.600000        1.000000
 -1.582111        1.000000
 -1.564223        1.000000
 -1.546334        1.000000
 -1.528446        1.000000
 -1.510557        1.000000
 -1.492669        1.000000
 -1.474780        1.000000
 -1.456892        1.000000
 -1.439003        1.000000
 -1.421115        1.000000
 -1.410059        1.000000
 -1.399003        1.000000
 -1.387947        1.000000
 -1.376892        1.000000
 -1.365836        1.000000
 -1.354780        1.000000
 -1.343724        1.000000
 -1.332669        1.000000
 -1.321613        1.000000
 -1.310557        1.000000
 -1.299502        1.000000
 -1.288446        1.000000
 -1.277390        1.000000
 -1.266334        1.000000
 -1.255279        1.000000
 -1.244223        1.000000
 -1.233167        1.000000
 -1.222111        1.000000
 -1.211056        1.000000
 -1.200000        1.000000
 -1.188944        1.000000
 -1.177889        1.000000
 -1.166833        1.000000
 -1.155777        1.000000
 -1.144721        1.000000
 -1.133666        1.000000
 -1.122610        1.000000
 -1.111554        1.000000
 -1.100498        1.000000
 -1.089443        1.000000
 -1.078387        1.000000
 -1.067331        1.000000
 -1.056276        1.000000
 -1.045220        1.000000
 -1.034164        1.000000
 -1.023108        1.000000
 -1.012053        1.000000
 -1.000997        1.000000
 -0.989941        1.000000
 -0.978885        1.000000
 -0.960997        1.000000
 -0.943108        1.000000
 -0.925220        1.000000
 -0.907331        1.000000
 -0.889443        1.000000
 -0.871554        1.000000
 -0.853666        1.000000
 -0.835777        1.000000
 -0.817889        1.000000
 -0.800000        1.000000
 -0.782111        1.000000
 -0.764223        1.000000
 -0.746334        1.000000
 -0.728446        1.000000
 -0.710557        1.000000
 -0.692669        1.000000
 -0.674780        1.000000
 -0.656892        1.000000
 -0.639003        1.000000
 -0.621115        1.000000
 -0.610059        1.000000
 -0.599003        1.000000
 -0.587947        1.000000
 -0.576892        1.000000
 -0.565836        1.000000
 -0.554780        1.000000
 -0.543724        1.000000
 -0.532669        1.000000
 -0.521613        1.000000
 -0.510557        1.000000
 -0.499502        1.000000
 -0.488446        1.000000
 -0.477390        1.000000
 -0.466334        1.000000
 -0.455279        1.000000
 -0.444223        1.000000
 -0.433167        1.000000
 -0.422111        1.000000
 -0.411056        1.000000
 -0.400000        1.000000
 -0.388944        1.000000
 -0.377889        1.000000
 -0.366833        1.000000
 -0.355777        1.000000
 -0.344721        1.000000
 -0.333666        1.000000
 -0.322610        1.000000
 -0.311554        1.000000
 -0.300498        1.000000
 -0.289443        1.000000
 -0.278387        1.000000
 -0.267331        1.000000
 -0.256276        1.000000
 -0.245220        1.000000
 -0.234164        1.000000
 -0.223108        1.000000
 -0.212053        1.000000
 -0.200997        1.000000
 -0.189941        1.000000
 -0.178885        1.000000
 -0.160997        1.000000
 -0.143108        1.000000
 -0.125220        1.000000
 -0.107331        1.000000
 -0.089443        1.000000
 -0.071554        1.000000
 -0.053666        1.000000
 -0.035777        1.000000
 -0.017889        1.000000
  0.000000        1.000000
  0.017889        1.000000
  0.035777        1.000000
  0.053666        1.000000
  0.071554        1.000000
  0.089443        1.000000
  0.107331        1.000000
  0.125220        1.000000
  0.143108        1.000000
  0.160997        1.000000
  0.178885        1.000000
  0.189941        1.000000
  0.200997        1.000000
  0.212053        1.000000
  0.223108        1.000000
  0.234164        1.000000
  0.245220        1.000000
  0.256276        1.000000
  0.267331        1.000000
  0.278387        1.000000
  0.289443        1.000000
  0.300498        1.000000
  0.311554        1.000000
  0.322610        1.000000
  0.333666        1.000000
  0.344721        1.000000
  0.355777        1.000000
  0.366833        1.000000
  0.377889        1.000000
  0.388944        1.000000
  0.400000        1.000000
  0.411056        1.000000
  0.422111        1.000000
  0.433167        1.000000
  0.444223        1.000000
  0.455279        1.000000
  0.466334        1.000000
  0.477390        1.000000
  0.488446        1.000000
  0.499502        1.000000
  0.510557        1.000000
  0.521613        1.000000
  0.532669        1.000000
  0.543724        1.000000
  0.554780        1.000000
  0.565836        1.000000
  0.576892        1.000000
  0.587947        1.000000
  0.599003        1.000000
  0.610059        1.000000
  0.621115        1.000000
  0.639003        1.000000
  0.656892        1.000000
  0.674780        1.000000
  0.692669        1.000000
  0.710557        1.000000
  0.728446        0.000000
  0.746334        0.000000
  0.764223        0.000000
  0.782111        0.000000
  0.800000        0.000000
  0.817889        0.000000
  0.835777        0.000000
  0.853666        0.000000
  0.871554        0.000000
  0.889443        0.000000
  0.907331        0.000000
  0.925220        0.000000
  0.943108        0.000000
  0.960997        0.000000
  0.978885        0.000000
  0.989941        0.000000
  1.000997        0.000000
  1.012053        0.000000
  1.023108        0.000000
  1.034164        0.000000
  1.045220        0.000000
  1.056276        0.000000
  1.067331        0.000000
  1.078387        0.000000
  1.089443        0.000000
  1.100498        0.000000
  1.111554        0.000000
  1.122610        0.000000
  1.133666        0.000000
  1.144721        0.000000
  1.155777        0.000000
  1.166833        0.000000
  1.177889        0.000000
  1.188944        0.000000
  1.200000        0.000000
  1.211056        0.000000
  1.222111        0.000000
  1.233167        0.000000
  1.244223        0.000000
  1.255279        0.000000
  1.266334        0.000000
  1.277390        0.000000
  1.288446        0.000000
  1.299502        0.000000
  1.310557        0.000000
  1.321613        0.000000
  1.332669        0.000000
  1.343724        0.000000
  1.354780        0.000000
  1.365836        0.000000
  1.376892        0.000000
  1.387947        0.000000
  1.399003        0.000000
  1.410059        0.000000
  1.421115        0.000000
  1.439003        0.000000
  1.456892        0.000000
  1.474780        0.000000
  1.492669        0.000000
  1.510557        0.000000
  1.528446        0.000000
  1.546334        0.000000
  1.564223        0.000000
  1.582111        0.000000
  1.600000        0.000000
  1.617889        0.000000
  1.635777        0.000000
  1.653666        0.000000
  1.671554        0.000000
  1.689443        0.000000
  1.707331        0.000000
  1.725220        0.000000
  1.743108        0.000000
  1.760997        0.000000
  1.778885        0.000000
  1.789941        0.000000
  1.800997        0.000000
  1.812053        0.000000
  1.823108        0.000000
  1.834164        0.000000
  1.845220        0.000000
  1.856276        0.000000
  1.867331        0.000000
  1.878387        0.000000
  1.889443        0.000000
  1.900498        0.000000
  1.911554        0.000000
  1.922610        0.000000
  1.933666        0.000000
  1.944721        0.000000
  1.955777        0.000000
  1.966833        0.000000
  1.977889        0.000000
  1.988944        0.000000
  2.000000        0.000000
----------  0.720000--------------
 -1.988944        1.000000
 -1.977889        1.000000
 -1.966833        1.000000
 -1.955777        1.000000
 -1.944721        1.000000
 -1.933666        1.000000
 -1.922610        1.000000
 -1.911554        1.000000
 -1.900498        1.000000
 -1.889443        1.000000
 -1.878387        1.000000
 -1.867331        1.000000
 -1.856276        1.000000
 -1.845220        1.000000
 -1.834164        1.000000
 -1.823108        1.000000
 -1.812053        1.000000
 -1.800997        1.000000
 -1.789941        1.000000
 -1.778885        1.000000
 -1.760997        1.000000
 -1.743108        1.000000
 -1.725220        1.000000
 -1.707331        1.000000
 -1.689443        1.000000
 -1.671554        1.000000
 -1.653666        1.000000
 -1.635777        1.000000
 -1.617889        1.000000
 -1.600000        1.000000
 -1.582111        1.000000
 -1.564223        1.000000
 -1.546334        1.000000
 -1.528446        1.000000
 -1.510557        1.000000
 -1.492669        1.000000
 -1.474780        1.000000
 -1.456892        1.000000
 -1.439003        1.000000
 -1.421115        1.000000
 -1.410059        1.000000
 -1.399003        1.000000
 -1.387947        1.000000
 -1.376892        1.000000
 -1.365836        1.000000
 -1.354780        1.000000
 -1.343724        1.000000
 -1.332669        1.000000
 -1.321613        1.000000
 -1.310557        1.000000
 -1.299502        1.000000
 -1.288446        1.000000
 -1.277390        1.000000
 -1.266334        1.000000
 -1.255279        1.000000
 -1.244223        1.000000
 -1.233167        1.000000
 -1.222111        1.000000
 -1.211056        1.000000
 -1.200000        1.000000
 -1.188944        1.000000
 -1.177889        1.000000
 -1.166833        1.000000
 -1.155777        1.000000
 -1.144721        1.000000
 -1.133666        1.000000
 -1.122610        1.000000
 -1.111554        1.000000
 -1.100498        1.000000
 -1.089443        1.000000
 -1.078387        1.000000
 -1.067331        1.000000
 -1.056276        1.000000
 -1.045220        1.000000
 -1.034164        1.000000
 -1.023108        1.000000
 -1.012053        1.000000
 -1.000997        1.000000
 -0.989941        1.000000
 -0.978885        1.000000
 -0.960997        1.000000
 -0.943108        1.000000
 -0.925220        1.000000
 -0.907331        1.000000
 -0.889443        1.000000
 -0.871554        1.000000
 -0.853666        1.000000
 -0.835777        1.000000
 -0.817889        1.000000
 -0.800000        1.000000
 -0.782111        1.000000
 -0.764223        1.000000
 -0.746334        1.000000
 -0.728446        1.000000
 -0.710557        1.000000
 -0.692669        1.000000
 -0.674780        1.000000
 -0.656892        1.000000
 -0.639003        1.000000
 -0.621115        1.000000
 -0.610059        1.000000
 -0.599003        1.000000
 -0.587947        1.000000
 -0.576892        1.000000
 -0.565836        1.000000
 -0.554780        1.000000
 -0.543724        1.000000
 -0.532669        1.000000
 -0.521613        1.000000
 -0.510557        1.000000
 -0.499502        1.000000
 -0.488446        1.000000
 -0.477390        1.000000
 -0.466334        1.000000
 -0.455279        1.000000
 -0.444223        1.000000
 -0.433167        1.000000
 -0.422111        1.000000
 -0.411056        1.000000
 -0.400000        1.000000
 -0.388944        1.000000
 -0.377889        1.000000
 -0.366833        1.000000
 -0.355777        1.000000
 -0.344721        1.000000
 -0.333666        1.000000
 -0.322610        1.000000
 -0.311554        1.000000
 -0.300498        1.000000
 -0.289443        1.000000
 -0.278387        1.000000
 -0.267331        1.000000
 -0.256276        1.000000
 -0.245220        1.000000
 -0.234164        1.000000
 -0.223108        1.000000
 -0.212053        1.000000
 -0.200997        1.000000
 -0.189941        1.000000
 -0.178885        1.000000
 -0.160997        1.000000
 -0.143108        1.000000
 -0.125220        1.000000
 -0.107331        1.000000
 -0.089443        1.000000
 -0.071554        1.000000
 -0.053666        1.000000
 -0.035777        1.000000
 -0.017889        1.000000
  0.000000        1.000000
  0.017889        1.000000
  0.035777        1.000000
  0.053666        1.000000
  0.071554        1.000000
  0.089443        1.000000
  0.107331        1.000000
  0.125220        1.000000
  0.143108        1.000000
  0.160997        1.000000
  0.178885        1.000000
  0.189941        1.000000
  0.200997        1.000000
  0.212053        1.000000
  0.223108        1.000000
  0.234164        1.000000
  0.245220        1.000000
  0.256276        1.000000
  0.267331        1.000000
  0.278387        1.000000
  0.289443        1.000000
  0.300498        1.000000
  0.311554        1.000000
  0.322610        1.000000
  0.333666        1.000000
  0.344721        1.000000
  0.355777        1.000000
  0.366833        1.000000
  0.377889        1.000000
  0.388944        1.000000
  0.400000        1.000000
  0.411056        1.000000
  0.422111        1.000000
  0.433167        1.000000
  0.444223        1.000000
  0.455279        1.000000
  0.466334        1.000000
  0.477390        1.000000
  0.488446        1.000000
  0.499502        1.000000
  0.510557        1.000000
  0.521613        1.000000
  0.532669        1.000000
  0.543724        1.000000
  0.554780        1.000000
  0.565836        1.000000
  0.576892        1.000000
  0.587947        1.000000
  0.599003        1.000000
  0.610059        1.000000
  0.621115        1.000000
  0.639003        1.000000
  0.656892        1.000000
  0.674780        1.000000
  0.692669        1.000000
  0.710557        1.000000
  0.728446        1.000000
  0.746334        1.000000
  0.764223        1.000000
  0.782111        1.000000
  0.800000        0.000000
  0.817889        0.000000
  0.835777        0.000000
  0.853666        0.000000
  0.871554        0.000000
  0.889443        0.000000
  0.907331        0.000000
  0.925220        0.000000
  0.943108        0.000000
  0.960997        0.000000
  0.978885        0.000000
  0.989941        0.000000
  1.000997        0.000000
  1.012053        0.000000
  1.023108        0.000000
  1.034164        0.000000
  1.045220        0.000000
  1.056276        0.000000
  1.067331        0.000000
  1.078387        0.000000
  1.089443        0.000000
  1.100498        0.000000
  1.111554        0.000000
  1.122610        0.000000
  1.133666        0.000000
  1.144721        0.000000
  1.155777        0.000000
  1.166833        0.000000
  1.177889        0.000000
  1.188944        0.000000
  1.200000        0.000000
  1.211056        0.000000
  1.222111        0.000000
  1.233167        0.000000
  1.244223        0.000000
  1.255279        0.000000
  1.266334        0.000000
  1.277390        0.000000
  1.288446        0.000000
  1.299502        0.000000
  1.310557        0.000000
  1.321613        0.000000
  1.332669        0.000000
  1.343724        0.000000
  1.354780        0.000000
  1.365836        0.000000
  1.376892        0.000000
  1.387947        0.000000
  1.399003        0.000000
  1.410059        0.000000
  1.421115        0.000000
  1.439003        0.000000
  1.456892        0.000000
  1.474780        0.000000
  1.492669        0.000000
  1.510557        0.000000
  1.528446        0.000000
  1.546334        0.000000
  1.564223        0.000000
  1.582111        0.000000
  1.600000        0.000000
  1.617889        0.000000
  1.635777        0.000000
  1.653666        0.000000
  1.671554        0.000000
  1.689443        0.000000
  1.707331        0.000000
  1.725220        0.000000
  1.743108        0.000000
  1.760997        0.000000
  1.778885        0.000000
  1.789941        0.000000
  1.800997        0.000000
  1.812053        0.000000
  1.823108        0.000000
  1.834164        0.000000
  1.845220        0.000000
  1.856276        0.000000
  1.867331        0.000000
  1.878387        0.000000
  1.889443        0.000000
  1.900498        0.000000
  1.911554        0.000000
  1.922610        0.000000
  1.933666        0.000000
  1.944721        0.000000
  1.955777        0.000000
  1.966833        0.000000
  1.977889        0.000000
  1.988944        0.000000
  2.000000        0.000000
----------  0.800000--------------
 -1.988944        1.000000
 -1.977889        1.000000
 -1.966833        1.000000
 -1.955777        1.000000
 -1.944721        1.000000
 -1.933666        1.000000
 -1.922610        1.000000
 -1.911554        1.000000
 -1.900498        1.000000
 -1.889443        1.000000
 -1.878387        1.000000
 -1.867331        1.000000
 -1.856276        1.000000
 -1.845220        1.000000
 -1.834164        1.000000
 -1.823108        1.000000
 -1.812053        1.000000
 -1.800997        1.000000
 -1.789941        1.000000
 -1.778885        1.000000
 -1.760997        1.000000
 -1.743108        1.000000
 -1.725220        1.000000
 -1.707331        1.000000
 -1.689443        1.000000
 -1.671554        1.000000
 -1.653666        1.000000
 -1.635777        1.000000
 -1.617889        1.000000
 -1.600000        1.000000
 -1.582111        1.000000
 -1.564223        1.000000
 -1.546334        1.000000
 -1.528446        1.000000
 -1.510557        1.000000
 -1.492669        1.000000
 -1.474780        1.000000
 -1.456892        1.000000
 -1.439003        1.000000
 -1.421115        1.000000
 -1.410059        1.000000
 -1.399003        1.000000
 -1.387947        1.000000
 -1.376892        1.000000
 -1.365836        1.000000
 -1.354780        1.000000
 -1.343724        1.000000
 -1.332669        1.000000
 -1.321613        1.000000
 -1.310557        1.000000
 -1.299502        1.000000
 -1.288446        1.000000
 -1.277390        1.000000
 -1.266334        1.000000
 -1.255279        1.000000
 -1.244223        1.000000
 -1.233167        1.000000
 -1.222111        1.000000
 -1.211056        1.000000
 -1.200000        1.000000
 -1.188944        1.000000
 -1.177889        1.000000
 -1.166833        1.000000
 -1.155777        1.000000
 -1.144721        1.000000
 -1.133666        1.000000
 -1.122610        1.000000
 -1.111554        1.000000
 -1.100498        1.000000
 -1.089443        1.000000
 -1.078387        1.000000
 -1.067331        1.000000
 -1.056276        1.000000
 -1.045220        1.000000
 -1.034164        1.000000
 -1.023108        1.000000
 -1.012053        1.000000
 -1.000997        1.000000
 -0.989941        1.000000
 -0.978885        1.000000
 -0.960997        1.000000
 -0.943108        1.000000
 -0.925220        1.000000
 -0.907331        1.000000
 -0.889443        1.000000
 -0.871554        1.000000
 -0.853666        1.000000
 -0.835777        1.000000
 -0.817889        1.000000
 -0.800000        1.000000
 -0.782111        1.000000
 -0.764223        1.000000
 -0.746334        1.000000
 -0.728446        1.000000
 -0.710557        1.000000
 -0.692669        1.000000
 -0.674780        1.000000
 -0.656892        1.000000
 -0.639003        1.000000
 -0.621115        1.000000
 -0.610059        1.000000
 -0.599003        1.000000
 -0.587947        1.000000
 -0.576892        1.000000
 -0.565836        1.000000
 -0.554780        1.000000
 -0.543724        1.000000
 -0.532669        1.000000
 -0.521613        1.000000
 -0.510557        1.000000
 -0.499502        1.000000
 -0.488446        1.000000
 -0.477390        1.000000
 -0.466334        1.000000
 -0.455279        1.000000
 -0.444223        1.000000
 -0.433167        1.000000
 -0.422111        1.000000
 -0.411056        1.000000
 -0.400000        1.000000
 -0.388944        1.000000
 -0.377889        1.000000
 -0.366833        1.000000
 -0.355777        1.000000
 -0.344721        1.000000
 -0.333666        1.000000
 -0.322610        1.000000
 -0.311554        1.000000
 -0.300498        1.000000
 -0.289443        1.000000
 -0.278387        1.000000
 -0.267331        1.000000
 -0.256276        1.000000
 -0.245220        1.000000
 -0.234164        1.000000
 -0.223108        1.000000
 -0.212053        1.000000
 -0.200997        1.000000
 -0.189941        1.000000
 -0.178885        1.000000
 -0.160997        1.000000
 -0.143108        1.000000
 -0.125220        1.000000
 -0.107331        1.000000
 -0.089443        1.000000
 -0.071554        1.000000
 -0.053666        1.000000
 -0.035777        1.000000
 -0.017889        1.000000
  0.000000        1.000000
  0.017889        1.000000
  0.035777        1.000000
  0.053666        1.000000
  0.071554        1.000000
  0.089443        1.000000
  0.107331        1.000000
  0.125220        1.000000
  0.143108        1.000000
  0.160997        1.000000
  0.178885        1.000000
  0.189941        1.000000
  0.200997        1.000000
  0.212053        1.000000
  0.223108        1.000000
  0.234164        1.000000
  0.245220        1.000000
  0.256276        1.000000
  0.267331        1.000000
  0.278387        1.000000
  0.289443        1.000000
  0.300498        1.000000
  0.311554        1.000000
  0.322610        1.000000
  0.333666        1.000000
  0.344721        1.000000
  0.355777        1.000000
  0.366833        1.000000
  0.377889        1.000000
  0.388944        1.000000
  0.400000        1.000000
  0.411056        1.000000
  0.422111        1.000000
  0.433167        1.000000
  0.444223        1.000000
  0.455279        1.000000
  0.466334        1.000000
  0.477390        1.000000
  0.488446        1.000000
  0.499502        1.000000
  0.510557        1.000000
  0.521613        1.000000
  0.532669        1.000000
  0.543724        1.000000
  0.554780        1.000000
  0.565836        1.000000
  0.576892        1.000000
  0.587947        1.000000
  0.599003        1.000000
  0.610059        1.000000
  0.621115        1.000000
  0.639003        1.000000
  0.656892        1.000000
  0.674780        1.000000
  0.692669        1.000000
  0.710557        1.000000
  0.728446        1.000000
  0.746334        1.000000
  0.764223        1.000000
  0.782111        1.000000
  0.800000        1.000000
  0.817889        1.000000
  0.835777        1.000000
  0.853666        1.000000
  0.871554        1.000000
  0.889443        0.000000
  0.907331        0.000000
  0.925220        0.000000
  0.943108        0.000000
  0.960997        0.000000
  0.978885        0.000000
  0.989941        0.000000
  1.000997        0.000000
  1.012053        0.000000
  1.023108        0.000000
  1.034164        0.000000
  1.045220        0.000000
  1.056276        0.000000
  1.067331        0.000000
  1.078387        0.000000
  1.089443        0.000000
  1.100498        0.000000
  1.111554        0.000000
  1.122610        0.000000
  1.133666        0.000000
  1.144721        0.000000
  1.155777        0.000000
  1.166833        0.000000
  1.177889        0.000000
  1.188944        0.000000
  1.200000        0.000000
  1.211056        0.000000
  1.222111        0.000000
  1.233167        0.000000
  1.244223        0.000000
  1.255279        0.000000
  1.266334        0.000000
  1.277390        0.000000
  1.288446        0.000000
  1.299502        0.000000
  1.310557        0.000000
  1.321613        0.000000
  1.332669        0.000000
  1.343724        0.000000
  1.354780        0.000000
  1.365836        0.000000
  1.376892        0.000000
  1.387947        0.000000
  1.399003        0.000000
  1.410059        0.000000
  1.421115        0.000000
  1.439003        0.000000
  1.456892        0.000000
  1.474780        0.000000
  1.492669        0.000000
  1.510557        0.000000
  1.528446        0.000000
  1.546334        0.000000
  1.564223        0.000000
  1.582111        0.000000
  1.600000        0.000000
  1.617889        0.000000
  1.635777        0.000000
  1.653666        0.000000
  1.671554        0.000000
  1.689443        0.000000
  1.707331        0.000000
  1.725220        0.000000
  1.743108        0.000000
  1.760997        0.000000
  1.778885        0.000000
  1.789941        0.000000
  1.800997        0.000000
  1.812053        0.000000
  1.823108        0.000000
  1.834164        0.000000
  1.845220        0.000000
  1.856276        0.000000
  1.867331        0.000000
  1.878387        0.000000
  1.889443        0.000000
  1.900498        0.000000
  1.911554        0.000000
  1.922610        0.000000
  1.933666        0.000000
  1.944721        0.000000
  1.955777        0.000000
  1.966833        0.000000
  1.977889        0.000000
  1.988944        0.000000
  2.000000        0.000000
----------  0.880000--------------
 -1.988944        1.000000
 -1.977889        1.000000
 -1.966833        1.000000
 -1.955777        1.000000
 -1.944721        1.000000
 -1.933666        1.000000
 -1.922610        1.000000
 -1.911554        1.000000
 -1.900498        1.000000
 -1.889443        1.000000
 -1.878387        1.000000
 -1.867331        1.000000
 -1.856276        1.000000
 -1.845220        1.000000
 -1.834164        1.000000
 -1.823108        1.000000
 -1.812053        1.000000
 -1.800997        1.000000
 -1.789941        1.000000
 -1.778885        1.000000
 -1.760997        1.000000
 -1.743108        1.000000
 -1.725220        1.000000
 -1.707331        1.000000
 -1.689443        1.000000
 -1.671554        1.000000
 -1.653666        1.000000
 -1.635777        1.000000
 -1.617889        1.000000
 -1.600000        1.000000
 -1.582111        1.000000
 -1.564223        1.000000
 -1.546334        1.000000
 -1.528446        1.000000
 -1.510557        1.000000
 -1.492669        1.000000
 -1.474780        1.000000
 -1.456892        1.000000
 -1.439003        1.000000
 -1.421115        1.000000
 -1.410059        1.000000
 -1.399003        1.000000
 -1.387947        1.000000
 -1.376892        1.000000
 -1.365836        1.000000
 -1.354780        1.000000
 -1.343724        1.000000
 -1.332669        1.000000
 -1.321613        1.000000
 -1.310557        1.000000
 -1.299502        1.000000
 -1.288446        1.000000
 -1.277390        1.000000
 -1.266334        1.000000
 -1.255279        1.000000
 -1.244223        1.000000
 -1.233167        1.000000
 -1.222111        1.000000
 -1.211056        1.000000
 -1.200000        1.000000
 -1.188944        1.000000
 -1.177889        1.000000
 -1.166833        1.000000
 -1.155777        1.000000
 -1.144721        1.000000
 -1.133666        1.000000
 -1.122610        1.000000
 -1.111554        1.000000
 -1.100498        1.000000
 -1.089443        1.000000
 -1.078387        1.000000
 -1.067331        1.000000
 -1.056276        1.000000
 -1.045220        1.000000
 -1.034164        1.000000
 -1.023108        1.000000
 -1.012053        1.000000
 -1.000997        1.000000
 -0.989941        1.000000
 -0.978885        1.000000
 -0.960997        1.000000
 -0.943108        1.000000
 -0.925220        1.000000
 -0.907331        1.000000
 -0.889443        1.000000
 -0.871554        1.000000
 -0.853666        1.000000
 -0.835777        1.000000
 -0.817889        1.000000
 -0.800000        1.000000
 -0.782111        1.000000
 -0.764223        1.000000
 -0.746334        1.000000
 -0.728446        1.000000
 -0.710557        1.000000
 -0.692669        1.000000
 -0.674780        1.000000
 -0.656892        1.000000
 -0.639003        1.000000
 -0.621115        1.000000
 -0.610059        1.000000
 -0.599003        1.000000
 -0.587947        1.000000
 -0.576892        1.000000
 -0.565836        1.000000
 -0.554780        1.000000
 -0.543724        1.000000
 -0.532669        1.000000
 -0.521613        1.000000
 -0.510557        1.000000
 -0.499502        1.000000
 -0.488446        1.000000
 -0.477390        1.000000
 -0.466334        1.000000
 -0.455279        1.000000
 -0.444223        1.000000
 -0.433167        1.000000
 -0.422111        1.000000
 -0.411056        1.000000
 -0.400000        1.000000
 -0.388944        1.000000
 -0.377889        1.000000
 -0.366833        1.000000
 -0.355777        1.000000
 -0.344721        1.000000
 -0.333666        1.000000
 -0.322610        1.000000
 -0.311554        1.000000
 -0.300498        1.000000
 -0.289443        1.000000
 -0.278387        1.000000
 -0.267331        1.000000
 -0.256276        1.000000
 -0.245220        1.000000
 -0.234164        1.000000
 -0.223108        1.000000
 -0.212053        1.000000
 -0.200997        1.000000
 -0.189941        1.000000
 -0.178885        1.000000
 -0.160997        1.000000
 -0.143108        1.000000
 -0.125220        1.000000
 -0.107331        1.000000
 -0.089443        1.000000
 -0.071554        1.000000
 -0.053666        1.000000
 -0.035777        1.000000
 -0.017889        1.000000
  0.000000        1.000000
  0.017889        1.000000
  0.035777        1.000000
  0.053666        1.000000
  0.071554        1.000000
  0.089443        1.000000
  0.107331        1.000000
  0.125220        1.000000
  0.143108        1.000000
  0.160997        1.000000
  0.178885        1.000000
  0.189941        1.000000
  0.200997        1.000000
  0.212053        1.000000
  0.223108        1.000000
  0.234164        1.000000
  0.245220        1.000000
  0.256276        1.000000
  0.267331        1.000000
  0.278387        1.000000
  0.289443        1.000000
  0.300498        1.000000
  0.311554        1.000000
  0.322610        1.000000
  0.333666        1.000000
  0.344721        1.000000
  0.355777        1.000000
  0.366833        1.000000
  0.377889        1.000000
  0.388944        1.000000
  0.400000        1.000000
  0.411056        1.000000
  0.422111        1.000000
  0.433167        1.000000
  0.444223        1.000000
  0.455279        1.000000
  0.466334        1.000000
  0.477390        1.000000
  0.488446        1.000000
  0.499502        1.000000
  0.510557        1.000000
  0.521613        1.000000
  0.532669        1.000000
  0.543724        1.000000
  0.554780        1.000000
  0.565836        1.000000
  0.576892        1.000000
  0.587947        1.000000
  0.599003        1.000000
  0.610059        1.000000
  0.621115        1.000000
  0.639003        1.000000
  0.656892        1.000000
  0.674780        1.000000
  0.692669        1.000000
  0.710557        1.000000
  0.728446        1.000000
  0.746334        1.000000
  0.764223        1.000000
  0.782111        1.000000
  0.800000        1.000000
  0.817889        1.000000
  0.835777        1.000000
  0.853666        1.000000
  0.871554        1.000000
  0.889443        1.000000
  0.907331        1.000000
  0.925220        1.000000
  0.943108        1.000000
  0.960997        0.000000
  0.978885        0.000000
  0.989941        0.000000
  1.000997        0.000000
  1.012053        0.000000
  1.023108        0.000000
  1.034164        0.000000
  1.045220        0.000000
  1.056276        0.000000
  1.067331        0.000000
  1.078387        0.000000
  1.089443        0.000000
  1.100498        0.000000
  1.111554        0.000000
  1.122610        0.000000
  1.133666        0.000000
  1.144721        0.000000
  1.155777        0.000000
  1.166833        0.000000
  1.177889        0.000000
  1.188944        0.000000
  1.200000        0.000000
  1.211056        0.000000
  1.222111        0.000000
  1.233167        0.000000
  1.244223        0.000000
  1.255279        0.000000
  1.266334        0.000000
  1.277390        0.000000
  1.288446        0.000000
  1.299502        0.000000
  1.310557        0.000000
  1.321613        0.000000
  1.332669        0.000000
  1.343724        0.000000
  1.354780        0.000000
  1.365836        0.000000
  1.376892        0.000000
  1.387947        0.000000
  1.399003        0.000000
  1.410059        0.000000
  1.421115        0.000000
  1.439003        0.000000
  1.456892        0.000000
  1.474780        0.000000
  1.492669        0.000000
  1.510557        0.000000
  1.528446        0.000000
  1.546334        0.000000
  1.564223        0.000000
  1.582111        0.000000
  1.600000        0.000000
  1.617889        0.000000
  1.635777        0.000000
  1.653666        0.000000
  1.671554        0.000000
  1.689443        0.000000
  1.707331        0.000000
  1.725220        0.000000
  1.743108        0.000000
  1.760997        0.000000
  1.778885        0.000000
  1.789941        0.000000
  1.800997        0.000000
  1.812053        0.000000
  1.823108        0.000000
  1.834164        0.000000
  1.845220        0.000000
  1.856276        0.000000
  1.867331        0.000000
  1.878387        0.000000
  1.889443        0.000000
  1.900498        0.000000
  1.911554        0.000000
  1.922610        0.000000
  1.933666        0.000000
  1.944721        0.000000
  1.955777        0.000000
  1.966833        0.000000
  1.977889        0.000000
  1.988944        0.000000
  2.000000        0.000000
----------  0.960000--------------
 -1.988944        1.000000
 -1.977889        1.000000
 -1.966833        1.000000
 -1.955777        1.000000
 -1.944721        1.000000
 -1.933666        1.000000
 -1.922610        1.000000
 -1.911554        1.000000
 -1.900498        1.000000
 -1.889443        1.000000
 -1.878387        1.000000
 -1.867331        1.000000
 -1.856276        1.000000
 -1.845220        1.000000
 -1.834164        1.000000
 -1.823108        1.000000
 -1.812053        1.000000
 -1.800997        1.000000
 -1.789941        1.000000
 -1.778885        1.000000
 -1.760997        1.000000
 -1.743108        1.000000
 -1.725220        1.000000
 -1.707331        1.000000
 -1.689443        1.000000
 -1.671554        1.000000
 -1.653666        1.000000
 -1.635777        1.000000
 -1.617889        1.000000
 -1.600000        1.000000
 -1.582111        1.000000
 -1.564223        1.000000
 -1.546334        1.000000
 -1.528446        1.000000
 -1.510557        1.000000
 -1.492669        1.000000
 -1.474780        1.000000
 -1.456892        1.000000
 -1.439003        1.000000
 -1.421115        1.000000
 -1.410059        1.000000
 -1.399003        1.000000
 -1.387947        1.000000
 -1.376892        1.000000
 -1.365836        1.000000
 -1.354780        1.000000
 -1.343724        1.000000
 -1.332669        1.000000
 -1.321613        1.000000
 -1.310557        1.000000
 -1.299502        1.000000
 -1.288446        1.000000
 -1.277390        1.000000
 -1.266334        1.000000
 -1.255279        1.000000
 -1.244223        1.000000
 -1.233167        1.000000
 -1.222111        1.000000
 -1.211056        1.000000
 -1.200000        1.000000
 -1.188944        1.000000
 -1.177889        1.000000
 -1.166833        1.000000
 -1.155777        1.000000
 -1.144721        1.000000
 -1.133666        1.000000
 -1.122610        1.000000
 -1.111554        1.000000
 -1.100498        1.000000
 -1.089443        1.000000
 -1.078387        1.000000
 -1.067331        1.000000
 -1.056276        1.000000
 -1.045220        1.000000
 -1.034164        1.000000
 -1.023108        1.000000
 -1.012053        1.000000
 -1.000997        1.000000
 -0.989941        1.000000
 -0.978885        1.000000
 -0.960997        1.000000
 -0.943108        1.000000
 -0.925220        1.000000
 -0.907331        1.000000
 -0.889443        1.000000
 -0.871554        1.000000
 -0.853666        1.000000
 -0.835777        1.000000
 -0.817889        1.000000
 -0.800000        1.000000
 -0.782111        1.000000
 -0.764223        1.000000
 -0.746334        1.000000
 -0.728446        1.000000
 -0.710557        1.000000
 -0.692669        1.000000
 -0.674780        1.000000
 -0.656892        1.000000
 -0.639003        1.000000
 -0.621115        1.000000
 -0.610059        1.000000
 -0.599003        1.000000
 -0.587947        1.000000
 -0.576892        1.000000
 -0.565836        1.000000
 -0.554780        1.000000
 -0.543724        1.000000
 -0.532669        1.000000
 -0.521613        1.000000
 -0.510557        1.000000
 -0.499502        1.000000
 -0.488446        1.000000
 -0.477390        1.000000
 -0.466334        1.000000
 -0.455279        1.000000
 -0.444223        1.000000
 -0.433167        1.000000
 -0.422111        1.000000
 -0.411056        1.000000
 -0.400000        1.000000
 -0.388944        1.000000
 -0.377889        1.000000
 -0.366833        1.000000
 -0.355777        1.000000
 -0.344721        1.000000
 -0.333666        1.000000
 -0.322610        1.000000
 -0.311554        1.000000
 -0.300498        1.000000
 -0.289443        1.000000
 -0.278387        1.000000
 -0.267331        1.000000
 -0.256276        1.000000
 -0.245220        1.000000
 -0.234164        1.000000
 -0.223108        1.000000
 -0.212053        1.000000
 -0.200997        1.000000
 -0.189941        1.000000
 -0.178885        1.000000
 -0.160997        1.000000
 -0.143108        1.000000
 -0.125220        1.000000
 -0.107331        1.000000
 -0.089443        1.000000
 -0.071554        1.000000
 -0.053666        1.000000
 -0.035777        1.000000
 -0.017889        1.000000
  0.000000        1.000000
  0.017889        1.000000
  0.035777        1.000000
  0.053666        1.000000
  0.071554        1.000000
  0.089443        1.000000
  0.107331        1.000000
  0.125220        1.000000
  0.143108        1.000000
  0.160997        1.000000
  0.178885        1.000000
  0.189941        1.000000
  0.200997        1.000000
  0.212053        1.000000
  0.223108        1.000000
  0.234164        1.000000
  0.245220        1.000000
  0.256276        1.000000
  0.267331        1.000000
  0.278387        1.000000
  0.289443        1.000000
  0.300498        1.000000
  0.311554        1.000000
  0.322610        1.000000
  0.333666        1.000000
  0.344721        1.000000
  0.355777        1.000000
  0.366833        1.000000
  0.377889        1.000000
  0.388944        1.000000
  0.400000        1.000000
  0.411056        1.000000
  0.422111        1.000000
  0.433167        1.000000
  0.444223        1.000000
  0.455279        1.000000
  0.466334        1.000000
  0.477390        1.000000
  0.488446        1.000000
  0.499502        1.000000
  0.510557        1.000000
  0.521613        1.000000
  0.532669        1.000000
  0.543724        1.000000
  0.554780        1.000000
  0.565836        1.000000
  0.576892        1.000000
  0.587947        1.000000
  0.599003        1.000000
  0.610059        1.000000
  0.621115        1.000000
  0.639003        1.000000
  0.656892        1.000000
  0.674780        1.000000
  0.692669        1.000000
  0.710557        1.000000
  0.728446        1.000000
  0.746334        1.000000
  0.764223        1.000000
  0.782111        1.000000
  0.800000        1.000000
  0.817889        1.000000
  0.835777        1.000000
  0.853666        1.000000
  0.871554        1.000000
  0.889443        1.000000
  0.907331        1.000000
  0.925220        1.000000
  0.943108        1.000000
  0.960997        1.000000
  0.978885        1.000000
  0.989941        1.000000
  1.000997        1.000000
  1.012053        1.000000
  1.023108        1.000000
  1.034164        1.000000
  1.045220        0.000000
  1.056276        0.000000
  1.067331        0.000000
  1.078387        0.000000
  1.089443        0.000000
  1.100498        0.000000
  1.111554        0.000000
  1.122610        0.000000
  1.133666        0.000000
  1.144721        0.000000
  1.155777        0.000000
  1.166833        0.000000
  1.177889        0.000000
  1.188944        0.000000
  1.200000        0.000000
  1.211056        0.000000
  1.222111        0.000000
  1.233167        0.000000
  1.244223        0.000000
  1.255279        0.000000
  1.266334        0.000000
  1.277390        0.000000
  1.288446        0.000000
  1.299502        0.000000
  1.310557        0.000000
  1.321613        0.000000
  1.332669        0.000000
  1.343724        0.000000
  1.354780        0.000000
  1.365836        0.000000
  1.376892        0.000000
  1.387947        0.000000
  1.399003        0.000000
  1.410059        0.000000
  1.421115        0.000000
  1.439003        0.000000
  1.456892        0.000000
  1.474780        0.000000
  1.492669        0.000000
  1.510557        0.000000
  1.528446        0.000000
  1.546334        0.000000
  1.564223        0.000000
  1.582111        0.000000
  1.600000        0.000000
  1.617889        0.000000
  1.635777        0.000000
  1.653666        0.000000
  1.671554        0.000000
  1.689443        0.000000
  1.707331        0.000000
  1.725220        0.000000
  1.743108        0.000000
  1.760997        0.000000
  1.778885        0.000000
  1.789941        0.000000
  1.800997        0.000000
  1.812053        0.000000
  1.823108        0.000000
  1.834164        0.000000
  1.845220        0.000000
  1.856276        0.000000
  1.867331        0.000000
  1.878387        0.000000
  1.889443        0.000000
  1.900498        0.000000
  1.911554        0.000000
  1.922610        0.000000
  1.933666        0.000000
  1.944721        0.000000
  1.955777        0.000000
  1.966833        0.000000
  1.977889        0.000000
  1.988944        0.000000
  2.000000        0.000000
----------  1.040000--------------
 -1.988944        1.000000
 -1.977889        1.000000
 -1.966833        1.000000
 -1.955777        1.000000
 -1.944721        1.000000
 -1.933666        1.000000
 -1.922610        1.000000
 -1.911554        1.000000
 -1.900498        1.000000
 -1.889443        1.000000
 -1.878387        1.000000
 -1.867331        1.000000
 -1.856276        1.000000
 -1.845220        1.000000
 -1.834164        1.000000
 -1.823108        1.000000
 -1.812053        1.000000
 -1.800997        1.000000
 -1.789941        1.000000
 -1.778885        1.000000
 -1.760997        1.000000
 -1.743108        1.000000
 -1.725220        1.000000
 -1.707331        1.000000
 -1.689443        1.000000
 -1.671554        1.000000
 -1.653666        1.000000
 -1.635777        1.000000
 -1.617889        1.000000
 -1.600000        1.000000
 -1.582111        1.000000
 -1.564223        1.000000
 -1.546334        1.000000
 -1.528446        1.000000
 -1.510557        1.000000
 -1.492669        1.000000
 -1.474780        1.000000
 -1.456892        1.000000
 -1.439003        1.000000
 -1.421115        1.000000
 -1.410059        1.000000
 -1.399003        1.000000
 -1.387947        1.000000
 -1.376892        1.000000
 -1.365836        1.000000
 -1.354780        1.000000
 -1.343724        1.000000
 -1.332669        1.000000
 -1.321613        1.000000
 -1.310557        1.000000
 -1.299502        1.000000
 -1.288446        1.000000
 -1.277390        1.000000
 -1.266334        1.000000
 -1.255279        1.000000
 -1.244223        1.000000
 -1.233167        1.000000
 -1.222111        1.000000
 -1.211056        1.000000
 -1.200000        1.000000
 -1.188944        1.000000
 -1.177889        1.000000
 -1.166833        1.000000
 -1.155777        1.000000
 -1.144721        1.000000
 -1.133666        1.000000
 -1.122610        1.000000
 -1.111554        1.000000
 -1.100498        1.000000
 -1.089443        1.000000
 -1.078387        1.000000
 -1.067331        1.000000
 -1.056276        1.000000
 -1.045220        1.000000
 -1.034164        1.000000
 -1.023108        1.000000
 -1.012053        1.000000
 -1.000997        1.000000
 -0.989941        1.000000
 -0.978885        1.000000
 -0.960997        1.000000
 -0.943108        1.000000
 -0.925220        1.000000
 -0.907331        1.000000
 -0.889443        1.000000
 -0.871554        1.000000
 -0.853666        1.000000
 -0.835777        1.000000
 -0.817889        1.000000
 -0.800000        1.000000
 -0.782111        1.000000
 -0.764223        1.000000
 -0.746334        1.000000
 -0.728446        1.000000
 -0.710557        1.000000
 -0.692669        1.000000
 -0.674780        1.000000
 -0.656892        1.000000
 -0.639003        1.000000
 -0.621115        1.000000
 -0.610059        1.000000
 -0.599003        1.000000
 -0.587947        1.000000
 -0.576892        1.000000
 -0.565836        1.000000
 -0.554780        1.000000
 -0.543724        1.000000
 -0.532669        1.000000
 -0.521613        1.000000
 -0.510557        1.000000
 -0.499502        1.000000
 -0.488446        1.000000
 -0.477390        1.000000
 -0.466334        1.000000
 -0.455279        1.000000
 -0.444223        1.000000
 -0.433167        1.000000
 -0.422111        1.000000
 -0.411056        1.000000
 -0.400000        1.000000
 -0.388944        1.000000
 -0.377889        1.000000
 -0.366833        1.000000
 -0.355777        1.000000
 -0.344721        1.000000
 -0.333666        1.000000
 -0.322610        1.000000
 -0.311554        1.000000
 -0.300498        1.000000
 -0.289443        1.000000
 -0.278387        1.000000
 -0.267331        1.000000
 -0.256276        1.000000
 -0.245220        1.000000
 -0.234164        1.000000
 -0.223108        1.000000
 -0.212053        1.000000
 -0.200997        1.000000
 -0.189941        1.000000
 -0.178885        1.000000
 -0.160997        1.000000
 -0.143108        1.000000
 -0.125220        1.000000
 -0.107331        1.000000
 -0.089443        1.000000
 -0.071554        1.000000
 -0.053666        1.000000
 -0.035777        1.000000
 -0.017889        1.000000
  0.000000        1.000000
  0.017889        1.000000
  0.035777        1.000000
  0.053666        1.000000
  0.071554        1.000000
  0.089443        1.000000
  0.107331        1.000000
  0.125220        1.000000
  0.143108        1.000000
  0.160997        1.000000
  0.178885        1.000000
  0.189941        1.000000
  0.200997        1.000000
  0.212053        1.000000
  0.223108        1.000000
  0.234164        1.000000
  0.245220        1.000000
  0.256276        1.000000
  0.267331        1.000000
  0.278387        1.000000
  0.289443        1.000000
  0.300498        1.000000
  0.311554        1.000000
  0.322610        1.000000
  0.333666        1.000000
  0.344721        1.000000
  0.355777        1.000000
  0.366833        1.000000
  0.377889        1.000000
  0.388944        1.000000
  0.400000        1.000000
  0.411056        1.000000
  0.422111        1.000000
  0.433167        1.000000
  0.444223        1.000000
  0.455279        1.000000
  0.466334        1.000000
  0.477390        1.000000
  0.488446        1.000000
  0.499502        1.000000
  0.510557        1.000000
  0.521613        1.000000
  0.532669        1.000000
  0.543724        1.000000
  0.554780        1.000000
  0.565836        1.000000
  0.576892        1.000000
  0.587947        1.000000
  0.599003        1.000000
  0.610059        1.000000
  0.621115        1.000000
  0.639003        1.000000
  0.656892        1.000000
  0.674780        1.000000
  0.692669        1.000000
  0.710557        1.000000
  0.728446        1.000000
  0.746334        1.000000
  0.764223        1.000000
  0.782111        1.000000
  0.800000        1.000000
  0.817889        1.000000
  0.835777        1.000000
  0.853666        1.000000
  0.871554        1.000000
  0.889443        1.000000
  0.907331        1.000000
  0.925220        1.000000
  0.943108        1.000000
  0.960997        1.000000
  0.978885        1.000000
  0.989941        1.000000
  1.000997        1.000000
  1.012053        1.000000
  1.023108        1.000000
  1.034164        1.000000
  1.045220        1.000000
  1.056276        1.000000
  1.067331        1.000000
  1.078387        1.000000
  1.089443        1.000000
  1.100498        1.000000
  1.111554        1.000000
  1.122610        0.000000
  1.133666        0.000000
  1.144721        0.000000
  1.155777        0.000000
  1.166833        0.000000
  1.177889        0.000000
  1.188944        0.000000
  1.200000        0.000000
  1.211056        0.000000
  1.222111        0.000000
  1.233167        0.000000
  1.244223        0.000000
  1.255279        0.000000
  1.266334        0.000000
  1.277390        0.000000
  1.288446        0.000000
  1.299502        0.000000
  1.310557        0.000000
  1.321613        0.000000
  1.332669        0.000000
  1.343724        0.000000
  1.354780        0.000000
  1.365836        0.000000
  1.376892        0.000000
  1.387947        0.000000
  1.399003        0.000000
  1.410059        0.000000
  1.421115        0.000000
  1.439003        0.000000
  1.456892        0.000000
  1.474780        0.000000
  1.492669        0.000000
  1.510557        0.000000
  1.528446        0.000000
  1.546334        0.000000
  1.564223        0.000000
  1.582111        0.000000
  1.600000        0.000000
  1.617889        0.000000
  1.635777        0.000000
  1.653666        0.000000
  1.671554        0.000000
  1.689443        0.000000
  1.707331        0.000000
  1.725220        0.000000
  1.743108        0.000000
  1.760997        0.000000
  1.778885        0.000000
  1.789941        0.000000
  1.800997        0.000000
  1.812053        0.000000
  1.823108        0.000000
  1.834164        0.000000
  1.845220        0.000000
  1.856276        0.000000
  1.867331        0.000000
  1.878387        0.000000
  1.889443        0.000000
  1.900498        0.000000
  1.911554        0.000000
  1.922610        0.000000
  1.933666        0.000000
  1.944721        0.000000
  1.955777        0.000000
  1.966833        0.000000
  1.977889        0.000000
  1.988944        0.000000
  2.000000        0.000000
----------  1.120000--------------
 -1.988944        1.000000
 -1.977889        1.000000
 -1.966833        1.000000
 -1.955777        1.000000
 -1.944721        1.000000
 -1.933666        1.000000
 -1.922610        1.000000
 -1.911554        1.000000
 -1.900498        1.000000
 -1.889443        1.000000
 -1.878387        1.000000
 -1.867331        1.000000
 -1.856276        1.000000
 -1.845220        1.000000
 -1.834164        1.000000
 -1.823108        1.000000
 -1.812053        1.000000
 -1.800997        1.000000
 -1.789941        1.000000
 -1.778885        1.000000
 -1.760997        1.000000
 -1.743108        1.000000
 -1.725220        1.000000
 -1.707331        1.000000
 -1.689443        1.000000
 -1.671554        1.000000
 -1.653666        1.000000
 -1.635777        1.000000
 -1.617889        1.000000
 -1.600000        1.000000
 -1.582111        1.000000
 -1.564223        1.000000
 -1.546334        1.000000
 -1.528446        1.000000
 -1.510557        1.000000
 -1.492669        1.000000
 -1.474780        1.000000
 -1.456892        1.000000
 -1.439003        1.000000
 -1.421115        1.000000
 -1.410059        1.000000
 -1.399003        1.000000
 -1.387947        1.000000
 -1.376892        1.000000
 -1.365836        1.000000
 -1.354780        1.000000
 -1.343724        1.000000
 -1.332669        1.000000
 -1.321613        1.000000
 -1.310557        1.000000
 -1.299502        1.000000
 -1.288446        1.000000
 -1.277390        1.000000
 -1.266334        1.000000
 -1.255279        1.000000
 -1.244223        1.000000
 -1.233167        1.000000
 -1.222111        1.000000
 -1.211056        1.000000
 -1.200000        1.000000
 -1.188944        1.000000
 -1.177889        1.000000
 -1.166833        1.000000
 -1.155777        1.000000
 -1.144721        1.000000
 -1.133666        1.000000
 -1.122610        1.000000
 -1.111554        1.000000
 -1.100498        1.000000
 -1.089443        1.000000
 -1.078387        1.000000
 -1.067331        1.000000
 -1.056276        1.000000
 -1.045220        1.000000
 -1.034164        1.000000
 -1.023108        1.000000
 -1.012053        1.000000
 -1.000997        1.000000
 -0.989941        1.000000
 -0.978885        1.000000
 -0.960997        1.000000
 -0.943108        1.000000
 -0.925220        1.000000
 -0.907331        1.000000
 -0.889443        1.000000
 -0.871554        1.000000
 -0.853666        1.000000
 -0.835777        1.000000
 -0.817889        1.000000
 -0.800000        1.000000
 -0.782111        1.000000
 -0.764223        1.000000
 -0.746334        1.000000
 -0.728446        1.000000
 -0.710557        1.000000
 -0.692669        1.000000
 -0.674780        1.000000
 -0.656892        1.000000
 -0.639003        1.000000
 -0.621115        1.000000
 -0.610059        1.000000
 -0.599003        1.000000
 -0.587947        1.000000
 -0.576892        1.000000
 -0.565836        1.000000
 -0.554780        1.000000
 -0.543724        1.000000
 -0.532669        1.000000
 -0.521613        1.000000
 -0.510557        1.000000
 -0.499502        1.000000
 -0.488446        1.000000
 -0.477390        1.000000
 -0.466334        1.000000
 -0.455279        1.000000
 -0.444223        1.000000
 -0.433167        1.000000
 -0.422111        1.000000
 -0.411056        1.000000
 -0.400000        1.000000
 -0.388944        1.000000
 -0.377889        1.000000
 -0.366833        1.000000
 -0.355777        1.000000
 -0.344721        1.000000
 -0.333666        1.000000
 -0.322610        1.000000
 -0.311554        1.000000
 -0.300498        1.000000
 -0.289443        1.000000
 -0.278387        1.000000
 -0.267331        1.000000
 -0.256276        1.000000
 -0.245220        1.000000
 -0.234164        1.000000
 -0.223108        1.000000
 -0.212053        1.000000
 -0.200997        1.000000
 -0.189941        1.000000
 -0.178885        1.000000
 -0.160997        1.000000
 -0.143108        1.000000
 -0.125220        1.000000
 -0.107331        1.000000
 -0.089443        1.000000
 -0.071554        1.000000
 -0.053666        1.000000
 -0.035777        1.000000
 -0.017889        1.000000
  0.000000        1.000000
  0.017889        1.000000
  0.035777        1.000000
  0.053666        1.000000
  0.071554        1.000000
  0.089443        1.000000
  0.107331        1.000000
  0.125220        1.000000
  0.143108        1.000000
  0.160997        1.000000
  0.178885        1.000000
  0.189941        1.000000
  0.200997        1.000000
  0.212053        1.000000
  0.223108        1.000000
  0.234164        1.000000
  0.245220        1.000000
  0.256276        1.000000
  0.267331        1.000000
  0.278387        1.000000
  0.289443        1.000000
  0.300498        1.000000
  0.311554        1.000000
  0.322610        1.000000
  0.333666        1.000000
  0.344721        1.000000
  0.355777        1.000000
  0.366833        1.000000
  0.377889        1.000000
  0.388944        1.000000
  0.400000        1.000000
  0.411056        1.000000
  0.422111        1.000000
  0.433167        1.000000
  0.444223        1.000000
  0.455279        1.000000
  0.466334        1.000000
  0.477390        1.000000
  0.488446        1.000000
  0.499502        1.000000
  0.510557        1.000000
  0.521613        1.000000
  0.532669        1.000000
  0.543724        1.000000
  0.554780        1.000000
  0.565836        1.000000
  0.576892        1.000000
  0.587947        1.000000
  0.599003        1.000000
  0.610059        1.000000
  0.621115        1.000000
  0.639003        1.000000
  0.656892        1.000000
  0.674780        1.000000
  0.692669        1.000000
  0.710557        1.000000
  0.728446        1.000000
  0.746334        1.000000
  0.764223        1.000000
  0.782111        1.000000
  0.800000        1.000000
  0.817889        1.000000
  0.835777        1.000000
  0.853666        1.000000
  0.871554        1.000000
  0.889443        1.000000
  0.907331        1.000000
  0.925220        1.000000
  0.943108        1.000000
  0.960997        1.000000
  0.978885        1.000000
  0.989941        1.000000
  1.000997        1.000000
  1.012053        1.000000
  1.023108        1.000000
  1.034164        1.000000
  1.045220        1.000000
  1.056276        1.000000
  1.067331        1.000000
  1.078387        1.000000
  1.089443        1.000000
  1.100498        1.000000
  1.111554        1.000000
  1.122610        1.000000
  1.133666        1.000000
  1.144721        1.000000
  1.155777        1.000000
  1.166833        1.000000
  1.177889        1.000000
  1.188944        1.000000
  1.200000        0.000000
  1.211056        0.000000
  1.222111        0.000000
  1.233167        0.000000
  1.244223        0.000000
  1.255279        0.000000
  1.266334        0.000000
  1.277390        0.000000
  1.288446        0.000000
  1.299502        0.000000
  1.310557        0.000000
  1.321613        0.000000
  1.332669        0.000000
  1.343724        0.000000
  1.354780        0.000000
  1.365836        0.000000
  1.376892        0.000000
  1.387947        0.000000
  1.399003        0.000000
  1.410059        0.000000
  1.421115        0.000000
  1.439003        0.000000
  1.456892        0.000000
  1.474780        0.000000
  1.492669        0.000000
  1.510557        0.000000
  1.528446        0.000000
  1.546334        0.000000
  1.564223        0.000000
  1.582111        0.000000
  1.600000        0.000000
  1.617889        0.000000
  1.635777        0.000000
  1.653666        0.000000
  1.671554        0.000000
  1.689443        0.000000
  1.707331        0.000000
  1.725220        0.000000
  1.743108        0.000000
  1.760997        0.000000
  1.778885        0.000000
  1.789941        0.000000
  1.800997        0.000000
  1.812053        0.000000
  1.823108        0.000000
  1.834164        0.000000
  1.845220        0.000000
  1.856276        0.000000
  1.867331        0.000000
  1.878387        0.000000
  1.889443        0.000000
  1.900498        0.000000
  1.911554        0.000000
  1.922610        0.000000
  1.933666        0.000000
  1.944721        0.000000
  1.955777        0.000000
  1.966833        0.000000
  1.977889        0.000000
  1.988944        0.000000
  2.000000        0.000000
----------  1.200000--------------
 -1.988944        1.000000
 -1.977889        1.000000
 -1.966833        1.000000
 -1.955777        1.000000
 -1.944721        1.000000
 -1.933666        1.000000
 -1.922610        1.000000
 -1.911554        1.000000
 -1.900498        1.000000
 -1.889443        1.000000
 -1.878387        1.000000
 -1.867331        1.000000
 -1.856276        1.000000
 -1.845220        1.000000
 -1.834164        1.000000
 -1.823108        1.000000
 -1.812053        1.000000
 -1.800997        1.000000
 -1.789941        1.000000
 -1.778885        1.000000
 -1.760997        1.000000
 -1.743108        1.000000
 -1.725220        1.000000
 -1.707331        1.000000
 -1.689443        1.000000
 -1.671554        1.000000
 -1.653666        1.000000
 -1.635777        1.000000
 -1.617889        1.000000
 -1.600000        1.000000
 -1.582111        1.000000
 -1.564223        1.000000
 -1.546334        1.000000
 -1.528446        1.000000
 -1.510557        1.000000
 -1.492669        1.000000
 -1.474780        1.000000
 -1.456892        1.000000
 -1.439003        1.000000
 -1.421115        1.000000
 -1.410059        1.000000
 -1.399003        1.000000
 -1.387947        1.000000
 -1.376892        1.000000
 -1.365836        1.000000
 -1.354780        1.000000
 -1.343724        1.000000
 -1.332669        1.000000
 -1.321613        1.000000
 -1.310557        1.000000
 -1.299502        1.000000
 -1.288446        1.000000
 -1.277390        1.000000
 -1.266334        1.000000
 -1.255279        1.000000
 -1.244223        1.000000
 -1.233167        1.000000
 -1.222111        1.000000
 -1.211056        1.000000
 -1.200000        1.000000
 -1.188944        1.000000
 -1.177889        1.000000
 -1.166833        1.000000
 -1.155777        1.000000
 -1.144721        1.000000
 -1.133666        1.000000
 -1.122610        1.000000
 -1.111554        1.000000
 -1.100498        1.000000
 -1.089443        1.000000
 -1.078387        1.000000
 -1.067331        1.000000
 -1.056276        1.000000
 -1.045220        1.000000
 -1.034164        1.000000
 -1.023108        1.000000
 -1.012053        1.000000
 -1.000997        1.000000
 -0.989941        1.000000
 -0.978885        1.000000
 -0.960997        1.000000
 -0.943108        1.000000
 -0.925220        1.000000
 -0.907331        1.000000
 -0.889443        1.000000
 -0.871554        1.000000
 -0.853666        1.000000
 -0.835777        1.000000
 -0.817889        1.000000
 -0.800000        1.000000
 -0.782111        1.000000
 -0.764223        1.000000
 -0.746334        1.000000
 -0.728446        1.000000
 -0.710557        1.000000
 -0.692669        1.000000
 -0.674780        1.000000
 -0.656892        1.000000
 -0.639003        1.000000
 -0.621115        1.000000
 -0.610059        1.000000
 -0.599003        1.000000
 -0.587947        1.000000
 -0.576892        1.000000
 -0.565836        1.000000
 -0.554780        1.000000
 -0.543724        1.000000
 -0.532669        1.000000
 -0.521613        1.000000
 -0.510557        1.000000
 -0.499502        1.000000
 -0.488446        1.000000
 -0.477390        1.000000
 -0.466334        1.000000
 -0.455279        1.000000
 -0.444223        1.000000
 -0.433167        1.000000
 -0.422111        1.000000
 -0.411056        1.000000
 -0.400000        1.000000
 -0.388944        1.000000
 -0.377889        1.000000
 -0.366833        1.000000
 -0.355777        1.000000
 -0.344721        1.000000
 -0.333666        1.000000
 -0.322610        1.000000
 -0.311554        1.000000
 -0.300498        1.000000
 -0.289443        1.000000
 -0.278387        1.000000
 -0.267331        1.000000
 -0.256276        1.000000
 -0.245220        1.000000
 -0.234164        1.000000
 -0.223108        1.000000
 -0.212053        1.000000
 -0.200997        1.000000
 -0.189941        1.000000
 -0.178885        1.000000
 -0.160997        1.000000
 -0.143108        1.000000
 -0.125220        1.000000
 -0.107331        1.000000
 -0.089443        1.000000
 -0.071554        1.000000
 -0.053666        1.000000
 -0.035777        1.000000
 -0.017889        1.000000
  0.000000        1.000000
  0.017889        1.000000
  0.035777        1.000000
  0.053666        1.000000
  0.071554        1.000000
  0.089443        1.000000
  0.107331        1.000000
  0.125220        1.000000
  0.143108        1.000000
  0.160997        1.000000
  0.178885        1.000000
  0.189941        1.000000
  0.200997        1.000000
  0.212053        1.000000
  0.223108        1.000000
  0.234164        1.000000
  0.245220        1.000000
  0.256276        1.000000
  0.267331        1.000000
  0.278387        1.000000
  0.289443        1.000000
  0.300498        1.000000
  0.311554        1.000000
  0.322610        1.000000
  0.333666        1.000000
  0.344721        1.000000
  0.355777        1.000000
  0.366833        1.000000
  0.377889        1.000000
  0.388944        1.000000
  0.400000        1.000000
  0.411056        1.000000
  0.422111        1.000000
  0.433167        1.000000
  0.444223        1.000000
  0.455279        1.000000
  0.466334        1.000000
  0.477390        1.000000
  0.488446        1.000000
  0.499502        1.000000
  0.510557        1.000000
  0.521613        1.000000
  0.532669        1.000000
  0.543724        1.000000
  0.554780        1.000000
  0.565836        1.000000
  0.576892        1.000000
  0.587947        1.000000
  0.599003        1.000000
  0.610059        1.000000
  0.621115        1.000000
  0.639003        1.000000
  0.656892        1.000000
  0.674780        1.000000
  0.692669        1.000000
  0.710557        1.000000
  0.728446        1.000000
  0.746334        1.000000
  0.764223        1.000000
  0.782111        1.000000
  0.800000        1.000000
  0.817889        1.000000
  0.835777        1.000000
  0.853666        1.000000
  0.871554        1.000000
  0.889443        1.000000
  0.907331        1.000000
  0.925220        1.000000
  0.943108        1.000000
  0.960997        1.000000
  0.978885        1.000000
  0.989941        1.000000
  1.000997        1.000000
  1.012053        1.000000
  1.023108        1.000000
  1.034164        1.000000
  1.045220        1.000000
  1.056276        1.000000
  1.067331        1.000000
  1.078387        1.000000
  1.089443        1.000000
  1.100498        1.000000
  1.111554        1.000000
  1.122610        1.000000
  1.133666        1.000000
  1.144721        1.000000
  1.155777        1.000000
  1.166833        1.000000
  1.177889        1.000000
  1.188944        1.000000
  1.200000        1.000000
  1.211056        1.000000
  1.222111        1.000000
  1.233167        1.000000
  1.244223        1.000000
  1.255279        1.000000
  1.266334        1.000000
  1.277390        1.000000
  1.288446        0.000000
  1.299502        0.000000
  1.310557        0.000000
  1.321613        0.000000
  1.332669        0.000000
  1.343724        0.000000
  1.354780        0.000000
  1.365836        0.000000
  1.376892        0.000000
  1.387947        0.000000
  1.399003        0.000000
  1.410059        0.000000
  1.421115        0.000000
  1.439003        0.000000
  1.456892        0.000000
  1.474780        0.000000
  1.492669        0.000000
  1.510557        0.000000
  1.528446        0.000000
  1.546334        0.000000
  1.564223        0.000000
  1.582111        0.000000
  1.600000        0.000000
  1.617889        0.000000
  1.635777        0.000000
  1.653666        0.000000
  1.671554        0.000000
  1.689443        0.000000
  1.707331        0.000000
  1.725220        0.000000
  1.743108        0.000000
  1.760997        0.000000
  1.778885        0.000000
  1.789941        0.000000
  1.800997        0.000000
  1.812053        0.000000
  1.823108        0.000000
  1.834164        0.000000
  1.845220        0.000000
  1.856276        0.000000
  1.867331        0.000000
  1.878387        0.000000
  1.889443        0.000000
  1.900498        0.000000
  1.911554        0.000000
  1.922610        0.000000
  1.933666        0.000000
  1.944721        0.000000
  1.955777        0.000000
  1.966833        0.000000
  1.977889        0.000000
  1.988944        0.000000
  2.000000        0.000000
----------  1.280000--------------
 -1.988944        1.000000
 -1.977889        1.000000
 -1.966833        1.000000
 -1.955777        1.000000
 -1.944721        1.000000
 -1.933666        1.000000
 -1.922610        1.000000
 -1.911554        1.000000
 -1.900498        1.000000
 -1.889443        1.000000
 -1.878387        1.000000
 -1.867331        1.000000
 -1.856276        1.000000
 -1.845220        1.000000
 -1.834164        1.000000
 -1.823108        1.000000
 -1.812053        1.000000
 -1.800997        1.000000
 -1.789941        1.000000
 -1.778885        1.000000
 -1.760997        1.000000
 -1.743108        1.000000
 -1.725220        1.000000
 -1.707331        1.000000
 -1.689443        1.000000
 -1.671554        1.000000
 -1.653666        1.000000
 -1.635777        1.000000
 -1.617889        1.000000
 -1.600000        1.000000
 -1.582111        1.000000
 -1.564223        1.000000
 -1.546334        1.000000
 -1.528446        1.000000
 -1.510557        1.000000
 -1.492669        1.000000
 -1.474780        1.000000
 -1.456892        1.000000
 -1.439003        1.000000
 -1.421115        1.000000
 -1.410059        1.000000
 -1.399003        1.000000
 -1.387947        1.000000
 -1.376892        1.000000
 -1.365836        1.000000
 -1.354780        1.000000
 -1.343724        1.000000
 -1.332669        1.000000
 -1.321613        1.000000
 -1.310557        1.000000
 -1.299502        1.000000
 -1.288446        1.000000
 -1.277390        1.000000
 -1.266334        1.000000
 -1.255279        1.000000
 -1.244223        1.000000
 -1.233167        1.000000
 -1.222111        1.000000
 -1.211056        1.000000
 -1.200000        1.000000
 -1.188944        1.000000
 -1.177889        1.000000
 -1.166833        1.000000
 -1.155777        1.000000
 -1.144721        1.000000
 -1.133666        1.000000
 -1.122610        1.000000
 -1.111554        1.000000
 -1.100498        1.000000
 -1.089443        1.000000
 -1.078387        1.000000
 -1.067331        1.000000
 -1.056276        1.000000
 -1.045220        1.000000
 -1.034164        1.000000
 -1.023108        1.000000
 -1.012053        1.000000
 -1.000997        1.000000
 -0.989941        1.000000
 -0.978885        1.000000
 -0.960997        1.000000
 -0.943108        1.000000
 -0.925220        1.000000
 -0.907331        1.000000
 -0.889443        1.000000
 -0.871554        1.000000
 -0.853666        1.000000
 -0.835777        1.000000
 -0.817889        1.000000
 -0.800000        1.000000
 -0.782111        1.000000
 -0.764223        1.000000
 -0.746334        1.000000
 -0.728446        1.000000
 -0.710557        1.000000
 -0.692669        1.000000
 -0.674780        1.000000
 -0.656892        1.000000
 -0.639003        1.000000
 -0.621115        1.000000
 -0.610059        1.000000
 -0.599003        1.000000
 -0.587947        1.000000
 -0.576892        1.000000
 -0.565836        1.000000
 -0.554780        1.000000
 -0.543724        1.000000
 -0.532669        1.000000
 -0.521613        1.000000
 -0.510557        1.000000
 -0.499502        1.000000
 -0.488446        1.000000
 -0.477390        1.000000
 -0.466334        1.000000
 -0.455279        1.000000
 -0.444223        1.000000
 -0.433167        1.000000
 -0.422111        1.000000
 -0.411056        1.000000
 -0.400000        1.000000
 -0.388944        1.000000
 -0.377889        1.000000
 -0.366833        1.000000
 -0.355777        1.000000
 -0.344721        1.000000
 -0.333666        1.000000
 -0.322610        1.000000
 -0.311554        1.000000
 -0.300498        1.000000
 -0.289443        1.000000
 -0.278387        1.000000
 -0.267331        1.000000
 -0.256276        1.000000
 -0.245220        1.000000
 -0.234164        1.000000
 -0.223108        1.000000
 -0.212053        1.000000
 -0.200997        1.000000
 -0.189941        1.000000
 -0.178885        1.000000
 -0.160997        1.000000
 -0.143108        1.000000
 -0.125220        1.000000
 -0.107331        1.000000
 -0.089443        1.000000
 -0.071554        1.000000
 -0.053666        1.000000
 -0.035777        1.000000
 -0.017889        1.000000
  0.000000        1.000000
  0.017889        1.000000
  0.035777        1.000000
  0.053666        1.000000
  0.071554        1.000000
  0.089443        1.000000
  0.107331        1.000000
  0.125220        1.000000
  0.143108        1.000000
  0.160997        1.000000
  0.178885        1.000000
  0.189941        1.000000
  0.200997        1.000000
  0.212053        1.000000
  0.223108        1.000000
  0.234164        1.000000
  0.245220        1.000000
  0.256276        1.000000
  0.267331        1.000000
  0.278387        1.000000
  0.289443        1.000000
  0.300498        1.000000
  0.311554        1.000000
  0.322610        1.000000
  0.333666        1.000000
  0.344721        1.000000
  0.355777        1.000000
  0.366833        1.000000
  0.377889        1.000000
  0.388944        1.000000
  0.400000        1.000000
  0.411056        1.000000
  0.422111        1.000000
  0.433167        1.000000
  0.444223        1.000000
  0.455279        1.000000
  0.466334        1.000000
  0.477390        1.000000
  0.488446        1.000000
  0.499502        1.000000
  0.510557        1.000000
  0.521613        1.000000
  0.532669        1.000000
  0.543724        1.000000
  0.554780        1.000000
  0.565836        1.000000
  0.576892        1.000000
  0.587947        1.000000
  0.599003        1.000000
  0.610059        1.000000
  0.621115        1.000000
  0.639003        1.000000
  0.656892        1.000000
  0.674780        1.000000
  0.692669        1.000000
  0.710557        1.000000
  0.728446        1.000000
  0.746334        1.000000
  0.764223        1.000000
  0.782111        1.000000
  0.800000        1.000000
  0.817889        1.000000
  0.835777        1.000000
  0.853666        1.000000
  0.871554        1.000000
  0.889443        1.000000
  0.907331        1.000000
  0.925220        1.000000
  0.943108        1.000000
  0.960997        1.000000
  0.978885        1.000000
  0.989941        1.000000
  1.000997        1.000000
  1.012053        1.000000
  1.023108        1.000000
  1.034164        1.000000
  1.045220        1.000000
  1.056276        1.000000
  1.067331        1.000000
  1.078387        1.000000
  1.089443        1.000000
  1.100498        1.000000
  1.111554        1.000000
  1.122610        1.000000
  1.133666        1.000000
  1.144721        1.000000
  1.155777        1.000000
  1.166833        1.000000
  1.177889        1.000000
  1.188944        1.000000
  1.200000        1.000000
  1.211056        1.000000
  1.222111        1.000000
  1.233167        1.000000
  1.244223        1.000000
  1.255279        1.000000
  1.266334        1.000000
  1.277390        1.000000
  1.288446        1.000000
  1.299502        1.000000
  1.310557        1.000000
  1.321613        1.000000
  1.332669        1.000000
  1.343724        1.000000
  1.354780        1.000000
  1.365836        0.000000
  1.376892        0.000000
  1.387947        0.000000
  1.399003        0.000000
  1.410059        0.000000
  1.421115        0.000000
  1.439003        0.000000
  1.456892        0.000000
  1.474780        0.000000
  1.492669        0.000000
  1.510557        0.000000
  1.528446        0.000000
  1.546334        0.000000
  1.564223        0.000000
  1.582111        0.000000
  1.600000        0.000000
  1.617889        0.000000
  1.635777        0.000000
  1.653666        0.000000
  1.671554        0.000000
  1.689443        0.000000
  1.707331        0.000000
  1.725220        0.000000
  1.743108        0.000000
  1.760997        0.000000
  1.778885        0.000000
  1.789941        0.000000
  1.800997        0.000000
  1.812053        0.000000
  1.823108        0.000000
  1.834164        0.000000
  1.845220        0.000000
  1.856276        0.000000
  1.867331        0.000000
  1.878387        0.000000
  1.889443        0.000000
  1.900498        0.000000
  1.911554        0.000000
  1.922610        0.000000
  1.933666        0.000000
  1.944721        0.000000
  1.955777        0.000000
  1.966833        0.000000
  1.977889        0.000000
  1.988944        0.000000
  2.000000        0.000000
----------  1.360000--------------
 -1.988944        1.000000
 -1.977889        1.000000
 -1.966833        1.000000
 -1.955777        1.000000
 -1.944721        1.000000
 -1.933666        1.000000
 -1.922610        1.000000
 -1.911554        1.000000
 -1.900498        1.000000
 -1.889443        1.000000
 -1.878387        1.000000
 -1.867331        1.000000
 -1.856276        1.000000
 -1.845220        1.000000
 -1.834164        1.000000
 -1.823108        1.000000
 -1.812053        1.000000
 -1.800997        1.000000
 -1.789941        1.000000
 -1.778885        1.000000
 -1.760997        1.000000
 -1.743108        1.000000
 -1.725220        1.000000
 -1.707331        1.000000
 -1.689443        1.000000
 -1.671554        1.000000
 -1.653666        1.000000
 -1.635777        1.000000
 -1.617889        1.000000
 -1.600000        1.000000
 -1.582111        1.000000
 -1.564223        1.000000
 -1.546334        1.000000
 -1.528446        1.000000
 -1.510557        1.000000
 -1.492669        1.000000
 -1.474780        1.000000
 -1.456892        1.000000
 -1.439003        1.000000
 -1.421115        1.000000
 -1.410059        1.000000
 -1.399003        1.000000
 -1.387947        1.000000
 -1.376892        1.000000
 -1.365836        1.000000
 -1.354780        1.000000
 -1.343724        1.000000
 -1.332669        1.000000
 -1.321613        1.000000
 -1.310557        1.000000
 -1.299502        1.000000
 -1.288446        1.000000
 -1.277390        1.000000
 -1.266334        1.000000
 -1.255279        1.000000
 -1.244223        1.000000
 -1.233167        1.000000
 -1.222111        1.000000
 -1.211056        1.000000
 -1.200000        1.000000
 -1.188944        1.000000
 -1.177889        1.000000
 -1.166833        1.000000
 -1.155777        1.000000
 -1.144721        1.000000
 -1.133666        1.000000
 -1.122610        1.000000
 -1.111554        1.000000
 -1.100498        1.000000
 -1.089443        1.000000
 -1.078387        1.000000
 -1.067331        1.000000
 -1.056276        1.000000
 -1.045220        1.000000
 -1.034164        1.000000
 -1.023108        1.000000
 -1.012053        1.000000
 -1.000997        1.000000
 -0.989941        1.000000
 -0.978885        1.000000
 -0.960997        1.000000
 -0.943108        1.000000
 -0.925220        1.000000
 -0.907331        1.000000
 -0.889443        1.000000
 -0.871554        1.000000
 -0.853666        1.000000
 -0.835777        1.000000
 -0.817889        1.000000
 -0.800000        1.000000
 -0.782111        1.000000
 -0.764223        1.000000
 -0.746334        1.000000
 -0.728446        1.000000
 -0.710557        1.000000
 -0.692669        1.000000
 -0.674780        1.000000
 -0.656892        1.000000
 -0.639003        1.000000
 -0.621115        1.000000
 -0.610059        1.000000
 -0.599003        1.000000
 -0.587947        1.000000
 -0.576892        1.000000
 -0.565836        1.000000
 -0.554780        1.000000
 -0.543724        1.000000
 -0.532669        1.000000
 -0.521613        1.000000
 -0.510557        1.000000
 -0.499502        1.000000
 -0.488446        1.000000
 -0.477390        1.000000
 -0.466334        1.000000
 -0.455279        1.000000
 -0.444223        1.000000
 -0.433167        1.000000
 -0.422111        1.000000
 -0.411056        1.000000
 -0.400000        1.000000
 -0.388944        1.000000
 -0.377889        1.000000
 -0.366833        1.000000
 -0.355777        1.000000
 -0.344721        1.000000
 -0.333666        1.000000
 -0.322610        1.000000
 -0.311554        1.000000
 -0.300498        1.000000
 -0.289443        1.000000
 -0.278387        1.000000
 -0.267331        1.000000
 -0.256276        1.000000
 -0.245220        1.000000
 -0.234164        1.000000
 -0.223108        1.000000
 -0.212053        1.000000
 -0.200997        1.000000
 -0.189941        1.000000
 -0.178885        1.000000
 -0.160997        1.000000
 -0.143108        1.000000
 -0.125220        1.000000
 -0.107331        1.000000
 -0.089443        1.000000
 -0.071554        1.000000
 -0.053666        1.000000
 -0.035777        1.000000
 -0.017889        1.000000
  0.000000        1.000000
  0.017889        1.000000
  0.035777        1.000000
  0.053666        1.000000
  0.071554        1.000000
  0.089443        1.000000
  0.107331        1.000000
  0.125220        1.000000
  0.143108        1.000000
  0.160997        1.000000
  0.178885        1.000000
  0.189941        1.000000
  0.200997        1.000000
  0.212053        1.000000
  0.223108        1.000000
  0.234164        1.000000
  0.245220        1.000000
  0.256276        1.000000
  0.267331        1.000000
  0.278387        1.000000
  0.289443        1.000000
  0.300498        1.000000
  0.311554        1.000000
  0.322610        1.000000
  0.333666        1.000000
  0.344721        1.000000
  0.355777        1.000000
  0.366833        1.000000
  0.377889        1.000000
  0.388944        1.000000
  0.400000        1.000000
  0.411056        1.000000
  0.422111        1.000000
  0.433167        1.000000
  0.444223        1.000000
  0.455279        1.000000
  0.466334        1.000000
  0.477390        1.000000
  0.488446        1.000000
  0.499502        1.000000
  0.510557        1.000000
  0.521613        1.000000
  0.532669        1.000000
  0.543724        1.000000
  0.554780        1.000000
  0.565836        1.000000
  0.576892        1.000000
  0.587947        1.000000
  0.599003        1.000000
  0.610059        1.000000
  0.621115        1.000000
  0.639003        1.000000
  0.656892        1.000000
  0.674780        1.000000
  0.692669        1.000000
  0.710557        1.000000
  0.728446        1.000000
  0.746334        1.000000
  0.764223        1.000000
  0.782111        1.000000
  0.800000        1.000000
  0.817889        1.000000
  0.835777        1.000000
  0.853666        1.000000
  0.871554        1.000000
  0.889443        1.000000
  0.907331        1.000000
  0.925220        1.000000
  0.943108        1.000000
  0.960997        1.000000
  0.978885        1.000000
  0.989941        1.000000
  1.000997        1.000000
  1.012053        1.000000
  1.023108        1.000000
  1.034164        1.000000
  1.045220        1.000000
  1.056276        1.000000
  1.067331        1.000000
  1.078387        1.000000
  1.089443        1.000000
  1.100498        1.000000
  1.111554        1.000000
  1.122610        1.000000
  1.133666        1.000000
  1.144721        1.000000
  1.155777        1.000000
  1.166833        1.000000
  1.177889        1.000000
  1.188944        1.000000
  1.200000        1.000000
  1.211056        1.000000
  1.222111        1.000000
  1.233167        1.000000
  1.244223        1.000000
  1.255279        1.000000
  1.266334        1.000000
  1.277390        1.000000
  1.288446        1.000000
  1.299502        1.000000
  1.310557        1.000000
  1.321613        1.000000
  1.332669        1.000000
  1.343724        1.000000
  1.354780        1.000000
  1.365836        1.000000
  1.376892        1.000000
  1.387947        1.000000
  1.399003        1.000000
  1.410059        1.000000
  1.421115        1.000000
  1.439003        1.000000
  1.456892        0.000000
  1.474780        0.000000
  1.492669        0.000000
  1.510557        0.000000
  1.528446        0.000000
  1.546334        0.000000
  1.564223        0.000000
  1.582111        0.000000
  1.600000        0.000000
  1.617889        0.000000
  1.635777        0.000000
  1.653666        0.000000
  1.671554        0.000000
  1.689443        0.000000
  1.707331        0.000000
  1.725220        0.000000
  1.743108        0.000000
  1.760997        0.000000
  1.778885        0.000000
  1.789941        0.000000
  1.800997        0.000000
  1.812053        0.000000
  1.823108        0.000000
  1.834164        0.000000
  1.845220        0.000000
  1.856276        0.000000
  1.867331        0.000000
  1.878387        0.000000
  1.889443        0.000000
  1.900498        0.000000
  1.911554        0.000000
  1.922610        0.000000
  1.933666        0.000000
  1.944721        0.000000
  1.955777        0.000000
  1.966833        0.000000
  1.977889        0.000000
  1.988944        0.000000
  2.000000        0.000000
----------  1.440000--------------
 -1.988944        1.000000
 -1.977889        1.000000
 -1.966833        1.000000
 -1.955777        1.000000
 -1.944721        1.000000
 -1.933666        1.000000
 -1.922610        1.000000
 -1.911554        1.000000
 -1.900498        1.000000
 -1.889443        1.000000
 -1.878387        1.000000
 -1.867331        1.000000
 -1.856276        1.000000
 -1.845220        1.000000
 -1.834164        1.000000
 -1.823108        1.000000
 -1.812053        1.000000
 -1.800997        1.000000
 -1.789941        1.000000
 -1.778885        1.000000
 -1.760997        1.000000
 -1.743108        1.000000
 -1.725220        1.000000
 -1.707331        1.000000
 -1.689443        1.000000
 -1.671554        1.000000
 -1.653666        1.000000
 -1.635777        1.000000
 -1.617889        1.000000
 -1.600000        1.000000
 -1.582111        1.000000
 -1.564223        1.000000
 -1.546334        1.000000
 -1.528446        1.000000
 -1.510557        1.000000
 -1.492669        1.000000
 -1.474780        1.000000
 -1.456892        1.000000
 -1.439003        1.000000
 -1.421115        1.000000
 -1.410059        1.000000
 -1.399003        1.000000
 -1.387947        1.000000
 -1.376892        1.000000
 -1.365836        1.000000
 -1.354780        1.000000
 -1.343724        1.000000
 -1.332669        1.000000
 -1.321613        1.000000
 -1.310557        1.000000
 -1.299502        1.000000
 -1.288446        1.000000
 -1.277390        1.000000
 -1.266334        1.000000
 -1.255279        1.000000
 -1.244223        1.000000
 -1.233167        1.000000
 -1.222111        1.000000
 -1.211056        1.000000
 -1.200000        1.000000
 -1.188944        1.000000
 -1.177889        1.000000
 -1.166833        1.000000
 -1.155777        1.000000
 -1.144721        1.000000
 -1.133666        1.000000
 -1.122610        1.000000
 -1.111554        1.000000
 -1.100498        1.000000
 -1.089443        1.000000
 -1.078387        1.000000
 -1.067331        1.000000
 -1.056276        1.000000
 -1.045220        1.000000
 -1.034164        1.000000
 -1.023108        1.000000
 -1.012053        1.000000
 -1.000997        1.000000
 -0.989941        1.000000
 -0.978885        1.000000
 -0.960997        1.000000
 -0.943108        1.000000
 -0.925220        1.000000
 -0.907331        1.000000
 -0.889443        1.000000
 -0.871554        1.000000
 -0.853666        1.000000
 -0.835777        1.000000
 -0.817889        1.000000
 -0.800000        1.000000
 -0.782111        1.000000
 -0.764223        1.000000
 -0.746334        1.000000
 -0.728446        1.000000
 -0.710557        1.000000
 -0.692669        1.000000
 -0.674780        1.000000
 -0.656892        1.000000
 -0.639003        1.000000
 -0.621115        1.000000
 -0.610059        1.000000
 -0.599003        1.000000
 -0.587947        1.000000
 -0.576892        1.000000
 -0.565836        1.000000
 -0.554780        1.000000
 -0.543724        1.000000
 -0.532669        1.000000
 -0.521613        1.000000
 -0.510557        1.000000
 -0.499502        1.000000
 -0.488446        1.000000
 -0.477390        1.000000
 -0.466334        1.000000
 -0.455279        1.000000
 -0.444223        1.000000
 -0.433167        1.000000
 -0.422111        1.000000
 -0.411056        1.000000
 -0.400000        1.000000
 -0.388944        1.000000
 -0.377889        1.000000
 -0.366833        1.000000
 -0.355777        1.000000
 -0.344721        1.000000
 -0.333666        1.000000
 -0.322610        1.000000
 -0.311554        1.000000
 -0.300498        1.000000
 -0.289443        1.000000
 -0.278387        1.000000
 -0.267331        1.000000
 -0.256276        1.000000
 -0.245220        1.000000
 -0.234164        1.000000
 -0.223108        1.000000
 -0.212053        1.000000
 -0.200997        1.000000
 -0.189941        1.000000
 -0.178885        1.000000
 -0.160997        1.000000
 -0.143108        1.000000
 -0.125220        1.000000
 -0.107331        1.000000
 -0.089443        1.000000
 -0.071554        1.000000
 -0.053666        1.000000
 -0.035777        1.000000
 -0.017889        1.000000
  0.000000        1.000000
  0.017889        1.000000
  0.035777        1.000000
  0.053666        1.000000
  0.071554        1.000000
  0.089443        1.000000
  0.107331        1.000000
  0.125220        1.000000
  0.143108        1.000000
  0.160997        1.000000
  0.178885        1.000000
  0.189941        1.000000
  0.200997        1.000000
  0.212053        1.000000
  0.223108        1.000000
  0.234164        1.000000
  0.245220        1.000000
  0.256276        1.000000
  0.267331        1.000000
  0.278387        1.000000
  0.289443        1.000000
  0.300498        1.000000
  0.311554        1.000000
  0.322610        1.000000
  0.333666        1.000000
  0.344721        1.000000
  0.355777        1.000000
  0.366833        1.000000
  0.377889        1.000000
  0.388944        1.000000
  0.400000        1.000000
  0.411056        1.000000
  0.422111        1.000000
  0.433167        1.000000
  0.444223        1.000000
  0.455279        1.000000
  0.466334        1.000000
  0.477390        1.000000
  0.488446        1.000000
  0.499502        1.000000
  0.510557        1.000000
  0.521613        1.000000
  0.532669        1.000000
  0.543724        1.000000
  0.554780        1.000000
  0.565836        1.000000
  0.576892        1.000000
  0.587947        1.000000
  0.599003        1.000000
  0.610059        1.000000
  0.621115        1.000000
  0.639003        1.000000
  0.656892        1.000000
  0.674780        1.000000
  0.692669        1.000000
  0.710557        1.000000
  0.728446        1.000000
  0.746334        1.000000
  0.764223        1.000000
  0.782111        1.000000
  0.800000        1.000000
  0.817889        1.000000
  0.835777        1.000000
  0.853666        1.000000
  0.871554        1.000000
  0.889443        1.000000
  0.907331        1.000000
  0.925220        1.000000
  0.943108        1.000000
  0.960997        1.000000
  0.978885        1.000000
  0.989941        1.000000
  1.000997        1.000000
  1.012053        1.000000
  1.023108        1.000000
  1.034164        1.000000
  1.045220        1.000000
  1.056276        1.000000
  1.067331        1.000000
  1.078387        1.000000
  1.089443        1.000000
  1.100498        1.000000
  1.111554        1.000000
  1.122610        1.000000
  1.133666        1.000000
  1.144721        1.000000
  1.155777        1.000000
  1.166833        1.000000
  1.177889        1.000000
  1.188944        1.000000
  1.200000        1.000000
  1.211056        1.000000
  1.222111        1.000000
  1.233167        1.000000
  1.244223        1.000000
  1.255279        1.000000
  1.266334        1.000000
  1.277390        1.000000
  1.288446        1.000000
  1.299502        1.000000
  1.310557        1.000000
  1.321613        1.000000
  1.332669        1.000000
  1.343724        1.000000
  1.354780        1.000000
  1.365836        1.000000
  1.376892        1.000000
  1.387947        1.000000
  1.399003        1.000000
  1.410059        1.000000
  1.421115        1.000000
  1.439003        1.000000
  1.456892        1.000000
  1.474780        1.000000
  1.492669        1.000000
  1.510557        1.000000
  1.528446        0.000000
  1.546334        0.000000
  1.564223        0.000000
  1.582111        0.000000
  1.600000        0.000000
  1.617889        0.000000
  1.635777        0.000000
  1.653666        0.000000
  1.671554        0.000000
  1.689443        0.000000
  1.707331        0.000000
  1.725220        0.000000
  1.743108        0.000000
  1.760997        0.000000
  1.778885        0.000000
  1.789941        0.000000
  1.800997        0.000000
  1.812053        0.000000
  1.823108        0.000000
  1.834164        0.000000
  1.845220        0.000000
  1.856276        0.000000
  1.867331        0.000000
  1.878387        0.000000
  1.889443        0.000000
  1.900498        0.000000
  1.911554        0.000000
  1.922610        0.000000
  1.933666        0.000000
  1.944721        0.000000
  1.955777        0.000000
  1.966833        0.000000
  1.977889        0.000000
  1.988944        0.000000
  2.000000        0.000000
----------  1.520000--------------
 -1.988944        1.000000
 -1.977889        1.000000
 -1.966833        1.000000
 -1.955777        1.000000
 -1.944721        1.000000
 -1.933666        1.000000
 -1.922610        1.000000
 -1.911554        1.000000
 -1.900498        1.000000
 -1.889443        1.000000
 -1.878387        1.000000
 -1.867331        1.000000
 -1.856276        1.000000
 -1.845220        1.000000
 -1.834164        1.000000
 -1.823108        1.000000
 -1.812053        1.000000
 -1.800997        1.000000
 -1.789941        1.000000
 -1.778885        1.000000
 -1.760997        1.000000
 -1.743108        1.000000
 -1.725220        1.000000
 -1.707331        1.000000
 -1.689443        1.000000
 -1.671554        1.000000
 -1.653666        1.000000
 -1.635777        1.000000
 -1.617889        1.000000
 -1.600000        1.000000
 -1.582111        1.000000
 -1.564223        1.000000
 -1.546334        1.000000
 -1.528446        1.000000
 -1.510557        1.000000
 -1.492669        1.000000
 -1.474780        1.000000
 -1.456892        1.000000
 -1.439003        1.000000
 -1.421115        1.000000
 -1.410059        1.000000
 -1.399003        1.000000
 -1.387947        1.000000
 -1.376892        1.000000
 -1.365836        1.000000
 -1.354780        1.000000
 -1.343724        1.000000
 -1.332669        1.000000
 -1.321613        1.000000
 -1.310557        1.000000
 -1.299502        1.000000
 -1.288446        1.000000
 -1.277390        1.000000
 -1.266334        1.000000
 -1.255279        1.000000
 -1.244223        1.000000
 -1.233167        1.000000
 -1.222111        1.000000
 -1.211056        1.000000
 -1.200000        1.000000
 -1.188944        1.000000
 -1.177889        1.000000
 -1.166833        1.000000
 -1.155777        1.000000
 -1.144721        1.000000
 -1.133666        1.000000
 -1.122610        1.000000
 -1.111554        1.000000
 -1.100498        1.000000
 -1.089443        1.000000
 -1.078387        1.000000
 -1.067331        1.000000
 -1.056276        1.000000
 -1.045220        1.000000
 -1.034164        1.000000
 -1.023108        1.000000
 -1.012053        1.000000
 -1.000997        1.000000
 -0.989941        1.000000
 -0.978885        1.000000
 -0.960997        1.000000
 -0.943108        1.000000
 -0.925220        1.000000
 -0.907331        1.000000
 -0.889443        1.000000
 -0.871554        1.000000
 -0.853666        1.000000
 -0.835777        1.000000
 -0.817889        1.000000
 -0.800000        1.000000
 -0.782111        1.000000
 -0.764223        1.000000
 -0.746334        1.000000
 -0.728446        1.000000
 -0.710557        1.000000
 -0.692669        1.000000
 -0.674780        1.000000
 -0.656892        1.000000
 -0.639003        1.000000
 -0.621115        1.000000
 -0.610059        1.000000
 -0.599003        1.000000
 -0.587947        1.000000
 -0.576892        1.000000
 -0.565836        1.000000
 -0.554780        1.000000
 -0.543724        1.000000
 -0.532669        1.000000
 -0.521613        1.000000
 -0.510557        1.000000
 -0.499502        1.000000
 -0.488446        1.000000
 -0.477390        1.000000
 -0.466334        1.000000
 -0.455279        1.000000
 -0.444223        1.000000
 -0.433167        1.000000
 -0.422111        1.000000
 -0.411056        1.000000
 -0.400000        1.000000
 -0.388944        1.000000
 -0.377889        1.000000
 -0.366833        1.000000
 -0.355777        1.000000
 -0.344721        1.000000
 -0.333666        1.000000
 -0.322610        1.000000
 -0.311554        1.000000
 -0.300498        1.000000
 -0.289443        1.000000
 -0.278387        1.000000
 -0.267331        1.000000
 -0.256276        1.000000
 -0.245220        1.000000
 -0.234164        1.000000
 -0.223108        1.000000
 -0.212053        1.000000
 -0.200997        1.000000
 -0.189941        1.000000
 -0.178885        1.000000
 -0.160997        1.000000
 -0.143108        1.000000
 -0.125220        1.000000
 -0.107331        1.000000
 -0.089443        1.000000
 -0.071554        1.000000
 -0.053666        1.000000
 -0.035777        1.000000
 -0.017889        1.000000
  0.000000        1.000000
  0.017889        1.000000
  0.035777        1.000000
  0.053666        1.000000
  0.071554        1.000000
  0.089443        1.000000
  0.107331        1.000000
  0.125220        1.000000
  0.143108        1.000000
  0.160997        1.000000
  0.178885        1.000000
  0.189941        1.000000
  0.200997        1.000000
  0.212053        1.000000
  0.223108        1.000000
  0.234164        1.000000
  0.245220        1.000000
  0.256276        1.000000
  0.267331        1.000000
  0.278387        1.000000
  0.289443        1.000000
  0.300498        1.000000
  0.311554        1.000000
  0.322610        1.000000
  0.333666        1.000000
  0.344721        1.000000
  0.355777        1.000000
  0.366833        1.000000
  0.377889        1.000000
  0.388944        1.000000
  0.400000        1.000000
  0.411056        1.000000
  0.422111        1.000000
  0.433167        1.000000
  0.444223        1.000000
  0.455279        1.000000
  0.466334        1.000000
  0.477390        1.000000
  0.488446        1.000000
  0.499502        1.000000
  0.510557        1.000000
  0.521613        1.000000
  0.532669        1.000000
  0.543724        1.000000
  0.554780        1.000000
  0.565836        1.000000
  0.576892        1.000000
  0.587947        1.000000
  0.599003        1.000000
  0.610059        1.000000
  0.621115        1.000000
  0.639003        1.000000
  0.656892        1.000000
  0.674780        1.000000
  0.692669        1.000000
  0.710557        1.000000
  0.728446        1.000000
  0.746334        1.000000
  0.764223        1.000000
  0.782111        1.000000
  0.800000        1.000000
  0.817889        1.000000
  0.835777        1.000000
  0.853666        1.000000
  0.871554        1.000000
  0.889443        1.000000
  0.907331        1.000000
  0.925220        1.000000
  0.943108        1.000000
  0.960997        1.000000
  0.978885        1.000000
  0.989941        1.000000
  1.000997        1.000000
  1.012053        1.000000
  1.023108        1.000000
  1.034164        1.000000
  1.045220        1.000000
  1.056276        1.000000
  1.067331        1.000000
  1.078387        1.000000
  1.089443        1.000000
  1.100498        1.000000
  1.111554        1.000000
  1.122610        1.000000
  1.133666        1.000000
  1.144721        1.000000
  1.155777        1.000000
  1.166833        1.000000
  1.177889        1.000000
  1.188944        1.000000
  1.200000        1.000000
  1.211056        1.000000
  1.222111        1.000000
  1.233167        1.000000
  1.244223        1.000000
  1.255279        1.000000
  1.266334        1.000000
  1.277390        1.000000
  1.288446        1.000000
  1.299502        1.000000
  1.310557        1.000000
  1.321613        1.000000
  1.332669        1.000000
  1.343724        1.000000
  1.354780        1.000000
  1.365836        1.000000
  1.376892        1.000000
  1.387947        1.000000
  1.399003        1.000000
  1.410059        1.000000
  1.421115        1.000000
  1.439003        1.000000
  1.456892        1.000000
  1.474780        1.000000
  1.492669        1.000000
  1.510557        1.000000
  1.528446        1.000000
  1.546334        1.000000
  1.564223        1.000000
  1.582111        1.000000
  1.600000        1.000000
  1.617889        0.000000
  1.635777        0.000000
  1.653666        0.000000
  1.671554        0.000000
  1.689443        0.000000
  1.707331        0.000000
  1.725220        0.000000
  1.743108        0.000000
  1.760997        0.000000
  1.778885        0.000000
  1.789941        0.000000
  1.800997        0.000000
  1.812053        0.000000
  1.823108        0.000000
  1.834164        0.000000
  1.845220        0.000000
  1.856276        0.000000
  1.867331        0.000000
  1.878387        0.000000
  1.889443        0.000000
  1.900498        0.000000
  1.911554        0.000000
  1.922610        0.000000
  1.933666        0.000000
  1.944721        0.000000
  1.955777        0.000000
  1.966833        0.000000
  1.977889        0.000000
  1.988944        0.000000
  2.000000        0.000000
----------  1.600000--------------
 -1.988944        1.000000
 -1.977889        1.000000
 -1.966833        1.000000
 -1.955777        1.000000
 -1.944721        1.000000
 -1.933666        1.000000
 -1.922610        1.000000
 -1.911554        1.000000
 -1.900498        1.000000
 -1.889443        1.000000
 -1.878387        1.000000
 -1.867331        1.000000
 -1.856276        1.000000
 -1.845220        1.000000
 -1.834164        1.000000
 -1.823108        1.000000
 -1.812053        1.000000
 -1.800997        1.000000
 -1.789941        1.000000
 -1.778885        1.000000
 -1.760997        1.000000
 -1.743108        1.000000
 -1.725220        1.000000
 -1.707331        1.000000
 -1.689443        1.000000
 -1.671554        1.000000
 -1.653666        1.000000
 -1.635777        1.000000
 -1.617889        1.000000
 -1.600000        1.000000
 -1.582111        1.000000
 -1.564223        1.000000
 -1.546334        1.000000
 -1.528446        1.000000
 -1.510557        1.000000
 -1.492669        1.000000
 -1.474780        1.000000
 -1.456892        1.000000
 -1.439003        1.000000
 -1.421115        1.000000
 -1.410059        1.000000
 -1.399003        1.000000
 -1.387947        1.000000
 -1.376892        1.000000
 -1.365836        1.000000
 -1.354780        1.000000
 -1.343724        1.000000
 -1.332669        1.000000
 -1.321613        1.000000
 -1.310557        1.000000
 -1.299502        1.000000
 -1.288446        1.000000
 -1.277390        1.000000
 -1.266334        1.000000
 -1.255279        1.000000
 -1.244223        1.000000
 -1.233167        1.000000
 -1.222111        1.000000
 -1.211056        1.000000
 -1.200000        1.000000
 -1.188944        1.000000
 -1.177889        1.000000
 -1.166833        1.000000
 -1.155777        1.000000
 -1.144721        1.000000
 -1.133666        1.000000
 -1.122610        1.000000
 -1.111554        1.000000
 -1.100498        1.000000
 -1.089443        1.000000
 -1.078387        1.000000
 -1.067331        1.000000
 -1.056276        1.000000
 -1.045220        1.000000
 -1.034164        1.000000
 -1.023108        1.000000
 -1.012053        1.000000
 -1.000997        1.000000
 -0.989941        1.000000
 -0.978885        1.000000
 -0.960997        1.000000
 -0.943108        1.000000
 -0.925220        1.000000
 -0.907331        1.000000
 -0.889443        1.000000
 -0.871554        1.000000
 -0.853666        1.000000
 -0.835777        1.000000
 -0.817889        1.000000
 -0.800000        1.000000
 -0.782111        1.000000
 -0.764223        1.000000
 -0.746334        1.000000
 -0.728446        1.000000
 -0.710557        1.000000
 -0.692669        1.000000
 -0.674780        1.000000
 -0.656892        1.000000
 -0.639003        1.000000
 -0.621115        1.000000
 -0.610059        1.000000
 -0.599003        1.000000
 -0.587947        1.000000
 -0.576892        1.000000
 -0.565836        1.000000
 -0.554780        1.000000
 -0.543724        1.000000
 -0.532669        1.000000
 -0.521613        1.000000
 -0.510557        1.000000
 -0.499502        1.000000
 -0.488446        1.000000
 -0.477390        1.000000
 -0.466334        1.000000
 -0.455279        1.000000
 -0.444223        1.000000
 -0.433167        1.000000
 -0.422111        1.000000
 -0.411056        1.000000
 -0.400000        1.000000
 -0.388944        1.000000
 -0.377889        1.000000
 -0.366833        1.000000
 -0.355777        1.000000
 -0.344721        1.000000
 -0.333666        1.000000
 -0.322610        1.000000
 -0.311554        1.000000
 -0.300498        1.000000
 -0.289443        1.000000
 -0.278387        1.000000
 -0.267331        1.000000
 -0.256276        1.000000
 -0.245220        1.000000
 -0.234164        1.000000
 -0.223108        1.000000
 -0.212053        1.000000
 -0.200997        1.000000
 -0.189941        1.000000
 -0.178885        1.000000
 -0.160997        1.000000
 -0.143108        1.000000
 -0.125220        1.000000
 -0.107331        1.000000
 -0.089443        1.000000
 -0.071554        1.000000
 -0.053666        1.000000
 -0.035777        1.000000
 -0.017889        1.000000
  0.000000        1.000000
  0.017889        1.000000
  0.035777        1.000000
  0.053666        1.000000
  0.071554        1.000000
  0.089443        1.000000
  0.107331        1.000000
  0.125220        1.000000
  0.143108        1.000000
  0.160997        1.000000
  0.178885        1.000000
  0.189941        1.000000
  0.200997        1.000000
  0.212053        1.000000
  0.223108        1.000000
  0.234164        1.000000
  0.245220        1.000000
  0.256276        1.000000
  0.267331        1.000000
  0.278387        1.000000
  0.289443        1.000000
  0.300498        1.000000
  0.311554        1.000000
  0.322610        1.000000
  0.333666        1.000000
  0.344721        1.000000
  0.355777        1.000000
  0.366833        1.000000
  0.377889        1.000000
  0.388944        1.000000
  0.400000        1.000000
  0.411056        1.000000
  0.422111        1.000000
  0.433167        1.000000
  0.444223        1.000000
  0.455279        1.000000
  0.466334        1.000000
  0.477390        1.000000
  0.488446        1.000000
  0.499502        1.000000
  0.510557        1.000000
  0.521613        1.000000
  0.532669        1.000000
  0.543724        1.000000
  0.554780        1.000000
  0.565836        1.000000
  0.576892        1.000000
  0.587947        1.000000
  0.599003        1.000000
  0.610059        1.000000
  0.621115        1.000000
  0.639003        1.000000
  0.656892        1.000000
  0.674780        1.000000
  0.692669        1.000000
  0.710557        1.000000
  0.728446        1.000000
  0.746334        1.000000
  0.764223        1.000000
  0.782111        1.000000
  0.800000        1.000000
  0.817889        1.000000
  0.835777        1.000000
  0.853666        1.000000
  0.871554        1.000000
  0.889443        1.000000
  0.907331        1.000000
  0.925220        1.000000
  0.943108        1.000000
  0.960997        1.000000
  0.978885        1.000000
  0.989941        1.000000
  1.000997        1.000000
  1.012053        1.000000
  1.023108        1.000000
  1.034164        1.000000
  1.045220        1.000000
  1.056276        1.000000
  1.067331        1.000000
  1.078387        1.000000
  1.089443        1.000000
  1.100498        1.000000
  1.111554        1.000000
  1.122610        1.000000
  1.133666        1.000000
  1.144721        1.000000
  1.155777        1.000000
  1.166833        1.000000
  1.177889        1.000000
  1.188944        1.000000
  1.200000        1.000000
  1.211056        1.000000
  1.222111        1.000000
  1.233167        1.000000
  1.244223        1.000000
  1.255279        1.000000
  1.266334        1.000000
  1.277390        1.000000
  1.288446        1.000000
  1.299502        1.000000
  1.310557        1.000000
  1.321613        1.000000
  1.332669        1.000000
  1.343724        1.000000
  1.354780        1.000000
  1.365836        1.000000
  1.376892        1.000000
  1.387947        1.000000
  1.399003        1.000000
  1.410059        1.000000
  1.421115        1.000000
  1.439003        1.000000
  1.456892        1.000000
  1.474780        1.000000
  1.492669        1.000000
  1.510557        1.000000
  1.528446        1.000000
  1.546334        1.000000
  1.564223        1.000000
  1.582111        1.000000
  1.600000        1.000000
  1.617889        1.000000
  1.635777        1.000000
  1.653666        1.000000
  1.671554        1.000000
  1.689443        0.000000
  1.707331        0.000000
  1.725220        0.000000
  1.743108        0.000000
  1.760997        0.000000
  1.778885        0.000000
  1.789941        0.000000
  1.800997        0.000000
  1.812053        0.000000
  1.823108        0.000000
  1.834164        0.000000
  1.845220        0.000000
  1.856276        0.000000
  1.867331        0.000000
  1.878387        0.000000
  1.889443        0.000000
  1.900498        0.000000
  1.911554        0.000000
  1.922610        0.000000
  1.933666        0.000000
  1.944721        0.000000
  1.955777        0.000000
  1.966833        0.000000
  1.977889        0.000000
  1.988944        0.000000
  2.000000        0.000000
----------  1.680000--------------
 -1.988944        1.000000
 -1.977889        1.000000
 -1.966833        1.000000
 -1.955777        1.000000
 -1.944721        1.000000
 -1.933666        1.000000
 -1.922610        1.000000
 -1.911554        1.000000
 -1.900498        1.000000
 -1.889443        1.000000
 -1.878387        1.000000
 -1.867331        1.000000
 -1.856276        1.000000
 -1.845220        1.000000
 -1.834164        1.000000
 -1.823108        1.000000
 -1.812053        1.000000
 -1.800997        1.000000
 -1.789941        1.000000
 -1.778885        1.000000
 -1.760997        1.000000
 -1.743108        1.000000
 -1.725220        1.000000
 -1.707331        1.000000
 -1.689443        1.000000
 -1.671554        1.000000
 -1.653666        1.000000
 -1.635777        1.000000
 -1.617889        1.000000
 -1.600000        1.000000
 -1.582111        1.000000
 -1.564223        1.000000
 -1.546334        1.000000
 -1.528446        1.000000
 -1.510557        1.000000
 -1.492669        1.000000
 -1.474780        1.000000
 -1.456892        1.000000
 -1.439003        1.000000
 -1.421115        1.000000
 -1.410059        1.000000
 -1.399003        1.000000
 -1.387947        1.000000
 -1.376892        1.000000
 -1.365836        1.000000
 -1.354780        1.000000
 -1.343724        1.000000
 -1.332669        1.000000
 -1.321613        1.000000
 -1.310557        1.000000
 -1.299502        1.000000
 -1.288446        1.000000
 -1.277390        1.000000
 -1.266334        1.000000
 -1.255279        1.000000
 -1.244223        1.000000
 -1.233167        1.000000
 -1.222111        1.000000
 -1.211056        1.000000
 -1.200000        1.000000
 -1.188944        1.000000
 -1.177889        1.000000
 -1.166833        1.000000
 -1.155777        1.000000
 -1.144721        1.000000
 -1.133666        1.000000
 -1.122610        1.000000
 -1.111554        1.000000
 -1.100498        1.000000
 -1.089443        1.000000
 -1.078387        1.000000
 -1.067331        1.000000
 -1.056276        1.000000
 -1.045220        1.000000
 -1.034164        1.000000
 -1.023108        1.000000
 -1.012053        1.000000
 -1.000997        1.000000
 -0.989941        1.000000
 -0.978885        1.000000
 -0.960997        1.000000
 -0.943108        1.000000
 -0.925220        1.000000
 -0.907331        1.000000
 -0.889443        1.000000
 -0.871554        1.000000
 -0.853666        1.000000
 -0.835777        1.000000
 -0.817889        1.000000
 -0.800000        1.000000
 -0.782111        1.000000
 -0.764223        1.000000
 -0.746334        1.000000
 -0.728446        1.000000
 -0.710557        1.000000
 -0.692669        1.000000
 -0.674780        1.000000
 -0.656892        1.000000
 -0.639003        1.000000
 -0.621115        1.000000
 -0.610059        1.000000
 -0.599003        1.000000
 -0.587947        1.000000
 -0.576892        1.000000
 -0.565836        1.000000
 -0.554780        1.000000
 -0.543724        1.000000
 -0.532669        1.000000
 -0.521613        1.000000
 -0.510557        1.000000
 -0.499502        1.000000
 -0.488446        1.000000
 -0.477390        1.000000
 -0.466334        1.000000
 -0.455279        1.000000
 -0.444223        1.000000
 -0.433167        1.000000
 -0.422111        1.000000
 -0.411056        1.000000
 -0.400000        1.000000
 -0.388944        1.000000
 -0.377889        1.000000
 -0.366833        1.000000
 -0.355777        1.000000
 -0.344721        1.000000
 -0.333666        1.000000
 -0.322610        1.000000
 -0.311554        1.000000
 -0.300498        1.000000
 -0.289443        1.000000
 -0.278387        1.000000
 -0.267331        1.000000
 -0.256276        1.000000
 -0.245220        1.000000
 -0.234164        1.000000
 -0.223108        1.000000
 -0.212053        1.000000
 -0.200997        1.000000
 -0.189941        1.000000
 -0.178885        1.000000
 -0.160997        1.000000
 -0.143108        1.000000
 -0.125220        1.000000
 -0.107331        1.000000
 -0.089443        1.000000
 -0.071554        1.000000
 -0.053666        1.000000
 -0.035777        1.000000
 -0.017889        1.000000
  0.000000        1.000000
  0.017889        1.000000
  0.035777        1.000000
  0.053666        1.000000
  0.071554        1.000000
  0.089443        1.000000
  0.107331        1.000000
  0.125220        1.000000
  0.143108        1.000000
  0.160997        1.000000
  0.178885        1.000000
  0.189941        1.000000
  0.200997        1.000000
  0.212053        1.000000
  0.223108        1.000000
  0.234164        1.000000
  0.245220        1.000000
  0.256276        1.000000
  0.267331        1.000000
  0.278387        1.000000
  0.289443        1.000000
  0.300498        1.000000
  0.311554        1.000000
  0.322610        1.000000
  0.333666        1.000000
  0.344721        1.000000
  0.355777        1.000000
  0.366833        1.000000
  0.377889        1.000000
  0.388944        1.000000
  0.400000        1.000000
  0.411056        1.000000
  0.422111        1.000000
  0.433167        1.000000
  0.444223        1.000000
  0.455279        1.000000
  0.466334        1.000000
  0.477390        1.000000
  0.488446        1.000000
  0.499502        1.000000
  0.510557        1.000000
  0.521613        1.000000
  0.532669        1.000000
  0.543724        1.000000
  0.554780        1.000000
  0.565836        1.000000
  0.576892        1.000000
  0.587947        1.000000
  0.599003        1.000000
  0.610059        1.000000
  0.621115        1.000000
  0.639003        1.000000
  0.656892        1.000000
  0.674780        1.000000
  0.692669        1.000000
  0.710557        1.000000
  0.728446        1.000000
  0.746334        1.000000
  0.764223        1.000000
  0.782111        1.000000
  0.800000        1.000000
  0.817889        1.000000
  0.835777        1.000000
  0.853666        1.000000
  0.871554        1.000000
  0.889443        1.000000
  0.907331        1.000000
  0.925220        1.000000
  0.943108        1.000000
  0.960997        1.000000
  0.978885        1.000000
  0.989941        1.000000
  1.000997        1.000000
  1.012053        1.000000
  1.023108        1.000000
  1.034164        1.000000
  1.045220        1.000000
  1.056276        1.000000
  1.067331        1.000000
  1.078387        1.000000
  1.089443        1.000000
  1.100498        1.000000
  1.111554        1.000000
  1.122610        1.000000
  1.133666        1.000000
  1.144721        1.000000
  1.155777        1.000000
  1.166833        1.000000
  1.177889        1.000000
  1.188944        1.000000
  1.200000        1.000000
  1.211056        1.000000
  1.222111        1.000000
  1.233167        1.000000
  1.244223        1.000000
  1.255279        1.000000
  1.266334        1.000000
  1.277390        1.000000
  1.288446        1.000000
  1.299502        1.000000
  1.310557        1.000000
  1.321613        1.000000
  1.332669        1.000000
  1.343724        1.000000
  1.354780        1.000000
  1.365836        1.000000
  1.376892        1.000000
  1.387947        1.000000
  1.399003        1.000000
  1.410059        1.000000
  1.421115        1.000000
  1.439003        1.000000
  1.456892        1.000000
  1.474780        1.000000
  1.492669        1.000000
  1.510557        1.000000
  1.528446        1.000000
  1.546334        1.000000
  1.564223        1.000000
  1.582111        1.000000
  1.600000        1.000000
  1.617889        1.000000
  1.635777        1.000000
  1.653666        1.000000
  1.671554        1.000000
  1.689443        1.000000
  1.707331        1.000000
  1.725220        1.000000
  1.743108        1.000000
  1.760997        0.000000
  1.778885        0.000000
  1.789941        0.000000
  1.800997        0.000000
  1.812053        0.000000
  1.823108        0.000000
  1.834164        0.000000
  1.845220        0.000000
  1.856276        0.000000
  1.867331        0.000000
  1.878387        0.000000
  1.889443        0.000000
  1.900498        0.000000
  1.911554        0.000000
  1.922610        0.000000
  1.933666        0.000000
  1.944721        0.000000
  1.955777        0.000000
  1.966833        0.000000
  1.977889        0.000000
  1.988944        0.000000
  2.000000        0.000000
----------  1.760000--------------
 -1.988944        1.000000
 -1.977889        1.000000
 -1.966833        1.000000
 -1.955777        1.000000
 -1.944721        1.000000
 -1.933666        1.000000
 -1.922610        1.000000
 -1.911554        1.000000
 -1.900498        1.000000
 -1.889443        1.000000
 -1.878387        1.000000
 -1.867331        1.000000
 -1.856276        1.000000
 -1.845220        1.000000
 -1.834164        1.000000
 -1.823108        1.000000
 -1.812053        1.000000
 -1.800997        1.000000
 -1.789941        1.000000
 -1.778885        1.000000
 -1.760997        1.000000
 -1.743108        1.000000
 -1.725220        1.000000
 -1.707331        1.000000
 -1.689443        1.000000
 -1.671554        1.000000
 -1.653666        1.000000
 -1.635777        1.000000
 -1.617889        1.000000
 -1.600000        1.000000
 -1.582111        1.000000
 -1.564223        1.000000
 -1.546334        1.000000
 -1.528446        1.000000
 -1.510557        1.000000
 -1.492669        1.000000
 -1.474780        1.000000
 -1.456892        1.000000
 -1.439003        1.000000
 -1.421115        1.000000
 -1.410059        1.000000
 -1.399003        1.000000
 -1.387947        1.000000
 -1.376892        1.000000
 -1.365836        1.000000
 -1.354780        1.000000
 -1.343724        1.000000
 -1.332669        1.000000
 -1.321613        1.000000
 -1.310557        1.000000
 -1.299502        1.000000
 -1.288446        1.000000
 -1.277390        1.000000
 -1.266334        1.000000
 -1.255279        1.000000
 -1.244223        1.000000
 -1.233167        1.000000
 -1.222111        1.000000
 -1.211056        1.000000
 -1.200000        1.000000
 -1.188944        1.000000
 -1.177889        1.000000
 -1.166833        1.000000
 -1.155777        1.000000
 -1.144721        1.000000
 -1.133666        1.000000
 -1.122610        1.000000
 -1.111554        1.000000
 -1.100498        1.000000
 -1.089443        1.000000
 -1.078387        1.000000
 -1.067331        1.000000
 -1.056276        1.000000
 -1.045220        1.000000
 -1.034164        1.000000
 -1.023108        1.000000
 -1.012053        1.000000
 -1.000997        1.000000
 -0.989941        1.000000
 -0.978885        1.000000
 -0.960997        1.000000
 -0.943108        1.000000
 -0.925220        1.000000
 -0.907331        1.000000
 -0.889443        1.000000
 -0.871554        1.000000
 -0.853666        1.000000
 -0.835777        1.000000
 -0.817889        1.000000
 -0.800000        1.000000
 -0.782111        1.000000
 -0.764223        1.000000
 -0.746334        1.000000
 -0.728446        1.000000
 -0.710557        1.000000
 -0.692669        1.000000
 -0.674780        1.000000
 -0.656892        1.000000
 -0.639003        1.000000
 -0.621115        1.000000
 -0.610059        1.000000
 -0.599003        1.000000
 -0.587947        1.000000
 -0.576892        1.000000
 -0.565836        1.000000
 -0.554780        1.000000
 -0.543724        1.000000
 -0.532669        1.000000
 -0.521613        1.000000
 -0.510557        1.000000
 -0.499502        1.000000
 -0.488446        1.000000
 -0.477390        1.000000
 -0.466334        1.000000
 -0.455279        1.000000
 -0.444223        1.000000
 -0.433167        1.000000
 -0.422111        1.000000
 -0.411056        1.000000
 -0.400000        1.000000
 -0.388944        1.000000
 -0.377889        1.000000
 -0.366833        1.000000
 -0.355777        1.000000
 -0.344721        1.000000
 -0.333666        1.000000
 -0.322610        1.000000
 -0.311554        1.000000
 -0.300498        1.000000
 -0.289443        1.000000
 -0.278387        1.000000
 -0.267331        1.000000
 -0.256276        1.000000
 -0.245220        1.000000
 -0.234164        1.000000
 -0.223108        1.000000
 -0.212053        1.000000
 -0.200997        1.000000
 -0.189941        1.000000
 -0.178885        1.000000
 -0.160997        1.000000
 -0.143108        1.000000
 -0.125220        1.000000
 -0.107331        1.000000
 -0.089443        1.000000
 -0.071554        1.000000
 -0.053666        1.000000
 -0.035777        1.000000
 -0.017889        1.000000
  0.000000        1.000000
  0.017889        1.000000
  0.035777        1.000000
  0.053666        1.000000
  0.071554        1.000000
  0.089443        1.000000
  0.107331        1.000000
  0.125220        1.000000
  0.143108        1.000000
  0.160997        1.000000
  0.178885        1.000000
  0.189941        1.000000
  0.200997        1.000000
  0.212053        1.000000
  0.223108        1.000000
  0.234164        1.000000
  0.245220        1.000000
  0.256276        1.000000
  0.267331        1.000000
  0.278387        1.000000
  0.289443        1.000000
  0.300498        1.000000
  0.311554        1.000000
  0.322610        1.000000
  0.333666        1.000000
  0.344721        1.000000
  0.355777        1.000000
  0.366833        1.000000
  0.377889        1.000000
  0.388944        1.000000
  0.400000        1.000000
  0.411056        1.000000
  0.422111        1.000000
  0.433167        1.000000
  0.444223        1.000000
  0.455279        1.000000
  0.466334        1.000000
  0.477390        1.000000
  0.488446        1.000000
  0.499502        1.000000
  0.510557        1.000000
  0.521613        1.000000
  0.532669        1.000000
  0.543724        1.000000
  0.554780        1.000000
  0.565836        1.000000
  0.576892        1.000000
  0.587947        1.000000
  0.599003        1.000000
  0.610059        1.000000
  0.621115        1.000000
  0.639003        1.000000
  0.656892        1.000000
  0.674780        1.000000
  0.692669        1.000000
  0.710557        1.000000
  0.728446        1.000000
  0.746334        1.000000
  0.764223        1.000000
  0.782111        1.000000
  0.800000        1.000000
  0.817889        1.000000
  0.835777        1.000000
  0.853666        1.000000
  0.871554        1.000000
  0.889443        1.000000
  0.907331        1.000000
  0.925220        1.000000
  0.943108        1.000000
  0.960997        1.000000
  0.978885        1.000000
  0.989941        1.000000
  1.000997        1.000000
  1.012053        1.000000
  1.023108        1.000000
  1.034164        1.000000
  1.045220        1.000000
  1.056276        1.000000
  1.067331        1.000000
  1.078387        1.000000
  1.089443        1.000000
  1.100498        1.000000
  1.111554        1.000000
  1.122610        1.000000
  1.133666        1.000000
  1.144721        1.000000
  1.155777        1.000000
  1.166833        1.000000
  1.177889        1.000000
  1.188944        1.000000
  1.200000        1.000000
  1.211056        1.000000
  1.222111        1.000000
  1.233167        1.000000
  1.244223        1.000000
  1.255279        1.000000
  1.266334        1.000000
  1.277390        1.000000
  1.288446        1.000000
  1.299502        1.000000
  1.310557        1.000000
  1.321613        1.000000
  1.332669        1.000000
  1.343724        1.000000
  1.354780        1.000000
  1.365836        1.000000
  1.376892        1.000000
  1.387947        1.000000
  1.399003        1.000000
  1.410059        1.000000
  1.421115        1.000000
  1.439003        1.000000
  1.456892        1.000000
  1.474780        1.000000
  1.492669        1.000000
  1.510557        1.000000
  1.528446        1.000000
  1.546334        1.000000
  1.564223        1.000000
  1.582111        1.000000
  1.600000        1.000000
  1.617889        1.000000
  1.635777        1.000000
  1.653666        1.000000
  1.671554        1.000000
  1.689443        1.000000
  1.707331        1.000000
  1.725220        1.000000
  1.743108        1.000000
  1.760997        1.000000
  1.778885        1.000000
  1.789941        1.000000
  1.800997        1.000000
  1.812053        1.000000
  1.823108        1.000000
  1.834164        1.000000
  1.845220        0.000000
  1.856276        0.000000
  1.867331        0.000000
  1.878387        0.000000
  1.889443        0.000000
  1.900498        0.000000
  1.911554        0.000000
  1.922610        0.000000
  1.933666        0.000000
  1.944721        0.000000
  1.955777        0.000000
  1.966833        0.000000
  1.977889        0.000000
  1.988944        0.000000
  2.000000        0.000000
----------  1.840000--------------
 -1.988944        1.000000
 -1.977889        1.000000
 -1.966833        1.000000
 -1.955777        1.000000
 -1.944721        1.000000
 -1.933666        1.000000
 -1.922610        1.000000
 -1.911554        1.000000
 -1.900498        1.000000
 -1.889443        1.000000
 -1.878387        1.000000
 -1.867331        1.000000
 -1.856276        1.000000
 -1.845220        1.000000
 -1.834164        1.000000
 -1.823108        1.000000
 -1.812053        1.000000
 -1.800997        1.000000
 -1.789941        1.000000
 -1.778885        1.000000
 -1.760997        1.000000
 -1.743108        1.000000
 -1.725220        1.000000
 -1.707331        1.000000
 -1.689443        1.000000
 -1.671554        1.000000
 -1.653666        1.000000
 -1.635777        1.000000
 -1.617889        1.000000
 -1.600000        1.000000
 -1.582111        1.000000
 -1.564223        1.000000
 -1.546334        1.000000
 -1.528446        1.000000
 -1.510557        1.000000
 -1.492669        1.000000
 -1.474780        1.000000
 -1.456892        1.000000
 -1.439003        1.000000
 -1.421115        1.000000
 -1.410059        1.000000
 -1.399003        1.000000
 -1.387947        1.000000
 -1.376892        1.000000
 -1.365836        1.000000
 -1.354780        1.000000
 -1.343724        1.000000
 -1.332669        1.000000
 -1.321613        1.000000
 -1.310557        1.000000
 -1.299502        1.000000
 -1.288446        1.000000
 -1.277390        1.000000
 -1.266334        1.000000
 -1.255279        1.000000
 -1.244223        1.000000
 -1.233167        1.000000
 -1.222111        1.000000
 -1.211056        1.000000
 -1.200000        1.000000
 -1.188944        1.000000
 -1.177889        1.000000
 -1.166833        1.000000
 -1.155777        1.000000
 -1.144721        1.000000
 -1.133666        1.000000
 -1.122610        1.000000
 -1.111554        1.000000
 -1.100498        1.000000
 -1.089443        1.000000
 -1.078387        1.000000
 -1.067331        1.000000
 -1.056276        1.000000
 -1.045220        1.000000
 -1.034164        1.000000
 -1.023108        1.000000
 -1.012053        1.000000
 -1.000997        1.000000
 -0.989941        1.000000
 -0.978885        1.000000
 -0.960997        1.000000
 -0.943108        1.000000
 -0.925220        1.000000
 -0.907331        1.000000
 -0.889443        1.000000
 -0.871554        1.000000
 -0.853666        1.000000
 -0.835777        1.000000
 -0.817889        1.000000
 -0.800000        1.000000
 -0.782111        1.000000
 -0.764223        1.000000
 -0.746334        1.000000
 -0.728446        1.000000
 -0.710557        1.000000
 -0.692669        1.000000
 -0.674780        1.000000
 -0.656892        1.000000
 -0.639003        1.000000
 -0.621115        1.000000
 -0.610059        1.000000
 -0.599003        1.000000
 -0.587947        1.000000
 -0.576892        1.000000
 -0.565836        1.000000
 -0.554780        1.000000
 -0.543724        1.000000
 -0.532669        1.000000
 -0.521613        1.000000
 -0.510557        1.000000
 -0.499502        1.000000
 -0.488446        1.000000
 -0.477390        1.000000
 -0.466334        1.000000
 -0.455279        1.000000
 -0.444223        1.000000
 -0.433167        1.000000
 -0.422111        1.000000
 -0.411056        1.000000
 -0.400000        1.000000
 -0.388944        1.000000
 -0.377889        1.000000
 -0.366833        1.000000
 -0.355777        1.000000
 -0.344721        1.000000
 -0.333666        1.000000
 -0.322610        1.000000
 -0.311554        1.000000
 -0.300498        1.000000
 -0.289443        1.000000
 -0.278387        1.000000
 -0.267331        1.000000
 -0.256276        1.000000
 -0.245220        1.000000
 -0.234164        1.000000
 -0.223108        1.000000
 -0.212053        1.000000
 -0.200997        1.000000
 -0.189941        1.000000
 -0.178885        1.000000
 -0.160997        1.000000
 -0.143108        1.000000
 -0.125220        1.000000
 -0.107331        1.000000
 -0.089443        1.000000
 -0.071554        1.000000
 -0.053666        1.000000
 -0.035777        1.000000
 -0.017889        1.000000
  0.000000        1.000000
  0.017889        1.000000
  0.035777        1.000000
  0.053666        1.000000
  0.071554        1.000000
  0.089443        1.000000
  0.107331        1.000000
  0.125220        1.000000
  0.143108        1.000000
  0.160997        1.000000
  0.178885        1.000000
  0.189941        1.000000
  0.200997        1.000000
  0.212053        1.000000
  0.223108        1.000000
  0.234164        1.000000
  0.245220        1.000000
  0.256276        1.000000
  0.267331        1.000000
  0.278387        1.000000
  0.289443        1.000000
  0.300498        1.000000
  0.311554        1.000000
  0.322610        1.000000
  0.333666        1.000000
  0.344721        1.000000
  0.355777        1.000000
  0.366833        1.000000
  0.377889        1.000000
  0.388944        1.000000
  0.400000        1.000000
  0.411056        1.000000
  0.422111        1.000000
  0.433167        1.000000
  0.444223        1.000000
  0.455279        1.000000
  0.466334        1.000000
  0.477390        1.000000
  0.488446        1.000000
  0.499502        1.000000
  0.510557        1.000000
  0.521613        1.000000
  0.532669        1.000000
  0.543724        1.000000
  0.554780        1.000000
  0.565836        1.000000
  0.576892        1.000000
  0.587947        1.000000
  0.599003        1.000000
  0.610059        1.000000
  0.621115        1.000000
  0.639003        1.000000
  0.656892        1.000000
  0.674780        1.000000
  0.692669        1.000000
  0.710557        1.000000
  0.728446        1.000000
  0.746334        1.000000
  0.764223        1.000000
  0.782111        1.000000
  0.800000        1.000000
  0.817889        1.000000
  0.835777        1.000000
  0.853666        1.000000
  0.871554        1.000000
  0.889443        1.000000
  0.907331        1.000000
  0.925220        1.000000
  0.943108        1.000000
  0.960997        1.000000
  0.978885        1.000000
  0.989941        1.000000
  1.000997        1.000000
  1.012053        1.000000
  1.023108        1.000000
  1.034164        1.000000
  1.045220        1.000000
  1.056276        1.000000
  1.067331        1.000000
  1.078387        1.000000
  1.089443        1.000000
  1.100498        1.000000
  1.111554        1.000000
  1.122610        1.000000
  1.133666        1.000000
  1.144721        1.000000
  1.155777        1.000000
  1.166833        1.000000
  1.177889        1.000000
  1.188944        1.000000
  1.200000        1.000000
  1.211056        1.000000
  1.222111        1.000000
  1.233167        1.000000
  1.244223        1.000000
  1.255279        1.000000
  1.266334        1.000000
  1.277390        1.000000
  1.288446        1.000000
  1.299502        1.000000
  1.310557        1.000000
  1.321613        1.000000
  1.332669        1.000000
  1.343724        1.000000
  1.354780        1.000000
  1.365836        1.000000
  1.376892        1.000000
  1.387947        1.000000
  1.399003        1.000000
  1.410059        1.000000
  1.421115        1.000000
  1.439003        1.000000
  1.456892        1.000000
  1.474780        1.000000
  1.492669        1.000000
  1.510557        1.000000
  1.528446        1.000000
  1.546334        1.000000
  1.564223        1.000000
  1.582111        1.000000
  1.600000        1.000000
  1.617889        1.000000
  1.635777        1.000000
  1.653666        1.000000
  1.671554        1.000000
  1.689443        1.000000
  1.707331        1.000000
  1.725220        1.000000
  1.743108        1.000000
  1.760997        1.000000
  1.778885        1.000000
  1.789941        1.000000
  1.800997        1.000000
  1.812053        1.000000
  1.823108        1.000000
  1.834164        1.000000
  1.845220        1.000000
  1.856276        1.000000
  1.867331        1.000000
  1.878387        1.000000
  1.889443        1.000000
  1.900498        1.000000
  1.911554        1.000000
  1.922610        0.000000
  1.933666        0.000000
  1.944721        0.000000
  1.955777        0.000000
  1.966833        0.000000
  1.977889        0.000000
  1.988944        0.000000
  2.000000        0.000000
----------  1.920000--------------
 -1.988944        1.000000
 -1.977889        1.000000
 -1.966833        1.000000
 -1.955777        1.000000
 -1.944721        1.000000
 -1.933666        1.000000
 -1.922610        1.000000
 -1.911554        1.000000
 -1.900498        1.000000
 -1.889443        1.000000
 -1.878387        1.000000
 -1.867331        1.000000
 -1.856276        1.000000
 -1.845220        1.000000
 -1.834164        1.000000
 -1.823108        1.000000
 -1.812053        1.000000
 -1.800997        1.000000
 -1.789941        1.000000
 -1.778885        1.000000
 -1.760997        1.000000
 -1.743108        1.000000
 -1.725220        1.000000
 -1.707331        1.000000
 -1.689443        1.000000
 -1.671554        1.000000
 -1.653666        1.000000
 -1.635777        1.000000
 -1.617889        1.000000
 -1.600000        1.000000
 -1.582111        1.000000
 -1.564223        1.000000
 -1.546334        1.000000
 -1.528446        1.000000
 -1.510557        1.000000
 -1.492669        1.000000
 -1.474780        1.000000
 -1.456892        1.000000
 -1.439003        1.000000
 -1.421115        1.000000
 -1.410059        1.000000
 -1.399003        1.000000
 -1.387947        1.000000
 -1.376892        1.000000
 -1.365836        1.000000
 -1.354780        1.000000
 -1.343724        1.000000
 -1.332669        1.000000
 -1.321613        1.000000
 -1.310557        1.000000
 -1.299502        1.000000
 -1.288446        1.000000
 -1.277390        1.000000
 -1.266334        1.000000
 -1.255279        1.000000
 -1.244223        1.000000
 -1.233167        1.000000
 -1.222111        1.000000
 -1.211056        1.000000
 -1.200000        1.000000
 -1.188944        1.000000
 -1.177889        1.000000
 -1.166833        1.000000
 -1.155777        1.000000
 -1.144721        1.000000
 -1.133666        1.000000
 -1.122610        1.000000
 -1.111554        1.000000
 -1.100498        1.000000
 -1.089443        1.000000
 -1.078387        1.000000
 -1.067331        1.000000
 -1.056276        1.000000
 -1.045220        1.000000
 -1.034164        1.000000
 -1.023108        1.000000
 -1.012053        1.000000
 -1.000997        1.000000
 -0.989941        1.000000
 -0.978885        1.000000
 -0.960997        1.000000
 -0.943108        1.000000
 -0.925220        1.000000
 -0.907331        1.000000
 -0.889443        1.000000
 -0.871554        1.000000
 -0.853666        1.000000
 -0.835777        1.000000
 -0.817889        1.000000
 -0.800000        1.000000
 -0.782111        1.000000
 -0.764223        1.000000
 -0.746334        1.000000
 -0.728446        1.000000
 -0.710557        1.000000
 -0.692669        1.000000
 -0.674780        1.000000
 -0.656892        1.000000
 -0.639003        1.000000
 -0.621115        1.000000
 -0.610059        1.000000
 -0.599003        1.000000
 -0.587947        1.000000
 -0.576892        1.000000
 -0.565836        1.000000
 -0.554780        1.000000
 -0.543724        1.000000
 -0.532669        1.000000
 -0.521613        1.000000
 -0.510557        1.000000
 -0.499502        1.000000
 -0.488446        1.000000
 -0.477390        1.000000
 -0.466334        1.000000
 -0.455279        1.000000
 -0.444223        1.000000
 -0.433167        1.000000
 -0.422111        1.000000
 -0.411056        1.000000
 -0.400000        1.000000
 -0.388944        1.000000
 -0.377889        1.000000
 -0.366833        1.000000
 -0.355777        1.000000
 -0.344721        1.000000
 -0.333666        1.000000
 -0.322610        1.000000
 -0.311554        1.000000
 -0.300498        1.000000
 -0.289443        1.000000
 -0.278387        1.000000
 -0.267331        1.000000
 -0.256276        1.000000
 -0.245220        1.000000
 -0.234164        1.000000
 -0.223108        1.000000
 -0.212053        1.000000
 -0.200997        1.000000
 -0.189941        1.000000
 -0.178885        1.000000
 -0.160997        1.000000
 -0.143108        1.000000
 -0.125220        1.000000
 -0.107331        1.000000
 -0.089443        1.000000
 -0.071554        1.000000
 -0.053666        1.000000
 -0.035777        1.000000
 -0.017889        1.000000
  0.000000        1.000000
  0.017889        1.000000
  0.035777        1.000000
  0.053666        1.000000
  0.071554        1.000000
  0.089443        1.000000
  0.107331        1.000000
  0.125220        1.000000
  0.143108        1.000000
  0.160997        1.000000
  0.178885        1.000000
  0.189941        1.000000
  0.200997        1.000000
  0.212053        1.000000
  0.223108        1.000000
  0.234164        1.000000
  0.245220        1.000000
  0.256276        1.000000
  0.267331        1.000000
  0.278387        1.000000
  0.289443        1.000000
  0.300498        1.000000
  0.311554        1.000000
  0.322610        1.000000
  0.333666        1.000000
  0.344721        1.000000
  0.355777        1.000000
  0.366833        1.000000
  0.377889        1.000000
  0.388944        1.000000
  0.400000        1.000000
  0.411056        1.000000
  0.422111        1.000000
  0.433167        1.000000
  0.444223        1.000000
  0.455279        1.000000
  0.466334        1.000000
  0.477390        1.000000
  0.488446        1.000000
  0.499502        1.000000
  0.510557        1.000000
  0.521613        1.000000
  0.532669        1.000000
  0.543724        1.000000
  0.554780        1.000000
  0.565836        1.000000
  0.576892        1.000000
  0.587947        1.000000
  0.599003        1.000000
  0.610059        1.000000
  0.621115        1.000000
  0.639003        1.000000
  0.656892        1.000000
  0.674780        1.000000
  0.692669        1.000000
  0.710557        1.000000
  0.728446        1.000000
  0.746334        1.000000
  0.764223        1.000000
  0.782111        1.000000
  0.800000        1.000000
  0.817889        1.000000
  0.835777        1.000000
  0.853666        1.000000
  0.871554        1.000000
  0.889443        1.000000
  0.907331        1.000000
  0.925220        1.000000
  0.943108        1.000000
  0.960997        1.000000
  0.978885        1.000000
  0.989941        1.000000
  1.000997        1.000000
  1.012053        1.000000
  1.023108        1.000000
  1.034164        1.000000
  1.045220        1.000000
  1.056276        1.000000
  1.067331        1.000000
  1.078387        1.000000
  1.089443        1.000000
  1.100498        1.000000
  1.111554        1.000000
  1.122610        1.000000
  1.133666        1.000000
  1.144721        1.000000
  1.155777        1.000000
  1.166833        1.000000
  1.177889        1.000000
  1.188944        1.000000
  1.200000        1.000000
  1.211056        1.000000
  1.222111        1.000000
  1.233167        1.000000
  1.244223        1.000000
  1.255279        1.000000
  1.266334        1.000000
  1.277390        1.000000
  1.288446        1.000000
  1.299502        1.000000
  1.310557        1.000000
  1.321613        1.000000
  1.332669        1.000000
  1.343724        1.000000
  1.354780        1.000000
  1.365836        1.000000
  1.376892        1.000000
  1.387947        1.000000
  1.399003        1.000000
  1.410059        1.000000
  1.421115        1.000000
  1.439003        1.000000
  1.456892        1.000000
  1.474780        1.000000
  1.492669        1.000000
  1.510557        1.000000
  1.528446        1.000000
  1.546334        1.000000
  1.564223        1.000000
  1.582111        1.000000
  1.600000        1.000000
  1.617889        1.000000
  1.635777        1.000000
  1.653666        1.000000
  1.671554        1.000000
  1.689443        1.000000
  1.707331        1.000000
  1.725220        1.000000
  1.743108        1.000000
  1.760997        1.000000
  1.778885        1.000000
  1.789941        1.000000
  1.800997        1.000000
  1.812053        1.000000
  1.823108        1.000000
  1.834164        1.000000
  1.845220        1.000000
  1.856276        1.000000
  1.867331        1.000000
  1.878387        1.000000
  1.889443        1.000000
  1.900498        1.000000
  1.911554        1.000000
  1.922610        1.000000
  1.933666        1.000000
  1.944721        1.000000
  1.955777        1.000000
  1.966833        1.000000
  1.977889        1.000000
  1.988944        1.000000
  2.000000        0.000000
----------  2.000000--------------
 -1.988944        1.000000
 -1.977889        1.000000
 -1.966833        1.000000
 -1.955777        1.000000
 -1.944721        1.000000
 -1.933666        1.000000
 -1.922610        1.000000
 -1.911554        1.000000
 -1.900498        1.000000
 -1.889443        1.000000
 -1.878387        1.000000
 -1.867331        1.000000
 -1.856276        1.000000
 -1.845220        1.000000
 -1.834164        1.000000
 -1.823108        1.000000
 -1.812053        1.000000
 -1.800997        1.000000
 -1.789941        1.000000
 -1.778885        1.000000
 -1.760997        1.000000
 -1.743108        1.000000
 -1.725220        1.000000
 -1.707331        1.000000
 -1.689443        1.000000
 -1.671554        1.000000
 -1.653666        1.000000
 -1.635777        1.000000
 -1.617889        1.000000
 -1.600000        1.000000
 -1.582111        1.000000
 -1.564223        1.000000
 -1.546334        1.000000
 -1.528446        1.000000
 -1.510557        1.000000
 -1.492669        1.000000
 -1.474780        1.000000
 -1.456892        1.000000
 -1.439003        1.000000
 -1.421115        1.000000
 -1.410059        1.000000
 -1.399003        1.000000
 -1.387947        1.000000
 -1.376892        1.000000
 -1.365836        1.000000
 -1.354780        1.000000
 -1.343724        1.000000
 -1.332669        1.000000
 -1.321613        1.000000
 -1.310557        1.000000
 -1.299502        1.000000
 -1.288446        1.000000
 -1.277390        1.000000
 -1.266334        1.000000
 -1.255279        1.000000
 -1.244223        1.000000
 -1.233167        1.000000
 -1.222111        1.000000
 -1.211056        1.000000
 -1.200000        1.000000
 -1.188944        1.000000
 -1.177889        1.000000
 -1.166833        1.000000
 -1.155777        1.000000
 -1.144721        1.000000
 -1.133666        1.000000
 -1.122610        1.000000
 -1.111554        1.000000
 -1.100498        1.000000
 -1.089443        1.000000
 -1.078387        1.000000
 -1.067331        1.000000
 -1.056276        1.000000
 -1.045220        1.000000
 -1.034164        1.000000
 -1.023108        1.000000
 -1.012053        1.000000
 -1.000997        1.000000
 -0.989941        1.000000
 -0.978885        1.000000
 -0.960997        1.000000
 -0.943108        1.000000
 -0.925220        1.000000
 -0.907331        1.000000
 -0.889443        1.000000
 -0.871554        1.000000
 -0.853666        1.000000
 -0.835777        1.000000
 -0.817889        1.000000
 -0.800000        1.000000
 -0.782111        1.000000
 -0.764223        1.000000
 -0.746334        1.000000
 -0.728446        1.000000
 -0.710557        1.000000
 -0.692669        1.000000
 -0.674780        1.000000
 -0.656892        1.000000
 -0.639003        1.000000
 -0.621115        1.000000
 -0.610059        1.000000
 -0.599003        1.000000
 -0.587947        1.000000
 -0.576892        1.000000
 -0.565836        1.000000
 -0.554780        1.000000
 -0.543724        1.000000
 -0.532669        1.000000
 -0.521613        1.000000
 -0.510557        1.000000
 -0.499502        1.000000
 -0.488446        1.000000
 -0.477390        1.000000
 -0.466334        1.000000
 -0.455279        1.000000
 -0.444223        1.000000
 -0.433167        1.000000
 -0.422111        1.000000
 -0.411056        1.000000
 -0.400000        1.000000
 -0.388944        1.000000
 -0.377889        1.000000
 -0.366833        1.000000
 -0.355777        1.000000
 -0.344721        1.000000
 -0.333666        1.000000
 -0.322610        1.000000
 -0.311554        1.000000
 -0.300498        1.000000
 -0.289443        1.000000
 -0.278387        1.000000
 -0.267331        1.000000
 -0.256276        1.000000
 -0.245220        1.000000
 -0.234164        1.000000
 -0.223108        1.000000
 -0.212053        1.000000
 -0.200997        1.000000
 -0.189941        1.000000
 -0.178885        1.000000
 -0.160997        1.000000
 -0.143108        1.000000
 -0.125220        1.000000
 -0.107331        1.000000
 -0.089443        1.000000
 -0.071554        1.000000
 -0.053666        1.000000
 -0.035777        1.000000
 -0.017889        1.000000
  0.000000        1.000000
  0.017889        1.000000
  0.035777        1.000000
  0.053666        1.000000
  0.071554        1.000000
  0.089443        1.000000
  0.107331        1.000000
  0.125220        1.000000
  0.143108        1.000000
  0.160997        1.000000
  0.178885        1.000000
  0.189941        1.000000
  0.200997        1.000000
  0.212053        1.000000
  0.223108        1.000000
  0.234164        1.000000
  0.245220        1.000000
  0.256276        1.000000
  0.267331        1.000000
  0.278387        1.000000
  0.289443        1.000000
  0.300498        1.000000
  0.311554        1.000000
  0.322610        1.000000
  0.333666        1.000000
  0.344721        1.000000
  0.355777        1.000000
  0.366833        1.000000
  0.377889        1.000000
  0.388944        1.000000
  0.400000        1.000000
  0.411056        1.000000
  0.422111        1.000000
  0.433167        1.000000
  0.444223        1.000000
  0.455279        1.000000
  0.466334        1.000000
  0.477390        1.000000
  0.488446        1.000000
  0.499502        1.000000
  0.510557        1.000000
  0.521613        1.000000
  0.532669        1.000000
  0.543724        1.000000
  0.554780        1.000000
  0.565836        1.000000
  0.576892        1.000000
  0.587947        1.000000
  0.599003        1.000000
  0.610059        1.000000
  0.621115        1.000000
  0.639003        1.000000
  0.656892        1.000000
  0.674780        1.000000
  0.692669        1.000000
  0.710557        1.000000
  0.728446        1.000000
  0.746334        1.000000
  0.764223        1.000000
  0.782111        1.000000
  0.800000        1.000000
  0.817889        1.000000
  0.835777        1.000000
  0.853666        1.000000
  0.871554        1.000000
  0.889443        1.000000
  0.907331        1.000000
  0.925220        1.000000
  0.943108        1.000000
  0.960997        1.000000
  0.978885        1.000000
  0.989941        1.000000
  1.000997        1.000000
  1.012053        1.000000
  1.023108        1.000000
  1.034164        1.000000
  1.045220        1.000000
  1.056276        1.000000
  1.067331        1.000000
  1.078387        1.000000
  1.089443        1.000000
  1.100498        1.000000
  1.111554        1.000000
  1.122610        1.000000
  1.133666        1.000000
  1.144721        1.000000
  1.155777        1.000000
  1.166833        1.000000
  1.177889        1.000000
  1.188944        1.000000
  1.200000        1.000000
  1.211056        1.000000
  1.222111        1.000000
  1.233167        1.000000
  1.244223        1.000000
  1.255279        1.000000
  1.266334        1.000000
  1.277390        1.000000
  1.288446        1.000000
  1.299502        1.000000
  1.310557        1.000000
  1.321613        1.000000
  1.332669        1.000000
  1.343724        1.000000
  1.354780        1.000000
  1.365836        1.000000
  1.376892        1.000000
  1.387947        1.000000
  1.399003        1.000000
  1.410059        1.000000
  1.421115        1.000000
  1.439003        1.000000
  1.456892        1.000000
  1.474780        1.000000
  1.492669        1.000000
  1.510557        1.000000
  1.528446        1.000000
  1.546334        1.000000
  1.564223        1.000000
  1.582111        1.000000
  1.600000        1.000000
  1.617889        1.000000
  1.635777        1.000000
  1.653666        1.000000
  1.671554        1.000000
  1.689443        1.000000
  1.707331        1.000000
  1.725220        1.000000
  1.743108        1.000000
  1.760997        1.000000
  1.778885        1.000000
  1.789941        1.000000
  1.800997        1.000000
  1.812053        1.000000
  1.823108        1.000000
  1.834164        1.000000
  1.845220        1.000000
  1.856276        1.000000
  1.867331        1.000000
  1.878387        1.000000
  1.889443        1.000000
  1.900498        1.000000
  1.911554        1.000000
  1.922610        1.000000
  1.933666        1.000000
  1.944721        1.000000
  1.955777        1.000000
  1.966833        1.000000
  1.977889        1.000000
  1.988944        1.000000
  2.000000        0.000000
----------  2.000000--------------
