 -1.988944        1.000000
 -1.977889        1.000000
 -1.966833        1.000000
 -1.955777        1.000000
 -1.944721        1.000000
 -1.933666        1.000000
 -1.922610        1.000000
 -1.911554        1.000000
 -1.900498        1.000000
 -1.889443        1.000000
 -1.878387        1.000000
 -1.867331        1.000000
 -1.856276        1.000000
 -1.845220        1.000000
 -1.834164        1.000000
 -1.823108        1.000000
 -1.812053        1.000000
 -1.800997        1.000000
 -1.789941        1.000000
 -1.778885        1.000000
 -1.760997        1.000000
 -1.743108        1.000000
 -1.725220        1.000000
 -1.707331        1.000000
 -1.689443        1.000000
 -1.671554        1.000000
 -1.653666        1.000000
 -1.635777        1.000000
 -1.617889        1.000000
 -1.600000        1.000000
 -1.582111        1.000000
 -1.564223        1.000000
 -1.546334        1.000000
 -1.528446        1.000000
 -1.510557        1.000000
 -1.492669        1.000000
 -1.474780        1.000000
 -1.456892        1.000000
 -1.439003        1.000000
 -1.421115        1.000000
 -1.410059        1.000000
 -1.399003        1.000000
 -1.387947        1.000000
 -1.376892        1.000000
 -1.365836        1.000000
 -1.354780        1.000000
 -1.343724        1.000000
 -1.332669        1.000000
 -1.321613        1.000000
 -1.310557        1.000000
 -1.299502        1.000000
 -1.288446        1.000000
 -1.277390        1.000000
 -1.266334        1.000000
 -1.255279        1.000000
 -1.244223        1.000000
 -1.233167        1.000000
 -1.222111        1.000000
 -1.211056        1.000000
 -1.200000        1.000000
 -1.188944        1.000000
 -1.177889        1.000000
 -1.166833        1.000000
 -1.155777        1.000000
 -1.144721        1.000000
 -1.133666        1.000000
 -1.122610        1.000000
 -1.111554        1.000000
 -1.100498        1.000000
 -1.089443        1.000000
 -1.078387        1.000000
 -1.067331        1.000000
 -1.056276        1.000000
 -1.045220        1.000000
 -1.034164        1.000000
 -1.023108        1.000000
 -1.012053        1.000000
 -1.000997        1.000000
 -0.989941        1.000000
 -0.978885        1.000000
 -0.960997        1.000000
 -0.943108        1.000000
 -0.925220        1.000000
 -0.907331        1.000000
 -0.889443        1.000000
 -0.871554        1.000000
 -0.853666        1.000000
 -0.835777        1.000000
 -0.817889        1.000000
 -0.800000        1.000000
 -0.782111        1.000000
 -0.764223        1.000000
 -0.746334        1.000000
 -0.728446        1.000000
 -0.710557        1.000000
 -0.692669        1.000000
 -0.674780        1.000000
 -0.656892        1.000000
 -0.639003        1.000000
 -0.621115        1.000000
 -0.610059        1.000000
 -0.599003        1.000000
 -0.587947        1.000000
 -0.576892        1.000000
 -0.565836        1.000000
 -0.554780        1.000000
 -0.543724        1.000000
 -0.532669        1.000000
 -0.521613        1.000000
 -0.510557        1.000000
 -0.499502        1.000000
 -0.488446        1.000000
 -0.477390        1.000000
 -0.466334        1.000000
 -0.455279        1.000000
 -0.444223        1.000000
 -0.433167        1.000000
 -0.422111        1.000000
 -0.411056        1.000000
 -0.400000        1.000000
 -0.388944        1.286656
 -0.377889        1.264296
 -0.366833        1.241935
 -0.355777        1.219574
 -0.344721        1.197214
 -0.333666        1.174853
 -0.322610        1.152492
 -0.311554        1.130132
 -0.300498        1.107771
 -0.289443        1.085410
 -0.278387        1.063050
 -0.267331        1.040689
 -0.256276        1.018328
 -0.245220        0.995967
 -0.234164        0.973607
 -0.223108        0.951246
 -0.212053        0.928885
 -0.200997        0.906525
 -0.189941        0.884164
 -0.178885        0.861803
 -0.160997        0.825623
 -0.143108        0.789443
 -0.125220        0.753262
 -0.107331        0.717082
 -0.089443        0.680902
 -0.071554        0.644721
 -0.053666        0.608541
 -0.035777        0.572361
 -0.017889        0.536180
  0.000000        0.500000
  0.017889        0.463820
  0.035777        0.427639
  0.053666        0.391459
  0.071554        0.355279
  0.089443        0.319098
  0.107331        0.282918
  0.125220        0.246738
  0.143108        0.210557
  0.160997        0.174377
  0.178885        0.138197
  0.189941        0.115836
  0.200997        0.093475
  0.212053        0.071115
  0.223108        0.048754
  0.234164        0.026393
  0.245220        0.004033
  0.256276       -0.018328
  0.267331       -0.040689
  0.278387       -0.063050
  0.289443       -0.085410
  0.300498       -0.107771
  0.311554       -0.130132
  0.322610       -0.152492
  0.333666       -0.174853
  0.344721       -0.197214
  0.355777       -0.219574
  0.366833       -0.241935
  0.377889       -0.264296
  0.388944       -0.286656
  0.400000       -0.309017
  0.411056        0.000000
  0.422111        0.000000
  0.433167        0.000000
  0.444223        0.000000
  0.455279        0.000000
  0.466334        0.000000
  0.477390        0.000000
  0.488446        0.000000
  0.499502        0.000000
  0.510557        0.000000
  0.521613        0.000000
  0.532669        0.000000
  0.543724        0.000000
  0.554780        0.000000
  0.565836        0.000000
  0.576892        0.000000
  0.587947        0.000000
  0.599003        0.000000
  0.610059        0.000000
  0.621115        0.000000
  0.639003        0.000000
  0.656892        0.000000
  0.674780        0.000000
  0.692669        0.000000
  0.710557        0.000000
  0.728446        0.000000
  0.746334        0.000000
  0.764223        0.000000
  0.782111        0.000000
  0.800000        0.000000
  0.817889        0.000000
  0.835777        0.000000
  0.853666        0.000000
  0.871554        0.000000
  0.889443        0.000000
  0.907331        0.000000
  0.925220        0.000000
  0.943108        0.000000
  0.960997        0.000000
  0.978885        0.000000
  0.989941        0.000000
  1.000997        0.000000
  1.012053        0.000000
  1.023108        0.000000
  1.034164        0.000000
  1.045220        0.000000
  1.056276        0.000000
  1.067331        0.000000
  1.078387        0.000000
  1.089443        0.000000
  1.100498        0.000000
  1.111554        0.000000
  1.122610        0.000000
  1.133666        0.000000
  1.144721        0.000000
  1.155777        0.000000
  1.166833        0.000000
  1.177889        0.000000
  1.188944        0.000000
  1.200000        0.000000
  1.211056        0.000000
  1.222111        0.000000
  1.233167        0.000000
  1.244223        0.000000
  1.255279        0.000000
  1.266334        0.000000
  1.277390        0.000000
  1.288446        0.000000
  1.299502        0.000000
  1.310557        0.000000
  1.321613        0.000000
  1.332669        0.000000
  1.343724        0.000000
  1.354780        0.000000
  1.365836        0.000000
  1.376892        0.000000
  1.387947        0.000000
  1.399003        0.000000
  1.410059        0.000000
  1.421115        0.000000
  1.439003        0.000000
  1.456892        0.000000
  1.474780        0.000000
  1.492669        0.000000
  1.510557        0.000000
  1.528446        0.000000
  1.546334        0.000000
  1.564223        0.000000
  1.582111        0.000000
  1.600000        0.000000
  1.617889        0.000000
  1.635777        0.000000
  1.653666        0.000000
  1.671554        0.000000
  1.689443        0.000000
  1.707331        0.000000
  1.725220        0.000000
  1.743108        0.000000
  1.760997        0.000000
  1.778885        0.000000
  1.789941        0.000000
  1.800997        0.000000
  1.812053        0.000000
  1.823108        0.000000
  1.834164        0.000000
  1.845220        0.000000
  1.856276        0.000000
  1.867331        0.000000
  1.878387        0.000000
  1.889443        0.000000
  1.900498        0.000000
  1.911554        0.000000
  1.922610        0.000000
  1.933666        0.000000
  1.944721        0.000000
  1.955777        0.000000
  1.966833        0.000000
  1.977889        0.000000
  1.988944        0.000000
  2.000000        0.000000
----------  0.000000--------------
 -1.988944        0.331194
 -1.977889        0.364339
 -1.966833        0.396762
 -1.955777        0.428464
 -1.944721        0.459444
 -1.933666        0.489703
 -1.922610        0.519240
 -1.911554        0.548056
 -1.900498        0.576150
 -1.889443        0.603523
 -1.878387        0.630174
 -1.867331        0.656104
 -1.856276        0.681312
 -1.845220        0.705799
 -1.834164        0.729564
 -1.823108        0.752608
 -1.812053        0.774930
 -1.800997        0.796531
 -1.789941        0.817410
 -1.778885        0.837568
 -1.760997        0.868656
 -1.743108        0.897855
 -1.725220        0.925165
 -1.707331        0.950586
 -1.689443        0.974118
 -1.671554        0.995761
 -1.653666        1.015516
 -1.635777        1.033381
 -1.617889        1.049358
 -1.600000        1.063445
 -1.582111        1.075644
 -1.564223        1.085954
 -1.546334        1.094375
 -1.528446        1.100907
 -1.510557        1.105550
 -1.492669        1.108304
 -1.474780        1.109169
 -1.456892        1.108146
 -1.439003        1.105233
 -1.421115        1.100432
 -1.410059        1.096520
 -1.399003        1.091887
 -1.387947        1.086532
 -1.376892        1.080455
 -1.365836        1.073657
 -1.354780        1.066138
 -1.343724        1.057897
 -1.332669        1.048935
 -1.321613        1.039251
 -1.310557        1.028846
 -1.299502        1.017719
 -1.288446        1.005870
 -1.277390        0.993300
 -1.266334        0.980009
 -1.255279        0.965996
 -1.244223        0.951262
 -1.233167        0.935806
 -1.222111        0.919629
 -1.211056        0.902730
 -1.200000        0.885109
 -1.188944        0.965398
 -1.177889        0.966773
 -1.166833        0.968126
 -1.155777        0.969455
 -1.144721        0.970762
 -1.133666        0.972045
 -1.122610        0.973306
 -1.111554        0.974543
 -1.100498        0.975758
 -1.089443        0.976950
 -1.078387        0.978119
 -1.067331        0.979265
 -1.056276        0.980388
 -1.045220        0.981489
 -1.034164        0.982566
 -1.023108        0.983620
 -1.012053        0.984652
 -1.000997        0.985660
 -0.989941        0.986646
 -0.978885        0.987609
 -0.960997        0.989118
 -0.943108        0.990567
 -0.925220        0.991956
 -0.907331        0.993285
 -0.889443        0.994554
 -0.871554        0.995763
 -0.853666        0.996913
 -0.835777        0.998002
 -0.817889        0.999031
 -0.800000        1.000000
 -0.782111        1.000909
 -0.764223        1.001758
 -0.746334        1.002547
 -0.728446        1.003277
 -0.710557        1.003946
 -0.692669        1.004555
 -0.674780        1.005104
 -0.656892        1.005593
 -0.639003        1.006022
 -0.621115        1.006391
 -0.610059        1.006590
 -0.599003        1.006765
 -0.587947        1.006917
 -0.576892        1.007047
 -0.565836        1.007153
 -0.554780        1.007237
 -0.543724        1.007297
 -0.532669        1.007335
 -0.521613        1.007350
 -0.510557        1.007342
 -0.499502        1.007311
 -0.488446        1.007257
 -0.477390        1.007180
 -0.466334        1.007080
 -0.455279        1.006957
 -0.444223        1.006812
 -0.433167        1.006643
 -0.422111        1.006452
 -0.411056        1.006237
 -0.400000        1.006000
 -0.388944        1.172576
 -0.377889        1.164053
 -0.366833        1.155227
 -0.355777        1.146097
 -0.344721        1.136664
 -0.333666        1.126927
 -0.322610        1.116887
 -0.311554        1.106544
 -0.300498        1.095897
 -0.289443        1.084947
 -0.278387        1.073693
 -0.267331        1.062136
 -0.256276        1.050276
 -0.245220        1.038112
 -0.234164        1.025645
 -0.223108        1.012875
 -0.212053        0.999801
 -0.200997        0.986423
 -0.189941        0.972742
 -0.178885        0.958758
 -0.160997        0.935489
 -0.143108        0.911425
 -0.125220        0.886567
 -0.107331        0.860915
 -0.089443        0.834468
 -0.071554        0.807227
 -0.053666        0.779192
 -0.035777        0.750363
 -0.017889        0.720739
  0.000000        0.690321
  0.017889        0.659108
  0.035777        0.627102
  0.053666        0.594301
  0.071554        0.560705
  0.089443        0.526316
  0.107331        0.491132
  0.125220        0.455154
  0.143108        0.418381
  0.160997        0.380814
  0.178885        0.342453
  0.189941        0.318348
  0.200997        0.293939
  0.212053        0.269226
  0.223108        0.244210
  0.234164        0.218891
  0.245220        0.193269
  0.256276        0.167343
  0.267331        0.141113
  0.278387        0.114581
  0.289443        0.087744
  0.300498        0.060605
  0.311554        0.033162
  0.322610        0.005415
  0.333666       -0.022634
  0.344721       -0.050988
  0.355777       -0.079644
  0.366833       -0.108604
  0.377889       -0.137867
  0.388944       -0.167434
  0.400000       -0.197304
  0.411056       -0.165362
  0.422111       -0.157318
  0.433167       -0.149448
  0.444223       -0.141750
  0.455279       -0.134225
  0.466334       -0.126873
  0.477390       -0.119693
  0.488446       -0.112687
  0.499502       -0.105853
  0.510557       -0.099192
  0.521613       -0.092703
  0.532669       -0.086388
  0.543724       -0.080245
  0.554780       -0.074275
  0.565836       -0.068478
  0.576892       -0.062853
  0.587947       -0.057401
  0.599003       -0.052122
  0.610059       -0.047016
  0.621115       -0.042083
  0.639003       -0.034466
  0.656892       -0.027302
  0.674780       -0.020590
  0.692669       -0.014331
  0.710557       -0.008523
  0.728446       -0.003169
  0.746334        0.001734
  0.764223        0.006184
  0.782111        0.010182
  0.800000        0.013728
  0.817889        0.016821
  0.835777        0.019462
  0.853666        0.021650
  0.871554        0.023387
  0.889443        0.024671
  0.907331        0.025502
  0.925220        0.025882
  0.943108        0.025809
  0.960997        0.025283
  0.978885        0.024306
  0.989941        0.023475
  1.000997        0.022472
  1.012053        0.021296
  1.023108        0.019947
  1.034164        0.018426
  1.045220        0.016732
  1.056276        0.014865
  1.067331        0.012825
  1.078387        0.010612
  1.089443        0.008227
  1.100498        0.005669
  1.111554        0.002938
  1.122610        0.000034
  1.133666       -0.003042
  1.144721       -0.006291
  1.155777       -0.009713
  1.166833       -0.013308
  1.177889       -0.017076
  1.188944       -0.021016
  1.200000       -0.025129
  1.211056       -0.007753
  1.222111       -0.007494
  1.233167       -0.007238
  1.244223       -0.006985
  1.255279       -0.006736
  1.266334       -0.006489
  1.277390       -0.006246
  1.288446       -0.006005
  1.299502       -0.005768
  1.310557       -0.005534
  1.321613       -0.005303
  1.332669       -0.005076
  1.343724       -0.004851
  1.354780       -0.004629
  1.365836       -0.004411
  1.376892       -0.004196
  1.387947       -0.003983
  1.399003       -0.003774
  1.410059       -0.003568
  1.421115       -0.003366
  1.439003       -0.003044
  1.456892       -0.002731
  1.474780       -0.002426
  1.492669       -0.002129
  1.510557       -0.001840
  1.528446       -0.001559
  1.546334       -0.001287
  1.564223       -0.001022
  1.582111       -0.000766
  1.600000       -0.000518
  1.617889       -0.000278
  1.635777       -0.000047
  1.653666        0.000177
  1.671554        0.000392
  1.689443        0.000599
  1.707331        0.000798
  1.725220        0.000988
  1.743108        0.001171
  1.760997        0.001345
  1.778885        0.001512
  1.789941        0.001610
  1.800997        0.001706
  1.812053        0.001798
  1.823108        0.001887
  1.834164        0.001973
  1.845220        0.002056
  1.856276        0.002136
  1.867331        0.002213
  1.878387        0.002287
  1.889443        0.002357
  1.900498        0.002425
  1.911554        0.002489
  1.922610        0.002550
  1.933666        0.002608
  1.944721        0.002663
  1.955777        0.002715
  1.966833        0.002763
  1.977889        0.002809
  1.988944        0.002851
  2.000000        0.002891
----------  0.080000--------------
 -1.988944       -0.031917
 -1.977889        0.011303
 -1.966833        0.053699
 -1.955777        0.095269
 -1.944721        0.136014
 -1.933666        0.175935
 -1.922610        0.215030
 -1.911554        0.253301
 -1.900498        0.290746
 -1.889443        0.327367
 -1.878387        0.363163
 -1.867331        0.398134
 -1.856276        0.432280
 -1.845220        0.465601
 -1.834164        0.498097
 -1.823108        0.529768
 -1.812053        0.560615
 -1.800997        0.590636
 -1.789941        0.619833
 -1.778885        0.648204
 -1.760997        0.692364
 -1.743108        0.734363
 -1.725220        0.774203
 -1.707331        0.811883
 -1.689443        0.847403
 -1.671554        0.880764
 -1.653666        0.911965
 -1.635777        0.941007
 -1.617889        0.967888
 -1.600000        0.992611
 -1.582111        1.015173
 -1.564223        1.035576
 -1.546334        1.053819
 -1.528446        1.069903
 -1.510557        1.083827
 -1.492669        1.095591
 -1.474780        1.105195
 -1.456892        1.112640
 -1.439003        1.117926
 -1.421115        1.121051
 -1.410059        1.121903
 -1.399003        1.121930
 -1.387947        1.121132
 -1.376892        1.119509
 -1.365836        1.117062
 -1.354780        1.113789
 -1.343724        1.109692
 -1.332669        1.104769
 -1.321613        1.099022
 -1.310557        1.092449
 -1.299502        1.085052
 -1.288446        1.076830
 -1.277390        1.067783
 -1.266334        1.057911
 -1.255279        1.047214
 -1.244223        1.035692
 -1.233167        1.023346
 -1.222111        1.010174
 -1.211056        0.996177
 -1.200000        0.981356
 -1.188944        0.947252
 -1.177889        0.948953
 -1.166833        0.950632
 -1.155777        0.952287
 -1.144721        0.953920
 -1.133666        0.955529
 -1.122610        0.957116
 -1.111554        0.958680
 -1.100498        0.960220
 -1.089443        0.961738
 -1.078387        0.963232
 -1.067331        0.964704
 -1.056276        0.966152
 -1.045220        0.967578
 -1.034164        0.968980
 -1.023108        0.970360
 -1.012053        0.971716
 -1.000997        0.973050
 -0.989941        0.974360
 -0.978885        0.975648
 -0.960997        0.977683
 -0.943108        0.979657
 -0.925220        0.981571
 -0.907331        0.983425
 -0.889443        0.985219
 -0.871554        0.986952
 -0.853666        0.988626
 -0.835777        0.990239
 -0.817889        0.991792
 -0.800000        0.993285
 -0.782111        0.994717
 -0.764223        0.996089
 -0.746334        0.997402
 -0.728446        0.998653
 -0.710557        0.999845
 -0.692669        1.000977
 -0.674780        1.002048
 -0.656892        1.003059
 -0.639003        1.004010
 -0.621115        1.004900
 -0.610059        1.005421
 -0.599003        1.005918
 -0.587947        1.006392
 -0.576892        1.006844
 -0.565836        1.007272
 -0.554780        1.007678
 -0.543724        1.008060
 -0.532669        1.008419
 -0.521613        1.008756
 -0.510557        1.009069
 -0.499502        1.009359
 -0.488446        1.009627
 -0.477390        1.009871
 -0.466334        1.010093
 -0.455279        1.010291
 -0.444223        1.010466
 -0.433167        1.010619
 -0.422111        1.010748
 -0.411056        1.010854
 -0.400000        1.010938
 -0.388944        1.090392
 -0.377889        1.090715
 -0.366833        1.090590
 -0.355777        1.090018
 -0.344721        1.088998
 -0.333666        1.087532
 -0.322610        1.085618
 -0.311554        1.083256
 -0.300498        1.080448
 -0.289443        1.077192
 -0.278387        1.073489
 -0.267331        1.069338
 -0.256276        1.064740
 -0.245220        1.059695
 -0.234164        1.054203
 -0.223108        1.048263
 -0.212053        1.041876
 -0.200997        1.035042
 -0.189941        1.027760
 -0.178885        1.020031
 -0.160997        1.006578
 -0.143108        0.991954
 -0.125220        0.976159
 -0.107331        0.959193
 -0.089443        0.941056
 -0.071554        0.921747
 -0.053666        0.901268
 -0.035777        0.879618
 -0.017889        0.856796
  0.000000        0.832804
  0.017889        0.807640
  0.035777        0.781306
  0.053666        0.753800
  0.071554        0.725124
  0.089443        0.695276
  0.107331        0.664257
  0.125220        0.632068
  0.143108        0.598707
  0.160997        0.564175
  0.178885        0.528472
  0.189941        0.505821
  0.200997        0.482723
  0.212053        0.459177
  0.223108        0.435184
  0.234164        0.410744
  0.245220        0.385856
  0.256276        0.360521
  0.267331        0.334739
  0.278387        0.308509
  0.289443        0.281833
  0.300498        0.254709
  0.311554        0.227137
  0.322610        0.199118
  0.333666        0.170652
  0.344721        0.141739
  0.355777        0.112379
  0.366833        0.082571
  0.377889        0.052315
  0.388944        0.021613
  0.400000       -0.009537
  0.411056       -0.156081
  0.422111       -0.150564
  0.433167       -0.145135
  0.444223       -0.139795
  0.455279       -0.134543
  0.466334       -0.129380
  0.477390       -0.124305
  0.488446       -0.119318
  0.499502       -0.114420
  0.510557       -0.109611
  0.521613       -0.104889
  0.532669       -0.100257
  0.543724       -0.095713
  0.554780       -0.091257
  0.565836       -0.086889
  0.576892       -0.082610
  0.587947       -0.078420
  0.599003       -0.074318
  0.610059       -0.070305
  0.621115       -0.066379
  0.639003       -0.060216
  0.656892       -0.054284
  0.674780       -0.048584
  0.692669       -0.043115
  0.710557       -0.037877
  0.728446       -0.032872
  0.746334       -0.028098
  0.764223       -0.023555
  0.782111       -0.019244
  0.800000       -0.015165
  0.817889       -0.011317
  0.835777       -0.007701
  0.853666       -0.004316
  0.871554       -0.001163
  0.889443        0.001759
  0.907331        0.004449
  0.925220        0.006907
  0.943108        0.009134
  0.960997        0.011129
  0.978885        0.012893
  0.989941        0.013867
  1.000997        0.014753
  1.012053        0.015550
  1.023108        0.016259
  1.034164        0.016879
  1.045220        0.017411
  1.056276        0.017855
  1.067331        0.018210
  1.078387        0.018476
  1.089443        0.018654
  1.100498        0.018744
  1.111554        0.018745
  1.122610        0.018658
  1.133666        0.018483
  1.144721        0.018218
  1.155777        0.017866
  1.166833        0.017425
  1.177889        0.016895
  1.188944        0.016277
  1.200000        0.015571
  1.211056       -0.002102
  1.222111       -0.002281
  1.233167       -0.002452
  1.244223       -0.002614
  1.255279       -0.002769
  1.266334       -0.002914
  1.277390       -0.003052
  1.288446       -0.003182
  1.299502       -0.003303
  1.310557       -0.003416
  1.321613       -0.003521
  1.332669       -0.003618
  1.343724       -0.003706
  1.354780       -0.003786
  1.365836       -0.003858
  1.376892       -0.003922
  1.387947       -0.003978
  1.399003       -0.004025
  1.410059       -0.004064
  1.421115       -0.004095
  1.439003       -0.004128
  1.456892       -0.004139
  1.474780       -0.004129
  1.492669       -0.004097
  1.510557       -0.004043
  1.528446       -0.003969
  1.546334       -0.003872
  1.564223       -0.003754
  1.582111       -0.003615
  1.600000       -0.003454
  1.617889       -0.003271
  1.635777       -0.003067
  1.653666       -0.002842
  1.671554       -0.002595
  1.689443       -0.002326
  1.707331       -0.002036
  1.725220       -0.001725
  1.743108       -0.001392
  1.760997       -0.001037
  1.778885       -0.000661
  1.789941       -0.000418
  1.800997       -0.000166
  1.812053        0.000093
  1.823108        0.000361
  1.834164        0.000637
  1.845220        0.000921
  1.856276        0.001214
  1.867331        0.001515
  1.878387        0.001824
  1.889443        0.002141
  1.900498        0.002466
  1.911554        0.002800
  1.922610        0.003141
  1.933666        0.003491
  1.944721        0.003850
  1.955777        0.004216
  1.966833        0.004591
  1.977889        0.004974
  1.988944        0.005365
  2.000000        0.005764
----------  0.160000--------------
 -1.988944       -0.192386
 -1.977889       -0.152179
 -1.966833       -0.112600
 -1.955777       -0.073647
 -1.944721       -0.035322
 -1.933666        0.002377
 -1.922610        0.039449
 -1.911554        0.075894
 -1.900498        0.111711
 -1.889443        0.146902
 -1.878387        0.181466
 -1.867331        0.215403
 -1.856276        0.248713
 -1.845220        0.281396
 -1.834164        0.313452
 -1.823108        0.344881
 -1.812053        0.375683
 -1.800997        0.405858
 -1.789941        0.435407
 -1.778885        0.464328
 -1.760997        0.509796
 -1.743108        0.553622
 -1.725220        0.595807
 -1.707331        0.636350
 -1.689443        0.675253
 -1.671554        0.712513
 -1.653666        0.748133
 -1.635777        0.782111
 -1.617889        0.814447
 -1.600000        0.845143
 -1.582111        0.874196
 -1.564223        0.901609
 -1.546334        0.927380
 -1.528446        0.951510
 -1.510557        0.973998
 -1.492669        0.994845
 -1.474780        1.014050
 -1.456892        1.031615
 -1.439003        1.047537
 -1.421115        1.061819
 -1.410059        1.069824
 -1.399003        1.077203
 -1.387947        1.083955
 -1.376892        1.090080
 -1.365836        1.095578
 -1.354780        1.100449
 -1.343724        1.104692
 -1.332669        1.108309
 -1.321613        1.111300
 -1.310557        1.113663
 -1.299502        1.115399
 -1.288446        1.116508
 -1.277390        1.116990
 -1.266334        1.116845
 -1.255279        1.116074
 -1.244223        1.114675
 -1.233167        1.112650
 -1.222111        1.109997
 -1.211056        1.106718
 -1.200000        1.102811
 -1.188944        1.012498
 -1.177889        1.010398
 -1.166833        1.008363
 -1.155777        1.006391
 -1.144721        1.004484
 -1.133666        1.002641
 -1.122610        1.000863
 -1.111554        0.999149
 -1.100498        0.997499
 -1.089443        0.995913
 -1.078387        0.994392
 -1.067331        0.992936
 -1.056276        0.991543
 -1.045220        0.990215
 -1.034164        0.988951
 -1.023108        0.987752
 -1.012053        0.986616
 -1.000997        0.985546
 -0.989941        0.984539
 -0.978885        0.983597
 -0.960997        0.982209
 -0.943108        0.980989
 -0.925220        0.979938
 -0.907331        0.979055
 -0.889443        0.978340
 -0.871554        0.977794
 -0.853666        0.977416
 -0.835777        0.977207
 -0.817889        0.977166
 -0.800000        0.977294
 -0.782111        0.977590
 -0.764223        0.978054
 -0.746334        0.978687
 -0.728446        0.979488
 -0.710557        0.980458
 -0.692669        0.981596
 -0.674780        0.982903
 -0.656892        0.984378
 -0.639003        0.986021
 -0.621115        0.987833
 -0.610059        0.989037
 -0.599003        0.990305
 -0.587947        0.991638
 -0.576892        0.993035
 -0.565836        0.994496
 -0.554780        0.996021
 -0.543724        0.997611
 -0.532669        0.999266
 -0.521613        1.000984
 -0.510557        1.002767
 -0.499502        1.004614
 -0.488446        1.006526
 -0.477390        1.008502
 -0.466334        1.010542
 -0.455279        1.012647
 -0.444223        1.014815
 -0.433167        1.017049
 -0.422111        1.019346
 -0.411056        1.021708
 -0.400000        1.024134
 -0.388944        1.035449
 -0.377889        1.040897
 -0.366833        1.045856
 -0.355777        1.050329
 -0.344721        1.054314
 -0.333666        1.057811
 -0.322610        1.060821
 -0.311554        1.063344
 -0.300498        1.065379
 -0.289443        1.066927
 -0.278387        1.067987
 -0.267331        1.068560
 -0.256276        1.068645
 -0.245220        1.068242
 -0.234164        1.067353
 -0.223108        1.065975
 -0.212053        1.064111
 -0.200997        1.061759
 -0.189941        1.058919
 -0.178885        1.055592
 -0.160997        1.049176
 -0.143108        1.041484
 -0.125220        1.032516
 -0.107331        1.022271
 -0.089443        1.010750
 -0.071554        0.997953
 -0.053666        0.983880
 -0.035777        0.968531
 -0.017889        0.951905
  0.000000        0.934003
  0.017889        0.914825
  0.035777        0.894371
  0.053666        0.872640
  0.071554        0.849634
  0.089443        0.825351
  0.107331        0.799791
  0.125220        0.772956
  0.143108        0.744844
  0.160997        0.715456
  0.178885        0.684792
  0.189941        0.665203
  0.200997        0.645126
  0.212053        0.624561
  0.223108        0.603509
  0.234164        0.581970
  0.245220        0.559943
  0.256276        0.537429
  0.267331        0.514427
  0.278387        0.490937
  0.289443        0.466961
  0.300498        0.442496
  0.311554        0.417544
  0.322610        0.392105
  0.333666        0.366179
  0.344721        0.339764
  0.355777        0.312863
  0.366833        0.285474
  0.377889        0.257597
  0.388944        0.229233
  0.400000        0.200381
  0.411056       -0.006645
  0.422111       -0.010154
  0.433167       -0.013540
  0.444223       -0.016801
  0.455279       -0.019940
  0.466334       -0.022955
  0.477390       -0.025846
  0.488446       -0.028613
  0.499502       -0.031257
  0.510557       -0.033778
  0.521613       -0.036175
  0.532669       -0.038448
  0.543724       -0.040598
  0.554780       -0.042624
  0.565836       -0.044527
  0.576892       -0.046306
  0.587947       -0.047961
  0.599003       -0.049493
  0.610059       -0.050902
  0.621115       -0.052187
  0.639003       -0.054004
  0.656892       -0.055497
  0.674780       -0.056668
  0.692669       -0.057514
  0.710557       -0.058037
  0.728446       -0.058237
  0.746334       -0.058113
  0.764223       -0.057666
  0.782111       -0.056895
  0.800000       -0.055800
  0.817889       -0.054383
  0.835777       -0.052641
  0.853666       -0.050576
  0.871554       -0.048188
  0.889443       -0.045476
  0.907331       -0.042441
  0.925220       -0.039082
  0.943108       -0.035399
  0.960997       -0.031393
  0.978885       -0.027064
  0.989941       -0.024227
  1.000997       -0.021265
  1.012053       -0.018181
  1.023108       -0.014973
  1.034164       -0.011641
  1.045220       -0.008186
  1.056276       -0.004607
  1.067331       -0.000904
  1.078387        0.002922
  1.089443        0.006871
  1.100498        0.010945
  1.111554        0.015141
  1.122610        0.019462
  1.133666        0.023905
  1.144721        0.028473
  1.155777        0.033164
  1.166833        0.037978
  1.177889        0.042916
  1.188944        0.047978
  1.200000        0.053163
  1.211056        0.027445
  1.222111        0.025802
  1.233167        0.024198
  1.244223        0.022632
  1.255279        0.021106
  1.266334        0.019618
  1.277390        0.018170
  1.288446        0.016760
  1.299502        0.015389
  1.310557        0.014057
  1.321613        0.012764
  1.332669        0.011510
  1.343724        0.010294
  1.354780        0.009118
  1.365836        0.007980
  1.376892        0.006882
  1.387947        0.005822
  1.399003        0.004801
  1.410059        0.003819
  1.421115        0.002875
  1.439003        0.001432
  1.456892        0.000090
  1.474780       -0.001150
  1.492669       -0.002289
  1.510557       -0.003325
  1.528446       -0.004260
  1.546334       -0.005093
  1.564223       -0.005825
  1.582111       -0.006454
  1.600000       -0.006982
  1.617889       -0.007407
  1.635777       -0.007731
  1.653666       -0.007954
  1.671554       -0.008074
  1.689443       -0.008093
  1.707331       -0.008010
  1.725220       -0.007825
  1.743108       -0.007538
  1.760997       -0.007150
  1.778885       -0.006659
  1.789941       -0.006305
  1.800997       -0.005913
  1.812053       -0.005481
  1.823108       -0.005010
  1.834164       -0.004501
  1.845220       -0.003953
  1.856276       -0.003365
  1.867331       -0.002739
  1.878387       -0.002074
  1.889443       -0.001371
  1.900498       -0.000628
  1.911554        0.000154
  1.922610        0.000974
  1.933666        0.001834
  1.944721        0.002732
  1.955777        0.003669
  1.966833        0.004645
  1.977889        0.005660
  1.988944        0.006714
  2.000000        0.007806
----------  0.240000--------------
 -1.988944       -0.232275
 -1.977889       -0.201075
 -1.966833       -0.170206
 -1.955777       -0.139667
 -1.944721       -0.109458
 -1.933666       -0.079580
 -1.922610       -0.050032
 -1.911554       -0.020814
 -1.900498        0.008074
 -1.889443        0.036631
 -1.878387        0.064857
 -1.867331        0.092754
 -1.856276        0.120320
 -1.845220        0.147556
 -1.834164        0.174461
 -1.823108        0.201036
 -1.812053        0.227281
 -1.800997        0.253196
 -1.789941        0.278780
 -1.778885        0.304034
 -1.760997        0.344196
 -1.743108        0.383493
 -1.725220        0.421925
 -1.707331        0.459493
 -1.689443        0.496196
 -1.671554        0.532033
 -1.653666        0.567007
 -1.635777        0.601115
 -1.617889        0.634359
 -1.600000        0.666737
 -1.582111        0.698251
 -1.564223        0.728900
 -1.546334        0.758685
 -1.528446        0.787604
 -1.510557        0.815659
 -1.492669        0.842849
 -1.474780        0.869174
 -1.456892        0.894634
 -1.439003        0.919230
 -1.421115        0.942961
 -1.410059        0.957195
 -1.399003        0.971098
 -1.387947        0.984672
 -1.376892        0.997915
 -1.365836        1.010828
 -1.354780        1.023410
 -1.343724        1.035662
 -1.332669        1.047584
 -1.321613        1.059175
 -1.310557        1.070436
 -1.299502        1.081367
 -1.288446        1.091968
 -1.277390        1.102238
 -1.266334        1.112177
 -1.255279        1.121787
 -1.244223        1.131066
 -1.233167        1.140015
 -1.222111        1.148633
 -1.211056        1.156922
 -1.200000        1.164879
 -1.188944        1.109274
 -1.177889        1.102785
 -1.166833        1.096446
 -1.155777        1.090255
 -1.144721        1.084213
 -1.133666        1.078320
 -1.122610        1.072576
 -1.111554        1.066981
 -1.100498        1.061535
 -1.089443        1.056238
 -1.078387        1.051090
 -1.067331        1.046091
 -1.056276        1.041240
 -1.045220        1.036539
 -1.034164        1.031987
 -1.023108        1.027583
 -1.012053        1.023329
 -1.000997        1.019224
 -0.989941        1.015267
 -0.978885        1.011460
 -0.960997        1.005614
 -0.943108        1.000159
 -0.925220        0.995094
 -0.907331        0.990418
 -0.889443        0.986133
 -0.871554        0.982238
 -0.853666        0.978732
 -0.835777        0.975617
 -0.817889        0.972891
 -0.800000        0.970556
 -0.782111        0.968610
 -0.764223        0.967054
 -0.746334        0.965889
 -0.728446        0.965113
 -0.710557        0.964727
 -0.692669        0.964732
 -0.674780        0.965126
 -0.656892        0.965910
 -0.639003        0.967084
 -0.621115        0.968649
 -0.610059        0.969810
 -0.599003        0.971121
 -0.587947        0.972580
 -0.576892        0.974189
 -0.565836        0.975946
 -0.554780        0.977853
 -0.543724        0.979908
 -0.532669        0.982113
 -0.521613        0.984466
 -0.510557        0.986968
 -0.499502        0.989620
 -0.488446        0.992420
 -0.477390        0.995369
 -0.466334        0.998467
 -0.455279        1.001714
 -0.444223        1.005110
 -0.433167        1.008655
 -0.422111        1.012349
 -0.411056        1.016192
 -0.400000        1.020184
 -0.388944        0.998369
 -0.377889        1.006470
 -0.366833        1.014103
 -0.355777        1.021267
 -0.344721        1.027964
 -0.333666        1.034193
 -0.322610        1.039954
 -0.311554        1.045247
 -0.300498        1.050071
 -0.289443        1.054428
 -0.278387        1.058317
 -0.267331        1.061737
 -0.256276        1.064690
 -0.245220        1.067175
 -0.234164        1.069192
 -0.223108        1.070740
 -0.212053        1.071821
 -0.200997        1.072434
 -0.189941        1.072578
 -0.178885        1.072255
 -0.160997        1.070740
 -0.143108        1.068001
 -0.125220        1.064036
 -0.107331        1.058845
 -0.089443        1.052430
 -0.071554        1.044789
 -0.053666        1.035923
 -0.035777        1.025832
 -0.017889        1.014515
  0.000000        1.001973
  0.017889        0.988206
  0.035777        0.973214
  0.053666        0.956996
  0.071554        0.939553
  0.089443        0.920885
  0.107331        0.900992
  0.125220        0.879873
  0.143108        0.857529
  0.160997        0.833960
  0.178885        0.809165
  0.189941        0.793229
  0.200997        0.776824
  0.212053        0.759952
  0.223108        0.742611
  0.234164        0.724803
  0.245220        0.706526
  0.256276        0.687782
  0.267331        0.668569
  0.278387        0.648889
  0.289443        0.628740
  0.300498        0.608123
  0.311554        0.587039
  0.322610        0.565486
  0.333666        0.543466
  0.344721        0.520977
  0.355777        0.498020
  0.366833        0.474596
  0.377889        0.450703
  0.388944        0.426342
  0.400000        0.401514
  0.411056        0.220713
  0.422111        0.206405
  0.433167        0.192437
  0.444223        0.178808
  0.455279        0.165520
  0.466334        0.152571
  0.477390        0.139962
  0.488446        0.127693
  0.499502        0.115763
  0.510557        0.104174
  0.521613        0.092924
  0.532669        0.082014
  0.543724        0.071443
  0.554780        0.061213
  0.565836        0.051322
  0.576892        0.041771
  0.587947        0.032559
  0.599003        0.023688
  0.610059        0.015156
  0.621115        0.006964
  0.639003       -0.005571
  0.656892       -0.017217
  0.674780       -0.027973
  0.692669       -0.037839
  0.710557       -0.046816
  0.728446       -0.054904
  0.746334       -0.062102
  0.764223       -0.068410
  0.782111       -0.073829
  0.800000       -0.078358
  0.817889       -0.081998
  0.835777       -0.084748
  0.853666       -0.086609
  0.871554       -0.087580
  0.889443       -0.087661
  0.907331       -0.086853
  0.925220       -0.085156
  0.943108       -0.082569
  0.960997       -0.079092
  0.978885       -0.074726
  0.989941       -0.071583
  1.000997       -0.068100
  1.012053       -0.064277
  1.023108       -0.060114
  1.034164       -0.055612
  1.045220       -0.050770
  1.056276       -0.045588
  1.067331       -0.040066
  1.078387       -0.034205
  1.089443       -0.028004
  1.100498       -0.021463
  1.111554       -0.014582
  1.122610       -0.007362
  1.133666        0.000199
  1.144721        0.008099
  1.155777        0.016339
  1.166833        0.024918
  1.177889        0.033838
  1.188944        0.043097
  1.200000        0.052696
  1.211056        0.053971
  1.222111        0.051417
  1.233167        0.048915
  1.244223        0.046465
  1.255279        0.044067
  1.266334        0.041721
  1.277390        0.039427
  1.288446        0.037184
  1.299502        0.034994
  1.310557        0.032855
  1.321613        0.030768
  1.332669        0.028733
  1.343724        0.026750
  1.354780        0.024819
  1.365836        0.022939
  1.376892        0.021112
  1.387947        0.019336
  1.399003        0.017613
  1.410059        0.015941
  1.421115        0.014321
  1.439003        0.011809
  1.456892        0.009434
  1.474780        0.007194
  1.492669        0.005091
  1.510557        0.003123
  1.528446        0.001290
  1.546334       -0.000406
  1.564223       -0.001967
  1.582111       -0.003391
  1.600000       -0.004680
  1.617889       -0.005833
  1.635777       -0.006851
  1.653666       -0.007732
  1.671554       -0.008478
  1.689443       -0.009088
  1.707331       -0.009562
  1.725220       -0.009900
  1.743108       -0.010102
  1.760997       -0.010169
  1.778885       -0.010100
  1.789941       -0.009989
  1.800997       -0.009826
  1.812053       -0.009612
  1.823108       -0.009346
  1.834164       -0.009027
  1.845220       -0.008657
  1.856276       -0.008235
  1.867331       -0.007761
  1.878387       -0.007236
  1.889443       -0.006658
  1.900498       -0.006029
  1.911554       -0.005347
  1.922610       -0.004614
  1.933666       -0.003829
  1.944721       -0.002992
  1.955777       -0.002103
  1.966833       -0.001162
  1.977889       -0.000170
  1.988944        0.000875
  2.000000        0.001971
----------  0.320000--------------
 -1.988944       -0.211323
 -1.977889       -0.190567
 -1.966833       -0.169861
 -1.955777       -0.149204
 -1.944721       -0.128597
 -1.933666       -0.108041
 -1.922610       -0.087533
 -1.911554       -0.067076
 -1.900498       -0.046669
 -1.889443       -0.026311
 -1.878387       -0.006003
 -1.867331        0.014255
 -1.856276        0.034463
 -1.845220        0.054622
 -1.834164        0.074730
 -1.823108        0.094789
 -1.812053        0.114798
 -1.800997        0.134758
 -1.789941        0.154667
 -1.778885        0.174527
 -1.760997        0.206555
 -1.743108        0.238452
 -1.725220        0.270220
 -1.707331        0.301857
 -1.689443        0.333363
 -1.671554        0.364739
 -1.653666        0.395985
 -1.635777        0.427101
 -1.617889        0.458085
 -1.600000        0.488940
 -1.582111        0.519664
 -1.564223        0.550258
 -1.546334        0.580721
 -1.528446        0.611054
 -1.510557        0.641257
 -1.492669        0.671329
 -1.474780        0.701271
 -1.456892        0.731083
 -1.439003        0.760764
 -1.421115        0.790314
 -1.410059        0.808512
 -1.399003        0.826661
 -1.387947        0.844759
 -1.376892        0.862808
 -1.365836        0.880807
 -1.354780        0.898756
 -1.343724        0.916655
 -1.332669        0.934505
 -1.321613        0.952305
 -1.310557        0.970054
 -1.299502        0.987754
 -1.288446        1.005405
 -1.277390        1.023005
 -1.266334        1.040556
 -1.255279        1.058057
 -1.244223        1.075508
 -1.233167        1.092909
 -1.222111        1.110260
 -1.211056        1.127562
 -1.200000        1.144814
 -1.188944        1.170814
 -1.177889        1.162852
 -1.166833        1.155045
 -1.155777        1.147395
 -1.144721        1.139900
 -1.133666        1.132561
 -1.122610        1.125378
 -1.111554        1.118351
 -1.100498        1.111479
 -1.089443        1.104764
 -1.078387        1.098204
 -1.067331        1.091800
 -1.056276        1.085552
 -1.045220        1.079460
 -1.034164        1.073523
 -1.023108        1.067743
 -1.012053        1.062118
 -1.000997        1.056649
 -0.989941        1.051336
 -0.978885        1.046179
 -0.960997        1.038164
 -0.943108        1.030558
 -0.925220        1.023359
 -0.907331        1.016569
 -0.889443        1.010186
 -0.871554        1.004211
 -0.853666        0.998645
 -0.835777        0.993486
 -0.817889        0.988736
 -0.800000        0.984393
 -0.782111        0.980458
 -0.764223        0.976932
 -0.746334        0.973813
 -0.728446        0.971102
 -0.710557        0.968800
 -0.692669        0.966905
 -0.674780        0.965418
 -0.656892        0.964339
 -0.639003        0.963669
 -0.621115        0.963406
 -0.610059        0.963447
 -0.599003        0.963645
 -0.587947        0.963998
 -0.576892        0.964507
 -0.565836        0.965172
 -0.554780        0.965993
 -0.543724        0.966969
 -0.532669        0.968102
 -0.521613        0.969390
 -0.510557        0.970834
 -0.499502        0.972434
 -0.488446        0.974190
 -0.477390        0.976102
 -0.466334        0.978169
 -0.455279        0.980392
 -0.444223        0.982771
 -0.433167        0.985306
 -0.422111        0.987997
 -0.411056        0.990844
 -0.400000        0.993846
 -0.388944        0.963423
 -0.377889        0.973022
 -0.366833        0.982193
 -0.355777        0.990938
 -0.344721        0.999256
 -0.333666        1.007148
 -0.322610        1.014613
 -0.311554        1.021651
 -0.300498        1.028262
 -0.289443        1.034447
 -0.278387        1.040205
 -0.267331        1.045537
 -0.256276        1.050442
 -0.245220        1.054920
 -0.234164        1.058972
 -0.223108        1.062597
 -0.212053        1.065795
 -0.200997        1.068567
 -0.189941        1.070912
 -0.178885        1.072830
 -0.160997        1.075030
 -0.143108        1.076114
 -0.125220        1.076080
 -0.107331        1.074929
 -0.089443        1.072661
 -0.071554        1.069277
 -0.053666        1.064775
 -0.035777        1.059156
 -0.017889        1.052420
  0.000000        1.044568
  0.017889        1.035598
  0.035777        1.025511
  0.053666        1.014307
  0.071554        1.001987
  0.089443        0.988549
  0.107331        0.973994
  0.125220        0.958322
  0.143108        0.941534
  0.160997        0.923628
  0.178885        0.904605
  0.189941        0.892290
  0.200997        0.879548
  0.212053        0.866379
  0.223108        0.852784
  0.234164        0.838762
  0.245220        0.824314
  0.256276        0.809439
  0.267331        0.794137
  0.278387        0.778408
  0.289443        0.762253
  0.300498        0.745671
  0.311554        0.728663
  0.322610        0.711228
  0.333666        0.693366
  0.344721        0.675078
  0.355777        0.656363
  0.366833        0.637221
  0.377889        0.617652
  0.388944        0.597657
  0.400000        0.577236
  0.411056        0.468398
  0.422111        0.444992
  0.433167        0.422070
  0.444223        0.399631
  0.455279        0.377677
  0.466334        0.356206
  0.477390        0.335220
  0.488446        0.314717
  0.499502        0.294699
  0.510557        0.275164
  0.521613        0.256113
  0.532669        0.237546
  0.543724        0.219463
  0.554780        0.201864
  0.565836        0.184749
  0.576892        0.168118
  0.587947        0.151971
  0.599003        0.136307
  0.610059        0.121128
  0.621115        0.106432
  0.639003        0.083680
  0.656892        0.062194
  0.674780        0.041975
  0.692669        0.023023
  0.710557        0.005338
  0.728446       -0.011080
  0.746334       -0.026231
  0.764223       -0.040115
  0.782111       -0.052732
  0.800000       -0.064083
  0.817889       -0.074166
  0.835777       -0.082982
  0.853666       -0.090532
  0.871554       -0.096814
  0.889443       -0.101830
  0.907331       -0.105579
  0.925220       -0.108060
  0.943108       -0.109275
  0.960997       -0.109223
  0.978885       -0.107904
  0.989941       -0.106455
  1.000997       -0.104522
  1.012053       -0.102106
  1.023108       -0.099205
  1.034164       -0.095821
  1.045220       -0.091952
  1.056276       -0.087600
  1.067331       -0.082764
  1.078387       -0.077443
  1.089443       -0.071639
  1.100498       -0.065351
  1.111554       -0.058579
  1.122610       -0.051323
  1.133666       -0.043584
  1.144721       -0.035360
  1.155777       -0.026652
  1.166833       -0.017461
  1.177889       -0.007785
  1.188944        0.002374
  1.200000        0.013018
  1.211056        0.050864
  1.222111        0.049146
  1.233167        0.047452
  1.244223        0.045784
  1.255279        0.044139
  1.266334        0.042519
  1.277390        0.040924
  1.288446        0.039354
  1.299502        0.037808
  1.310557        0.036286
  1.321613        0.034789
  1.332669        0.033317
  1.343724        0.031869
  1.354780        0.030446
  1.365836        0.029047
  1.376892        0.027673
  1.387947        0.026324
  1.399003        0.024999
  1.410059        0.023698
  1.421115        0.022423
  1.439003        0.020410
  1.456892        0.018462
  1.474780        0.016579
  1.492669        0.014759
  1.510557        0.013004
  1.528446        0.011314
  1.546334        0.009687
  1.564223        0.008125
  1.582111        0.006628
  1.600000        0.005194
  1.617889        0.003825
  1.635777        0.002520
  1.653666        0.001280
  1.671554        0.000104
  1.689443       -0.001008
  1.707331       -0.002056
  1.725220       -0.003039
  1.743108       -0.003958
  1.760997       -0.004812
  1.778885       -0.005602
  1.789941       -0.006059
  1.800997       -0.006490
  1.812053       -0.006897
  1.823108       -0.007280
  1.834164       -0.007638
  1.845220       -0.007971
  1.856276       -0.008280
  1.867331       -0.008564
  1.878387       -0.008824
  1.889443       -0.009059
  1.900498       -0.009270
  1.911554       -0.009456
  1.922610       -0.009617
  1.933666       -0.009754
  1.944721       -0.009866
  1.955777       -0.009954
  1.966833       -0.010017
  1.977889       -0.010056
  1.988944       -0.010070
  2.000000       -0.010059
----------  0.400000--------------
 -1.988944       -0.165315
 -1.977889       -0.154068
 -1.966833       -0.142654
 -1.955777       -0.131075
 -1.944721       -0.119330
 -1.933666       -0.107419
 -1.922610       -0.095343
 -1.911554       -0.083101
 -1.900498       -0.070693
 -1.889443       -0.058119
 -1.878387       -0.045380
 -1.867331       -0.032476
 -1.856276       -0.019405
 -1.845220       -0.006169
 -1.834164        0.007233
 -1.823108        0.020800
 -1.812053        0.034533
 -1.800997        0.048432
 -1.789941        0.062497
 -1.778885        0.076727
 -1.760997        0.100103
 -1.743108        0.123913
 -1.725220        0.148156
 -1.707331        0.172833
 -1.689443        0.197944
 -1.671554        0.223489
 -1.653666        0.249467
 -1.635777        0.275880
 -1.617889        0.302726
 -1.600000        0.330005
 -1.582111        0.357719
 -1.564223        0.385866
 -1.546334        0.414447
 -1.528446        0.443462
 -1.510557        0.472911
 -1.492669        0.502793
 -1.474780        0.533109
 -1.456892        0.563859
 -1.439003        0.595042
 -1.421115        0.626660
 -1.410059        0.646417
 -1.399003        0.666340
 -1.387947        0.686429
 -1.376892        0.706684
 -1.365836        0.727104
 -1.354780        0.747690
 -1.343724        0.768442
 -1.332669        0.789359
 -1.321613        0.810442
 -1.310557        0.831690
 -1.299502        0.853105
 -1.288446        0.874685
 -1.277390        0.896430
 -1.266334        0.918342
 -1.255279        0.940419
 -1.244223        0.962661
 -1.233167        0.985070
 -1.222111        1.007644
 -1.211056        1.030384
 -1.200000        1.053289
 -1.188944        1.156882
 -1.177889        1.151709
 -1.166833        1.146606
 -1.155777        1.141571
 -1.144721        1.136605
 -1.133666        1.131707
 -1.122610        1.126878
 -1.111554        1.122117
 -1.100498        1.117425
 -1.089443        1.112802
 -1.078387        1.108247
 -1.067331        1.103761
 -1.056276        1.099344
 -1.045220        1.094995
 -1.034164        1.090715
 -1.023108        1.086503
 -1.012053        1.082360
 -1.000997        1.078285
 -0.989941        1.074279
 -0.978885        1.070342
 -0.960997        1.064117
 -0.943108        1.058071
 -0.925220        1.052205
 -0.907331        1.046518
 -0.889443        1.041011
 -0.871554        1.035684
 -0.853666        1.030536
 -0.835777        1.025567
 -0.817889        1.020779
 -0.800000        1.016170
 -0.782111        1.011740
 -0.764223        1.007491
 -0.746334        1.003420
 -0.728446        0.999530
 -0.710557        0.995819
 -0.692669        0.992287
 -0.674780        0.988935
 -0.656892        0.985763
 -0.639003        0.982770
 -0.621115        0.979957
 -0.610059        0.978309
 -0.599003        0.976728
 -0.587947        0.975217
 -0.576892        0.973774
 -0.565836        0.972399
 -0.554780        0.971094
 -0.543724        0.969856
 -0.532669        0.968688
 -0.521613        0.967588
 -0.510557        0.966557
 -0.499502        0.965594
 -0.488446        0.964700
 -0.477390        0.963874
 -0.466334        0.963117
 -0.455279        0.962429
 -0.444223        0.961809
 -0.433167        0.961258
 -0.422111        0.960775
 -0.411056        0.960361
 -0.400000        0.960016
 -0.388944        0.924761
 -0.377889        0.935257
 -0.366833        0.945375
 -0.355777        0.955114
 -0.344721        0.964474
 -0.333666        0.973456
 -0.322610        0.982059
 -0.311554        0.990284
 -0.300498        0.998130
 -0.289443        1.005597
 -0.278387        1.012686
 -0.267331        1.019396
 -0.256276        1.025727
 -0.245220        1.031680
 -0.234164        1.037255
 -0.223108        1.042451
 -0.212053        1.047268
 -0.200997        1.051706
 -0.189941        1.055766
 -0.178885        1.059448
 -0.160997        1.064602
 -0.143108        1.068766
 -0.125220        1.071938
 -0.107331        1.074120
 -0.089443        1.075310
 -0.071554        1.075509
 -0.053666        1.074716
 -0.035777        1.072933
 -0.017889        1.070158
  0.000000        1.066392
  0.017889        1.061635
  0.035777        1.055887
  0.053666        1.049148
  0.071554        1.041417
  0.089443        1.032695
  0.107331        1.022982
  0.125220        1.012278
  0.143108        1.000583
  0.160997        0.987897
  0.178885        0.974219
  0.189941        0.965270
  0.200997        0.955943
  0.212053        0.946237
  0.223108        0.936152
  0.234164        0.925689
  0.245220        0.914847
  0.256276        0.903627
  0.267331        0.892028
  0.278387        0.880050
  0.289443        0.867694
  0.300498        0.854959
  0.311554        0.841846
  0.322610        0.828354
  0.333666        0.814483
  0.344721        0.800234
  0.355777        0.785606
  0.366833        0.770600
  0.377889        0.755215
  0.388944        0.739451
  0.400000        0.723309
  0.411056        0.696053
  0.422111        0.667035
  0.433167        0.638546
  0.444223        0.610586
  0.455279        0.583154
  0.466334        0.556252
  0.477390        0.529878
  0.488446        0.504033
  0.499502        0.478716
  0.510557        0.453929
  0.521613        0.429671
  0.532669        0.405941
  0.543724        0.382740
  0.554780        0.360068
  0.565836        0.337924
  0.576892        0.316310
  0.587947        0.295224
  0.599003        0.274668
  0.610059        0.254640
  0.621115        0.235140
  0.639003        0.204710
  0.656892        0.175664
  0.674780        0.148003
  0.692669        0.121726
  0.710557        0.096834
  0.728446        0.073326
  0.746334        0.051202
  0.764223        0.030464
  0.782111        0.011109
  0.800000       -0.006861
  0.817889       -0.023447
  0.835777       -0.038648
  0.853666       -0.052464
  0.871554       -0.064896
  0.889443       -0.075944
  0.907331       -0.085607
  0.925220       -0.093886
  0.943108       -0.100780
  0.960997       -0.106290
  0.978885       -0.110415
  0.989941       -0.112273
  1.000997       -0.113601
  1.012053       -0.114401
  1.023108       -0.114672
  1.034164       -0.114414
  1.045220       -0.113627
  1.056276       -0.112312
  1.067331       -0.110467
  1.078387       -0.108094
  1.089443       -0.105192
  1.100498       -0.101761
  1.111554       -0.097801
  1.122610       -0.093313
  1.133666       -0.088296
  1.144721       -0.082750
  1.155777       -0.076675
  1.166833       -0.070071
  1.177889       -0.062938
  1.188944       -0.055277
  1.200000       -0.047087
  1.211056        0.010898
  1.222111        0.011691
  1.233167        0.012451
  1.244223        0.013175
  1.255279        0.013865
  1.266334        0.014520
  1.277390        0.015140
  1.288446        0.015726
  1.299502        0.016277
  1.310557        0.016794
  1.321613        0.017275
  1.332669        0.017722
  1.343724        0.018135
  1.354780        0.018512
  1.365836        0.018855
  1.376892        0.019164
  1.387947        0.019437
  1.399003        0.019676
  1.410059        0.019881
  1.421115        0.020050
  1.439003        0.020251
  1.456892        0.020361
  1.474780        0.020380
  1.492669        0.020309
  1.510557        0.020147
  1.528446        0.019893
  1.546334        0.019550
  1.564223        0.019115
  1.582111        0.018589
  1.600000        0.017973
  1.617889        0.017266
  1.635777        0.016468
  1.653666        0.015579
  1.671554        0.014600
  1.689443        0.013529
  1.707331        0.012368
  1.725220        0.011116
  1.743108        0.009773
  1.760997        0.008340
  1.778885        0.006816
  1.789941        0.005828
  1.800997        0.004806
  1.812053        0.003749
  1.823108        0.002657
  1.834164        0.001531
  1.845220        0.000370
  1.856276       -0.000825
  1.867331       -0.002056
  1.878387       -0.003321
  1.889443       -0.004620
  1.900498       -0.005955
  1.911554       -0.007324
  1.922610       -0.008727
  1.933666       -0.010166
  1.944721       -0.011639
  1.955777       -0.013147
  1.966833       -0.014689
  1.977889       -0.016266
  1.988944       -0.017878
  2.000000       -0.019524
----------  0.480000--------------
 -1.988944       -0.110649
 -1.977889       -0.107135
 -1.966833       -0.103313
 -1.955777       -0.099182
 -1.944721       -0.094744
 -1.933666       -0.089997
 -1.922610       -0.084942
 -1.911554       -0.079578
 -1.900498       -0.073906
 -1.889443       -0.067926
 -1.878387       -0.061638
 -1.867331       -0.055041
 -1.856276       -0.048136
 -1.845220       -0.040923
 -1.834164       -0.033402
 -1.823108       -0.025572
 -1.812053       -0.017434
 -1.800997       -0.008988
 -1.789941       -0.000233
 -1.778885        0.008829
 -1.760997        0.024146
 -1.743108        0.040270
 -1.725220        0.057201
 -1.707331        0.074939
 -1.689443        0.093484
 -1.671554        0.112837
 -1.653666        0.132996
 -1.635777        0.153962
 -1.617889        0.175736
 -1.600000        0.198316
 -1.582111        0.221704
 -1.564223        0.245899
 -1.546334        0.270901
 -1.528446        0.296709
 -1.510557        0.323325
 -1.492669        0.350748
 -1.474780        0.378978
 -1.456892        0.408016
 -1.439003        0.437860
 -1.421115        0.468511
 -1.410059        0.487858
 -1.399003        0.507514
 -1.387947        0.527477
 -1.376892        0.547749
 -1.365836        0.568329
 -1.354780        0.589218
 -1.343724        0.610415
 -1.332669        0.631920
 -1.321613        0.653733
 -1.310557        0.675854
 -1.299502        0.698284
 -1.288446        0.721022
 -1.277390        0.744069
 -1.266334        0.767424
 -1.255279        0.791086
 -1.244223        0.815058
 -1.233167        0.839337
 -1.222111        0.863925
 -1.211056        0.888821
 -1.200000        0.914025
 -1.188944        1.060420
 -1.177889        1.061620
 -1.166833        1.062737
 -1.155777        1.063772
 -1.144721        1.064724
 -1.133666        1.065594
 -1.122610        1.066382
 -1.111554        1.067086
 -1.100498        1.067708
 -1.089443        1.068248
 -1.078387        1.068705
 -1.067331        1.069080
 -1.056276        1.069372
 -1.045220        1.069582
 -1.034164        1.069709
 -1.023108        1.069753
 -1.012053        1.069715
 -1.000997        1.069594
 -0.989941        1.069391
 -0.978885        1.069106
 -0.960997        1.068469
 -0.943108        1.067615
 -0.925220        1.066546
 -0.907331        1.065261
 -0.889443        1.063760
 -0.871554        1.062042
 -0.853666        1.060109
 -0.835777        1.057959
 -0.817889        1.055594
 -0.800000        1.053012
 -0.782111        1.050214
 -0.764223        1.047200
 -0.746334        1.043970
 -0.728446        1.040524
 -0.710557        1.036862
 -0.692669        1.032984
 -0.674780        1.028889
 -0.656892        1.024579
 -0.639003        1.020053
 -0.621115        1.015310
 -0.610059        1.012271
 -0.599003        1.009149
 -0.587947        1.005945
 -0.576892        1.002659
 -0.565836        0.999289
 -0.554780        0.995838
 -0.543724        0.992303
 -0.532669        0.988687
 -0.521613        0.984987
 -0.510557        0.981205
 -0.499502        0.977341
 -0.488446        0.973394
 -0.477390        0.969364
 -0.466334        0.965252
 -0.455279        0.961058
 -0.444223        0.956781
 -0.433167        0.952421
 -0.422111        0.947979
 -0.411056        0.943454
 -0.400000        0.938847
 -0.388944        0.890391
 -0.377889        0.900951
 -0.366833        0.911191
 -0.355777        0.921112
 -0.344721        0.930713
 -0.333666        0.939994
 -0.322610        0.948956
 -0.311554        0.957599
 -0.300498        0.965921
 -0.289443        0.973925
 -0.278387        0.981608
 -0.267331        0.988972
 -0.256276        0.996016
 -0.245220        1.002741
 -0.234164        1.009146
 -0.223108        1.015232
 -0.212053        1.020998
 -0.200997        1.026444
 -0.189941        1.031571
 -0.178885        1.036379
 -0.160997        1.043480
 -0.143108        1.049745
 -0.125220        1.055173
 -0.107331        1.059764
 -0.089443        1.063518
 -0.071554        1.066436
 -0.053666        1.068517
 -0.035777        1.069762
 -0.017889        1.070170
  0.000000        1.069741
  0.017889        1.068475
  0.035777        1.066373
  0.053666        1.063434
  0.071554        1.059658
  0.089443        1.055046
  0.107331        1.049597
  0.125220        1.043311
  0.143108        1.036188
  0.160997        1.028229
  0.178885        1.019433
  0.189941        1.013579
  0.200997        1.007405
  0.212053        1.000911
  0.223108        0.994098
  0.234164        0.986965
  0.245220        0.979512
  0.256276        0.971740
  0.267331        0.963649
  0.278387        0.955237
  0.289443        0.946507
  0.300498        0.937456
  0.311554        0.928086
  0.322610        0.918396
  0.333666        0.908387
  0.344721        0.898059
  0.355777        0.887410
  0.366833        0.876442
  0.377889        0.865155
  0.388944        0.853547
  0.400000        0.841621
  0.411056        0.882471
  0.422111        0.851674
  0.433167        0.821360
  0.444223        0.791529
  0.455279        0.762181
  0.466334        0.733316
  0.477390        0.704933
  0.488446        0.677034
  0.499502        0.649617
  0.510557        0.622683
  0.521613        0.596232
  0.532669        0.570264
  0.543724        0.544779
  0.554780        0.519777
  0.565836        0.495258
  0.576892        0.471221
  0.587947        0.447668
  0.599003        0.424597
  0.610059        0.402009
  0.621115        0.379904
  0.639003        0.345160
  0.656892        0.311681
  0.674780        0.279466
  0.692669        0.248515
  0.710557        0.218828
  0.728446        0.190405
  0.746334        0.163247
  0.764223        0.137353
  0.782111        0.112723
  0.800000        0.089357
  0.817889        0.067255
  0.835777        0.046418
  0.853666        0.026845
  0.871554        0.008536
  0.889443       -0.008509
  0.907331       -0.024289
  0.925220       -0.038805
  0.943108       -0.052057
  0.960997       -0.064045
  0.978885       -0.074768
  0.989941       -0.080764
  1.000997       -0.086276
  1.012053       -0.091306
  1.023108       -0.095853
  1.034164       -0.099917
  1.045220       -0.103498
  1.056276       -0.106596
  1.067331       -0.109211
  1.078387       -0.111343
  1.089443       -0.112993
  1.100498       -0.114159
  1.111554       -0.114843
  1.122610       -0.115043
  1.133666       -0.114761
  1.144721       -0.113996
  1.155777       -0.112748
  1.166833       -0.111018
  1.177889       -0.108804
  1.188944       -0.106107
  1.200000       -0.102928
  1.211056       -0.052960
  1.222111       -0.049064
  1.233167       -0.045264
  1.244223       -0.041562
  1.255279       -0.037957
  1.266334       -0.034448
  1.277390       -0.031037
  1.288446       -0.027722
  1.299502       -0.024504
  1.310557       -0.021383
  1.321613       -0.018359
  1.332669       -0.015432
  1.343724       -0.012602
  1.354780       -0.009869
  1.365836       -0.007233
  1.376892       -0.004693
  1.387947       -0.002251
  1.399003        0.000095
  1.410059        0.002343
  1.421115        0.004495
  1.439003        0.007771
  1.456892        0.010794
  1.474780        0.013563
  1.492669        0.016078
  1.510557        0.018339
  1.528446        0.020347
  1.546334        0.022101
  1.564223        0.023601
  1.582111        0.024848
  1.600000        0.025841
  1.617889        0.026580
  1.635777        0.027065
  1.653666        0.027297
  1.671554        0.027275
  1.689443        0.026999
  1.707331        0.026470
  1.725220        0.025687
  1.743108        0.024650
  1.760997        0.023359
  1.778885        0.021815
  1.789941        0.020733
  1.800997        0.019555
  1.812053        0.018280
  1.823108        0.016908
  1.834164        0.015439
  1.845220        0.013873
  1.856276        0.012210
  1.867331        0.010450
  1.878387        0.008594
  1.889443        0.006640
  1.900498        0.004590
  1.911554        0.002442
  1.922610        0.000198
  1.933666       -0.002143
  1.944721       -0.004581
  1.955777       -0.007116
  1.966833       -0.009748
  1.977889       -0.012477
  1.988944       -0.015303
  2.000000       -0.018225
----------  0.560000--------------
 -1.988944       -0.053106
 -1.977889       -0.055490
 -1.966833       -0.057485
 -1.955777       -0.059093
 -1.944721       -0.060312
 -1.933666       -0.061143
 -1.922610       -0.061586
 -1.911554       -0.061641
 -1.900498       -0.061308
 -1.889443       -0.060586
 -1.878387       -0.059477
 -1.867331       -0.057979
 -1.856276       -0.056093
 -1.845220       -0.053819
 -1.834164       -0.051157
 -1.823108       -0.048106
 -1.812053       -0.044668
 -1.800997       -0.040841
 -1.789941       -0.036626
 -1.778885       -0.032023
 -1.760997       -0.023753
 -1.743108       -0.014467
 -1.725220       -0.004165
 -1.707331        0.007154
 -1.689443        0.019489
 -1.671554        0.032840
 -1.653666        0.047207
 -1.635777        0.062590
 -1.617889        0.078990
 -1.600000        0.096405
 -1.582111        0.114837
 -1.564223        0.134285
 -1.546334        0.154750
 -1.528446        0.176230
 -1.510557        0.198727
 -1.492669        0.222240
 -1.474780        0.246769
 -1.456892        0.272315
 -1.439003        0.298876
 -1.421115        0.326454
 -1.410059        0.344006
 -1.399003        0.361946
 -1.387947        0.380275
 -1.376892        0.398991
 -1.365836        0.418096
 -1.354780        0.437589
 -1.343724        0.457470
 -1.332669        0.477739
 -1.321613        0.498396
 -1.310557        0.519442
 -1.299502        0.540875
 -1.288446        0.562697
 -1.277390        0.584907
 -1.266334        0.607505
 -1.255279        0.630491
 -1.244223        0.653866
 -1.233167        0.677628
 -1.222111        0.701779
 -1.211056        0.726318
 -1.200000        0.751245
 -1.188944        0.898291
 -1.177889        0.907663
 -1.166833        0.916786
 -1.155777        0.925661
 -1.144721        0.934288
 -1.133666        0.942666
 -1.122610        0.950796
 -1.111554        0.958677
 -1.100498        0.966310
 -1.089443        0.973695
 -1.078387        0.980831
 -1.067331        0.987718
 -1.056276        0.994358
 -1.045220        1.000749
 -1.034164        1.006891
 -1.023108        1.012785
 -1.012053        1.018431
 -1.000997        1.023828
 -0.989941        1.028977
 -0.978885        1.033878
 -0.960997        1.041281
 -0.943108        1.048033
 -0.925220        1.054136
 -0.907331        1.059588
 -0.889443        1.064389
 -0.871554        1.068541
 -0.853666        1.072041
 -0.835777        1.074892
 -0.817889        1.077092
 -0.800000        1.078642
 -0.782111        1.079542
 -0.764223        1.079791
 -0.746334        1.079390
 -0.728446        1.078339
 -0.710557        1.076637
 -0.692669        1.074285
 -0.674780        1.071282
 -0.656892        1.067630
 -0.639003        1.063327
 -0.621115        1.058373
 -0.610059        1.054987
 -0.599003        1.051352
 -0.587947        1.047468
 -0.576892        1.043336
 -0.565836        1.038956
 -0.554780        1.034328
 -0.543724        1.029451
 -0.532669        1.024325
 -0.521613        1.018951
 -0.510557        1.013329
 -0.499502        1.007459
 -0.488446        1.001340
 -0.477390        0.994972
 -0.466334        0.988356
 -0.455279        0.981492
 -0.444223        0.974379
 -0.433167        0.967018
 -0.422111        0.959409
 -0.411056        0.951551
 -0.400000        0.943444
 -0.388944        0.874925
 -0.377889        0.884228
 -0.366833        0.893289
 -0.355777        0.902111
 -0.344721        0.910691
 -0.333666        0.919030
 -0.322610        0.927129
 -0.311554        0.934986
 -0.300498        0.942603
 -0.289443        0.949979
 -0.278387        0.957114
 -0.267331        0.964009
 -0.256276        0.970662
 -0.245220        0.977075
 -0.234164        0.983246
 -0.223108        0.989177
 -0.212053        0.994867
 -0.200997        1.000317
 -0.189941        1.005525
 -0.178885        1.010493
 -0.160997        1.018020
 -0.143108        1.024917
 -0.125220        1.031184
 -0.107331        1.036820
 -0.089443        1.041825
 -0.071554        1.046200
 -0.053666        1.049944
 -0.035777        1.053058
 -0.017889        1.055541
  0.000000        1.057394
  0.017889        1.058616
  0.035777        1.059208
  0.053666        1.059169
  0.071554        1.058500
  0.089443        1.057200
  0.107331        1.055269
  0.125220        1.052708
  0.143108        1.049517
  0.160997        1.045694
  0.178885        1.041242
  0.189941        1.038175
  0.200997        1.034867
  0.212053        1.031318
  0.223108        1.027528
  0.234164        1.023498
  0.245220        1.019226
  0.256276        1.014714
  0.267331        1.009961
  0.278387        1.004967
  0.289443        0.999732
  0.300498        0.994257
  0.311554        0.988540
  0.322610        0.982583
  0.333666        0.976385
  0.344721        0.969946
  0.355777        0.963266
  0.366833        0.956346
  0.377889        0.949184
  0.388944        0.941782
  0.400000        0.934139
  0.411056        1.020703
  0.422111        0.991431
  0.433167        0.962532
  0.444223        0.934006
  0.455279        0.905851
  0.466334        0.878068
  0.477390        0.850658
  0.488446        0.823620
  0.499502        0.796954
  0.510557        0.770660
  0.521613        0.744738
  0.532669        0.719189
  0.543724        0.694011
  0.554780        0.669206
  0.565836        0.644773
  0.576892        0.620712
  0.587947        0.597024
  0.599003        0.573707
  0.610059        0.550763
  0.621115        0.528191
  0.639003        0.492457
  0.656892        0.457697
  0.674780        0.423912
  0.692669        0.391100
  0.710557        0.359264
  0.728446        0.328401
  0.746334        0.298513
  0.764223        0.269600
  0.782111        0.241660
  0.800000        0.214696
  0.817889        0.188705
  0.835777        0.163689
  0.853666        0.139647
  0.871554        0.116579
  0.889443        0.094486
  0.907331        0.073368
  0.925220        0.053223
  0.943108        0.034053
  0.960997        0.015857
  0.978885       -0.001364
  0.989941       -0.011520
  1.000997       -0.021304
  1.012053       -0.030716
  1.023108       -0.039756
  1.034164       -0.048423
  1.045220       -0.056718
  1.056276       -0.064641
  1.067331       -0.072192
  1.078387       -0.079371
  1.089443       -0.086178
  1.100498       -0.092612
  1.111554       -0.098675
  1.122610       -0.104365
  1.133666       -0.109683
  1.144721       -0.114628
  1.155777       -0.119202
  1.166833       -0.123403
  1.177889       -0.127233
  1.188944       -0.130690
  1.200000       -0.133775
  1.211056       -0.116423
  1.222111       -0.110243
  1.233167       -0.104193
  1.244223       -0.098275
  1.255279       -0.092487
  1.266334       -0.086830
  1.277390       -0.081304
  1.288446       -0.075909
  1.299502       -0.070645
  1.310557       -0.065512
  1.321613       -0.060510
  1.332669       -0.055639
  1.343724       -0.050899
  1.354780       -0.046290
  1.365836       -0.041811
  1.376892       -0.037464
  1.387947       -0.033247
  1.399003       -0.029162
  1.410059       -0.025207
  1.421115       -0.021383
  1.439003       -0.015474
  1.456892       -0.009907
  1.474780       -0.004683
  1.492669        0.000198
  1.510557        0.004737
  1.528446        0.008932
  1.546334        0.012785
  1.564223        0.016295
  1.582111        0.019463
  1.600000        0.022287
  1.617889        0.024769
  1.635777        0.026908
  1.653666        0.028704
  1.671554        0.030158
  1.689443        0.031268
  1.707331        0.032036
  1.725220        0.032461
  1.743108        0.032544
  1.760997        0.032283
  1.778885        0.031680
  1.789941        0.031136
  1.800997        0.030461
  1.812053        0.029654
  1.823108        0.028717
  1.834164        0.027649
  1.845220        0.026451
  1.856276        0.025121
  1.867331        0.023660
  1.878387        0.022068
  1.889443        0.020346
  1.900498        0.018492
  1.911554        0.016508
  1.922610        0.014392
  1.933666        0.012146
  1.944721        0.009769
  1.955777        0.007261
  1.966833        0.004622
  1.977889        0.001852
  1.988944       -0.001049
  2.000000       -0.004081
----------  0.640000--------------
 -1.988944        0.003936
 -1.977889       -0.002641
 -1.966833       -0.008800
 -1.955777       -0.014541
 -1.944721       -0.019864
 -1.933666       -0.024769
 -1.922610       -0.029256
 -1.911554       -0.033325
 -1.900498       -0.036976
 -1.889443       -0.040208
 -1.878387       -0.043023
 -1.867331       -0.045420
 -1.856276       -0.047398
 -1.845220       -0.048958
 -1.834164       -0.050101
 -1.823108       -0.050825
 -1.812053       -0.051131
 -1.800997       -0.051020
 -1.789941       -0.050490
 -1.778885       -0.049542
 -1.760997       -0.047122
 -1.743108       -0.043609
 -1.725220       -0.039000
 -1.707331       -0.033297
 -1.689443       -0.026500
 -1.671554       -0.018608
 -1.653666       -0.009622
 -1.635777        0.000459
 -1.617889        0.011634
 -1.600000        0.023904
 -1.582111        0.037269
 -1.564223        0.051728
 -1.546334        0.067281
 -1.528446        0.083929
 -1.510557        0.101671
 -1.492669        0.120508
 -1.474780        0.140440
 -1.456892        0.161466
 -1.439003        0.183586
 -1.421115        0.206801
 -1.410059        0.221696
 -1.399003        0.237009
 -1.387947        0.252740
 -1.376892        0.268889
 -1.365836        0.285456
 -1.354780        0.302442
 -1.343724        0.319845
 -1.332669        0.337666
 -1.321613        0.355906
 -1.310557        0.374563
 -1.299502        0.393639
 -1.288446        0.413132
 -1.277390        0.433044
 -1.266334        0.453374
 -1.255279        0.474122
 -1.244223        0.495287
 -1.233167        0.516871
 -1.222111        0.538873
 -1.211056        0.561293
 -1.200000        0.584132
 -1.188944        0.698275
 -1.177889        0.715668
 -1.166833        0.732677
 -1.155777        0.749302
 -1.144721        0.765543
 -1.133666        0.781399
 -1.122610        0.796871
 -1.111554        0.811960
 -1.100498        0.826664
 -1.089443        0.840984
 -1.078387        0.854919
 -1.067331        0.868471
 -1.056276        0.881638
 -1.045220        0.894421
 -1.034164        0.906820
 -1.023108        0.918835
 -1.012053        0.930466
 -1.000997        0.941712
 -0.989941        0.952575
 -0.978885        0.963053
 -0.960997        0.979193
 -0.943108        0.994328
 -0.925220        1.008457
 -0.907331        1.021580
 -0.889443        1.033698
 -0.871554        1.044809
 -0.853666        1.054915
 -0.835777        1.064015
 -0.817889        1.072110
 -0.800000        1.079198
 -0.782111        1.085281
 -0.764223        1.090358
 -0.746334        1.094430
 -0.728446        1.097495
 -0.710557        1.099555
 -0.692669        1.100609
 -0.674780        1.100657
 -0.656892        1.099700
 -0.639003        1.097737
 -0.621115        1.094768
 -0.610059        1.092430
 -0.599003        1.089708
 -0.587947        1.086602
 -0.576892        1.083112
 -0.565836        1.079237
 -0.554780        1.074979
 -0.543724        1.070336
 -0.532669        1.065309
 -0.521613        1.059898
 -0.510557        1.054103
 -0.499502        1.047923
 -0.488446        1.041360
 -0.477390        1.034412
 -0.466334        1.027080
 -0.455279        1.019364
 -0.444223        1.011264
 -0.433167        1.002779
 -0.422111        0.993911
 -0.411056        0.984658
 -0.400000        0.975021
 -0.388944        0.889529
 -0.377889        0.896075
 -0.366833        0.902479
 -0.355777        0.908741
 -0.344721        0.914861
 -0.333666        0.920840
 -0.322610        0.926677
 -0.311554        0.932372
 -0.300498        0.937925
 -0.289443        0.943336
 -0.278387        0.948606
 -0.267331        0.953733
 -0.256276        0.958719
 -0.245220        0.963563
 -0.234164        0.968266
 -0.223108        0.972826
 -0.212053        0.977245
 -0.200997        0.981522
 -0.189941        0.985657
 -0.178885        0.989650
 -0.160997        0.995811
 -0.143108        1.001600
 -0.125220        1.007019
 -0.107331        1.012066
 -0.089443        1.016742
 -0.071554        1.021046
 -0.053666        1.024979
 -0.035777        1.028541
 -0.017889        1.031732
  0.000000        1.034552
  0.017889        1.037000
  0.035777        1.039077
  0.053666        1.040783
  0.071554        1.042117
  0.089443        1.043080
  0.107331        1.043672
  0.125220        1.043893
  0.143108        1.043742
  0.160997        1.043220
  0.178885        1.042327
  0.189941        1.041590
  0.200997        1.040710
  0.212053        1.039689
  0.223108        1.038526
  0.234164        1.037221
  0.245220        1.035775
  0.256276        1.034186
  0.267331        1.032456
  0.278387        1.030584
  0.289443        1.028570
  0.300498        1.026414
  0.311554        1.024117
  0.322610        1.021678
  0.333666        1.019097
  0.344721        1.016374
  0.355777        1.013509
  0.366833        1.010502
  0.377889        1.007354
  0.388944        1.004064
  0.400000        1.000632
  0.411056        1.111336
  0.422111        1.086040
  0.433167        1.060970
  0.444223        1.036125
  0.455279        1.011506
  0.466334        0.987113
  0.477390        0.962945
  0.488446        0.939003
  0.499502        0.915286
  0.510557        0.891795
  0.521613        0.868530
  0.532669        0.845490
  0.543724        0.822676
  0.554780        0.800088
  0.565836        0.777725
  0.576892        0.755587
  0.587947        0.733676
  0.599003        0.711990
  0.610059        0.690530
  0.621115        0.669295
  0.639003        0.635414
  0.656892        0.602124
  0.674780        0.569425
  0.692669        0.537316
  0.710557        0.505799
  0.728446        0.474871
  0.746334        0.444535
  0.764223        0.414789
  0.782111        0.385634
  0.800000        0.357070
  0.817889        0.329096
  0.835777        0.301713
  0.853666        0.274921
  0.871554        0.248719
  0.889443        0.223108
  0.907331        0.198088
  0.925220        0.173658
  0.943108        0.149819
  0.960997        0.126571
  0.978885        0.103914
  0.989941        0.090206
  1.000997        0.076724
  1.012053        0.063467
  1.023108        0.050437
  1.034164        0.037631
  1.045220        0.025052
  1.056276        0.012698
  1.067331        0.000569
  1.078387       -0.011333
  1.089443       -0.023011
  1.100498       -0.034462
  1.111554       -0.045688
  1.122610       -0.056688
  1.133666       -0.067463
  1.144721       -0.078012
  1.155777       -0.088335
  1.166833       -0.098433
  1.177889       -0.108305
  1.188944       -0.117952
  1.200000       -0.127372
  1.211056       -0.154547
  1.222111       -0.148001
  1.233167       -0.141572
  1.244223       -0.135260
  1.255279       -0.129066
  1.266334       -0.122989
  1.277390       -0.117029
  1.288446       -0.111187
  1.299502       -0.105462
  1.310557       -0.099854
  1.321613       -0.094364
  1.332669       -0.088991
  1.343724       -0.083736
  1.354780       -0.078598
  1.365836       -0.073577
  1.376892       -0.068674
  1.387947       -0.063888
  1.399003       -0.059219
  1.410059       -0.054668
  1.421115       -0.050234
  1.439003       -0.043308
  1.456892       -0.036690
  1.474780       -0.030378
  1.492669       -0.024374
  1.510557       -0.018678
  1.528446       -0.013288
  1.546334       -0.008206
  1.564223       -0.003431
  1.582111        0.001037
  1.600000        0.005198
  1.617889        0.009051
  1.635777        0.012597
  1.653666        0.015836
  1.671554        0.018767
  1.689443        0.021392
  1.707331        0.023709
  1.725220        0.025719
  1.743108        0.027421
  1.760997        0.028816
  1.778885        0.029905
  1.789941        0.030423
  1.800997        0.030825
  1.812053        0.031109
  1.823108        0.031276
  1.834164        0.031325
  1.845220        0.031257
  1.856276        0.031072
  1.867331        0.030769
  1.878387        0.030349
  1.889443        0.029812
  1.900498        0.029157
  1.911554        0.028385
  1.922610        0.027496
  1.933666        0.026489
  1.944721        0.025365
  1.955777        0.024124
  1.966833        0.022765
  1.977889        0.021288
  1.988944        0.019695
  2.000000        0.017984
----------  0.720000--------------
 -1.988944        0.055051
 -1.977889        0.045930
 -1.966833        0.037215
 -1.955777        0.028908
 -1.944721        0.021007
 -1.933666        0.013514
 -1.922610        0.006428
 -1.911554       -0.000251
 -1.900498       -0.006524
 -1.889443       -0.012389
 -1.878387       -0.017847
 -1.867331       -0.022898
 -1.856276       -0.027541
 -1.845220       -0.031778
 -1.834164       -0.035608
 -1.823108       -0.039031
 -1.812053       -0.042046
 -1.800997       -0.044655
 -1.789941       -0.046856
 -1.778885       -0.048650
 -1.760997       -0.050692
 -1.743108       -0.051667
 -1.725220       -0.051577
 -1.707331       -0.050421
 -1.689443       -0.048199
 -1.671554       -0.044911
 -1.653666       -0.040558
 -1.635777       -0.035139
 -1.617889       -0.028655
 -1.600000       -0.021104
 -1.582111       -0.012488
 -1.564223       -0.002807
 -1.546334        0.007941
 -1.528446        0.019754
 -1.510557        0.032633
 -1.492669        0.046578
 -1.474780        0.061588
 -1.456892        0.077664
 -1.439003        0.094806
 -1.421115        0.113014
 -1.410059        0.124800
 -1.399003        0.136992
 -1.387947        0.149592
 -1.376892        0.162599
 -1.365836        0.176013
 -1.354780        0.189834
 -1.343724        0.204063
 -1.332669        0.218698
 -1.321613        0.233740
 -1.310557        0.249190
 -1.299502        0.265046
 -1.288446        0.281310
 -1.277390        0.297980
 -1.266334        0.315058
 -1.255279        0.332543
 -1.244223        0.350434
 -1.233167        0.368733
 -1.222111        0.387439
 -1.211056        0.406552
 -1.200000        0.426072
 -1.188944        0.488763
 -1.177889        0.512501
 -1.166833        0.535778
 -1.155777        0.558593
 -1.144721        0.580947
 -1.133666        0.602840
 -1.122610        0.624271
 -1.111554        0.645241
 -1.100498        0.665749
 -1.089443        0.685796
 -1.078387        0.705382
 -1.067331        0.724506
 -1.056276        0.743168
 -1.045220        0.761370
 -1.034164        0.779110
 -1.023108        0.796388
 -1.012053        0.813205
 -1.000997        0.829561
 -0.989941        0.845455
 -0.978885        0.860888
 -0.960997        0.884882
 -0.943108        0.907667
 -0.925220        0.929245
 -0.907331        0.949615
 -0.889443        0.968776
 -0.871554        0.986730
 -0.853666        1.003476
 -0.835777        1.019014
 -0.817889        1.033344
 -0.800000        1.046466
 -0.782111        1.058380
 -0.764223        1.069085
 -0.746334        1.078583
 -0.728446        1.086873
 -0.710557        1.093955
 -0.692669        1.099830
 -0.674780        1.104496
 -0.656892        1.107954
 -0.639003        1.110204
 -0.621115        1.111246
 -0.610059        1.111286
 -0.599003        1.110865
 -0.587947        1.109982
 -0.576892        1.108638
 -0.565836        1.106832
 -0.554780        1.104566
 -0.543724        1.101837
 -0.532669        1.098648
 -0.521613        1.094996
 -0.510557        1.090884
 -0.499502        1.086310
 -0.488446        1.081275
 -0.477390        1.075778
 -0.466334        1.069820
 -0.455279        1.063400
 -0.444223        1.056519
 -0.433167        1.049177
 -0.422111        1.041373
 -0.411056        1.033108
 -0.400000        1.024381
 -0.388944        0.935396
 -0.377889        0.938067
 -0.366833        0.940703
 -0.355777        0.943306
 -0.344721        0.945874
 -0.333666        0.948407
 -0.322610        0.950907
 -0.311554        0.953372
 -0.300498        0.955803
 -0.289443        0.958199
 -0.278387        0.960562
 -0.267331        0.962890
 -0.256276        0.965184
 -0.245220        0.967443
 -0.234164        0.969668
 -0.223108        0.971859
 -0.212053        0.974016
 -0.200997        0.976139
 -0.189941        0.978227
 -0.178885        0.980281
 -0.160997        0.983532
 -0.143108        0.986693
 -0.125220        0.989764
 -0.107331        0.992746
 -0.089443        0.995638
 -0.071554        0.998440
 -0.053666        1.001152
 -0.035777        1.003775
 -0.017889        1.006308
  0.000000        1.008751
  0.017889        1.011105
  0.035777        1.013369
  0.053666        1.015543
  0.071554        1.017628
  0.089443        1.019623
  0.107331        1.021528
  0.125220        1.023343
  0.143108        1.025069
  0.160997        1.026704
  0.178885        1.028251
  0.189941        1.029161
  0.200997        1.030038
  0.212053        1.030880
  0.223108        1.031688
  0.234164        1.032462
  0.245220        1.033201
  0.256276        1.033906
  0.267331        1.034577
  0.278387        1.035214
  0.289443        1.035816
  0.300498        1.036384
  0.311554        1.036918
  0.322610        1.037417
  0.333666        1.037883
  0.344721        1.038314
  0.355777        1.038710
  0.366833        1.039073
  0.377889        1.039401
  0.388944        1.039695
  0.400000        1.039955
  0.411056        1.157792
  0.422111        1.138071
  0.433167        1.118416
  0.444223        1.098829
  0.455279        1.079310
  0.466334        1.059858
  0.477390        1.040474
  0.488446        1.021157
  0.499502        1.001908
  0.510557        0.982726
  0.521613        0.963612
  0.532669        0.944565
  0.543724        0.925585
  0.554780        0.906673
  0.565836        0.887829
  0.576892        0.869052
  0.587947        0.850343
  0.599003        0.831701
  0.610059        0.813126
  0.621115        0.794619
  0.639003        0.764818
  0.656892        0.735192
  0.674780        0.705744
  0.692669        0.676472
  0.710557        0.647377
  0.728446        0.618458
  0.746334        0.589717
  0.764223        0.561152
  0.782111        0.532763
  0.800000        0.504552
  0.817889        0.476517
  0.835777        0.448658
  0.853666        0.420977
  0.871554        0.393472
  0.889443        0.366144
  0.907331        0.338992
  0.925220        0.312017
  0.943108        0.285219
  0.960997        0.258598
  0.978885        0.232153
  0.989941        0.215898
  1.000997        0.199710
  1.012053        0.183590
  1.023108        0.167537
  1.034164        0.151551
  1.045220        0.135633
  1.056276        0.119783
  1.067331        0.104000
  1.078387        0.088284
  1.089443        0.072637
  1.100498        0.057056
  1.111554        0.041543
  1.122610        0.026098
  1.133666        0.010720
  1.144721       -0.004591
  1.155777       -0.019834
  1.166833       -0.035009
  1.177889       -0.050117
  1.188944       -0.065158
  1.200000       -0.080131
  1.211056       -0.149377
  1.222111       -0.144845
  1.233167       -0.140365
  1.244223       -0.135940
  1.255279       -0.131569
  1.266334       -0.127252
  1.277390       -0.122988
  1.288446       -0.118778
  1.299502       -0.114623
  1.310557       -0.110521
  1.321613       -0.106473
  1.332669       -0.102478
  1.343724       -0.098538
  1.354780       -0.094652
  1.365836       -0.090819
  1.376892       -0.087041
  1.387947       -0.083316
  1.399003       -0.079645
  1.410059       -0.076028
  1.421115       -0.072465
  1.439003       -0.066814
  1.456892       -0.061304
  1.474780       -0.055935
  1.492669       -0.050707
  1.510557       -0.045621
  1.528446       -0.040675
  1.546334       -0.035870
  1.564223       -0.031207
  1.582111       -0.026684
  1.600000       -0.022303
  1.617889       -0.018062
  1.635777       -0.013963
  1.653666       -0.010005
  1.671554       -0.006188
  1.689443       -0.002512
  1.707331        0.001023
  1.725220        0.004417
  1.743108        0.007670
  1.760997        0.010782
  1.778885        0.013753
  1.789941        0.015518
  1.800997        0.017230
  1.812053        0.018888
  1.823108        0.020491
  1.834164        0.022041
  1.845220        0.023537
  1.856276        0.024980
  1.867331        0.026368
  1.878387        0.027702
  1.889443        0.028983
  1.900498        0.030210
  1.911554        0.031382
  1.922610        0.032501
  1.933666        0.033566
  1.944721        0.034577
  1.955777        0.035535
  1.966833        0.036438
  1.977889        0.037288
  1.988944        0.038083
  2.000000        0.038825
----------  0.800000--------------
 -1.988944        0.092515
 -1.977889        0.082522
 -1.966833        0.072890
 -1.955777        0.063619
 -1.944721        0.054710
 -1.933666        0.046161
 -1.922610        0.037974
 -1.911554        0.030148
 -1.900498        0.022683
 -1.889443        0.015579
 -1.878387        0.008836
 -1.867331        0.002455
 -1.856276       -0.003566
 -1.845220       -0.009225
 -1.834164       -0.014524
 -1.823108       -0.019461
 -1.812053       -0.024037
 -1.800997       -0.028252
 -1.789941       -0.032105
 -1.778885       -0.035598
 -1.760997       -0.040484
 -1.743108       -0.044425
 -1.725220       -0.047420
 -1.707331       -0.049470
 -1.689443       -0.050575
 -1.671554       -0.050734
 -1.653666       -0.049947
 -1.635777       -0.048216
 -1.617889       -0.045538
 -1.600000       -0.041916
 -1.582111       -0.037347
 -1.564223       -0.031834
 -1.546334       -0.025375
 -1.528446       -0.017970
 -1.510557       -0.009620
 -1.492669       -0.000325
 -1.474780        0.009916
 -1.456892        0.021103
 -1.439003        0.033234
 -1.421115        0.046312
 -1.410059        0.054867
 -1.399003        0.063783
 -1.387947        0.073060
 -1.376892        0.082698
 -1.365836        0.092698
 -1.354780        0.103058
 -1.343724        0.113780
 -1.332669        0.124863
 -1.321613        0.136306
 -1.310557        0.148112
 -1.299502        0.160278
 -1.288446        0.172805
 -1.277390        0.185694
 -1.266334        0.198943
 -1.255279        0.212554
 -1.244223        0.226526
 -1.233167        0.240859
 -1.222111        0.255553
 -1.211056        0.270608
 -1.200000        0.286024
 -1.188944        0.293074
 -1.177889        0.320598
 -1.166833        0.347652
 -1.155777        0.374236
 -1.144721        0.400349
 -1.133666        0.425992
 -1.122610        0.451165
 -1.111554        0.475868
 -1.100498        0.500100
 -1.089443        0.523862
 -1.078387        0.547154
 -1.067331        0.569975
 -1.056276        0.592326
 -1.045220        0.614207
 -1.034164        0.635618
 -1.023108        0.656558
 -1.012053        0.677028
 -1.000997        0.697028
 -0.989941        0.716557
 -0.978885        0.735617
 -0.960997        0.765459
 -0.943108        0.794070
 -0.925220        0.821450
 -0.907331        0.847599
 -0.889443        0.872516
 -0.871554        0.896203
 -0.853666        0.918658
 -0.835777        0.939882
 -0.817889        0.959875
 -0.800000        0.978636
 -0.782111        0.996166
 -0.764223        1.012465
 -0.746334        1.027533
 -0.728446        1.041370
 -0.710557        1.053975
 -0.692669        1.065350
 -0.674780        1.075493
 -0.656892        1.084405
 -0.639003        1.092085
 -0.621115        1.098535
 -0.610059        1.101905
 -0.599003        1.104805
 -0.587947        1.107235
 -0.576892        1.109194
 -0.565836        1.110684
 -0.554780        1.111703
 -0.543724        1.112251
 -0.532669        1.112330
 -0.521613        1.111938
 -0.510557        1.111076
 -0.499502        1.109743
 -0.488446        1.107940
 -0.477390        1.105667
 -0.466334        1.102924
 -0.455279        1.099711
 -0.444223        1.096027
 -0.433167        1.091873
 -0.422111        1.087248
 -0.411056        1.082153
 -0.400000        1.076589
 -0.388944        1.002748
 -0.377889        1.001280
 -0.366833        0.999872
 -0.355777        0.998527
 -0.344721        0.997243
 -0.333666        0.996021
 -0.322610        0.994861
 -0.311554        0.993762
 -0.300498        0.992725
 -0.289443        0.991749
 -0.278387        0.990835
 -0.267331        0.989983
 -0.256276        0.989192
 -0.245220        0.988464
 -0.234164        0.987796
 -0.223108        0.987191
 -0.212053        0.986647
 -0.200997        0.986164
 -0.189941        0.985744
 -0.178885        0.985385
 -0.160997        0.984934
 -0.143108        0.984645
 -0.125220        0.984518
 -0.107331        0.984552
 -0.089443        0.984747
 -0.071554        0.985104
 -0.053666        0.985622
 -0.035777        0.986301
 -0.017889        0.987142
  0.000000        0.988144
  0.017889        0.989308
  0.035777        0.990633
  0.053666        0.992119
  0.071554        0.993767
  0.089443        0.995577
  0.107331        0.997547
  0.125220        0.999679
  0.143108        1.001973
  0.160997        1.004428
  0.178885        1.007044
  0.189941        1.008742
  0.200997        1.010501
  0.212053        1.012322
  0.223108        1.014205
  0.234164        1.016149
  0.245220        1.018155
  0.256276        1.020222
  0.267331        1.022351
  0.278387        1.024542
  0.289443        1.026795
  0.300498        1.029109
  0.311554        1.031485
  0.322610        1.033922
  0.333666        1.036421
  0.344721        1.038982
  0.355777        1.041604
  0.366833        1.044288
  0.377889        1.047034
  0.388944        1.049842
  0.400000        1.052711
  0.411056        1.164781
  0.422111        1.151485
  0.433167        1.138105
  0.444223        1.124640
  0.455279        1.111092
  0.466334        1.097459
  0.477390        1.083743
  0.488446        1.069942
  0.499502        1.056058
  0.510557        1.042089
  0.521613        1.028036
  0.532669        1.013900
  0.543724        0.999679
  0.554780        0.985374
  0.565836        0.970985
  0.576892        0.956512
  0.587947        0.941955
  0.599003        0.927314
  0.610059        0.912589
  0.621115        0.897780
  0.639003        0.873641
  0.656892        0.849281
  0.674780        0.824701
  0.692669        0.799902
  0.710557        0.774882
  0.728446        0.749642
  0.746334        0.724182
  0.764223        0.698502
  0.782111        0.672603
  0.800000        0.646483
  0.817889        0.620143
  0.835777        0.593583
  0.853666        0.566803
  0.871554        0.539803
  0.889443        0.512583
  0.907331        0.485143
  0.925220        0.457483
  0.943108        0.429603
  0.960997        0.401503
  0.978885        0.373182
  0.989941        0.355569
  1.000997        0.337873
  1.012053        0.320092
  1.023108        0.302227
  1.034164        0.284278
  1.045220        0.266245
  1.056276        0.248128
  1.067331        0.229926
  1.078387        0.211641
  1.089443        0.193272
  1.100498        0.174819
  1.111554        0.156281
  1.122610        0.137660
  1.133666        0.118955
  1.144721        0.100165
  1.155777        0.081292
  1.166833        0.062334
  1.177889        0.043293
  1.188944        0.024167
  1.200000        0.004957
  1.211056       -0.093136
  1.222111       -0.092797
  1.233167       -0.092410
  1.244223       -0.091977
  1.255279       -0.091497
  1.266334       -0.090970
  1.277390       -0.090395
  1.288446       -0.089774
  1.299502       -0.089106
  1.310557       -0.088390
  1.321613       -0.087628
  1.332669       -0.086818
  1.343724       -0.085961
  1.354780       -0.085057
  1.365836       -0.084107
  1.376892       -0.083109
  1.387947       -0.082064
  1.399003       -0.080972
  1.410059       -0.079833
  1.421115       -0.078647
  1.439003       -0.076628
  1.456892       -0.074486
  1.474780       -0.072221
  1.492669       -0.069832
  1.510557       -0.067321
  1.528446       -0.064686
  1.546334       -0.061928
  1.564223       -0.059047
  1.582111       -0.056043
  1.600000       -0.052915
  1.617889       -0.049664
  1.635777       -0.046290
  1.653666       -0.042793
  1.671554       -0.039173
  1.689443       -0.035429
  1.707331       -0.031562
  1.725220       -0.027572
  1.743108       -0.023459
  1.760997       -0.019223
  1.778885       -0.014863
  1.789941       -0.012107
  1.800997       -0.009304
  1.812053       -0.006454
  1.823108       -0.003557
  1.834164       -0.000613
  1.845220        0.002378
  1.856276        0.005417
  1.867331        0.008502
  1.878387        0.011635
  1.889443        0.014814
  1.900498        0.018041
  1.911554        0.021314
  1.922610        0.024635
  1.933666        0.028003
  1.944721        0.031417
  1.955777        0.034879
  1.966833        0.038388
  1.977889        0.041944
  1.988944        0.045547
  2.000000        0.049197
----------  0.880000--------------
 -1.988944        0.108741
 -1.977889        0.099519
 -1.966833        0.090585
 -1.955777        0.081936
 -1.944721        0.073575
 -1.933666        0.065500
 -1.922610        0.057711
 -1.911554        0.050209
 -1.900498        0.042993
 -1.889443        0.036064
 -1.878387        0.029421
 -1.867331        0.023065
 -1.856276        0.016995
 -1.845220        0.011212
 -1.834164        0.005716
 -1.823108        0.000505
 -1.812053       -0.004418
 -1.800997       -0.009055
 -1.789941       -0.013406
 -1.778885       -0.017470
 -1.760997       -0.023439
 -1.743108       -0.028658
 -1.725220       -0.033127
 -1.707331       -0.036845
 -1.689443       -0.039814
 -1.671554       -0.042032
 -1.653666       -0.043501
 -1.635777       -0.044219
 -1.617889       -0.044187
 -1.600000       -0.043406
 -1.582111       -0.041874
 -1.564223       -0.039592
 -1.546334       -0.036559
 -1.528446       -0.032777
 -1.510557       -0.028245
 -1.492669       -0.022963
 -1.474780       -0.016930
 -1.456892       -0.010147
 -1.439003       -0.002615
 -1.421115        0.005668
 -1.410059        0.011162
 -1.399003        0.016943
 -1.387947        0.023010
 -1.376892        0.029363
 -1.365836        0.036003
 -1.354780        0.042930
 -1.343724        0.050143
 -1.332669        0.057643
 -1.321613        0.065429
 -1.310557        0.073502
 -1.299502        0.081861
 -1.288446        0.090507
 -1.277390        0.099439
 -1.266334        0.108657
 -1.255279        0.118163
 -1.244223        0.127954
 -1.233167        0.138033
 -1.222111        0.148397
 -1.211056        0.159049
 -1.200000        0.169986
 -1.188944        0.127596
 -1.177889        0.156072
 -1.166833        0.184132
 -1.155777        0.211777
 -1.144721        0.239005
 -1.133666        0.265818
 -1.122610        0.292216
 -1.111554        0.318197
 -1.100498        0.343763
 -1.089443        0.368913
 -1.078387        0.393647
 -1.067331        0.417966
 -1.056276        0.441869
 -1.045220        0.465356
 -1.034164        0.488427
 -1.023108        0.511083
 -1.012053        0.533323
 -1.000997        0.555147
 -0.989941        0.576556
 -0.978885        0.597549
 -0.960997        0.630635
 -0.943108        0.662633
 -0.925220        0.693543
 -0.907331        0.723364
 -0.889443        0.752097
 -0.871554        0.779741
 -0.853666        0.806297
 -0.835777        0.831765
 -0.817889        0.856144
 -0.800000        0.879435
 -0.782111        0.901638
 -0.764223        0.922752
 -0.746334        0.942777
 -0.728446        0.961714
 -0.710557        0.979563
 -0.692669        0.996324
 -0.674780        1.011996
 -0.656892        1.026579
 -0.639003        1.040074
 -0.621115        1.052481
 -0.610059        1.059605
 -0.599003        1.066313
 -0.587947        1.072605
 -0.576892        1.078481
 -0.565836        1.083942
 -0.554780        1.088987
 -0.543724        1.093616
 -0.532669        1.097830
 -0.521613        1.101628
 -0.510557        1.105010
 -0.499502        1.107976
 -0.488446        1.110526
 -0.477390        1.112661
 -0.466334        1.114380
 -0.455279        1.115684
 -0.444223        1.116571
 -0.433167        1.117043
 -0.422111        1.117100
 -0.411056        1.116740
 -0.400000        1.115965
 -0.388944        1.074200
 -0.377889        1.069360
 -0.366833        1.064645
 -0.355777        1.060055
 -0.344721        1.055591
 -0.333666        1.051252
 -0.322610        1.047037
 -0.311554        1.042949
 -0.300498        1.038985
 -0.289443        1.035146
 -0.278387        1.031433
 -0.267331        1.027845
 -0.256276        1.024382
 -0.245220        1.021045
 -0.234164        1.017832
 -0.223108        1.014745
 -0.212053        1.011783
 -0.200997        1.008947
 -0.189941        1.006235
 -0.178885        1.003649
 -0.160997        0.999729
 -0.143108        0.996138
 -0.125220        0.992874
 -0.107331        0.989938
 -0.089443        0.987329
 -0.071554        0.985049
 -0.053666        0.983096
 -0.035777        0.981472
 -0.017889        0.980175
  0.000000        0.979206
  0.017889        0.978564
  0.035777        0.978251
  0.053666        0.978265
  0.071554        0.978607
  0.089443        0.979277
  0.107331        0.980275
  0.125220        0.981600
  0.143108        0.983254
  0.160997        0.985235
  0.178885        0.987544
  0.189941        0.989135
  0.200997        0.990851
  0.212053        0.992692
  0.223108        0.994659
  0.234164        0.996751
  0.245220        0.998968
  0.256276        1.001310
  0.267331        1.003777
  0.278387        1.006370
  0.289443        1.009088
  0.300498        1.011931
  0.311554        1.014899
  0.322610        1.017993
  0.333666        1.021212
  0.344721        1.024556
  0.355777        1.028025
  0.366833        1.031619
  0.377889        1.035339
  0.388944        1.039183
  0.400000        1.043154
  0.411056        1.138906
  0.422111        1.132208
  0.433167        1.125296
  0.444223        1.118168
  0.455279        1.110826
  0.466334        1.103268
  0.477390        1.095494
  0.488446        1.087506
  0.499502        1.079303
  0.510557        1.070884
  0.521613        1.062250
  0.532669        1.053401
  0.543724        1.044337
  0.554780        1.035057
  0.565836        1.025563
  0.576892        1.015853
  0.587947        1.005928
  0.599003        0.995788
  0.610059        0.985433
  0.621115        0.974863
  0.639003        0.957303
  0.656892        0.939181
  0.674780        0.920495
  0.692669        0.901246
  0.710557        0.881434
  0.728446        0.861058
  0.746334        0.840119
  0.764223        0.818617
  0.782111        0.796551
  0.800000        0.773922
  0.817889        0.750729
  0.835777        0.726974
  0.853666        0.702654
  0.871554        0.677772
  0.889443        0.652326
  0.907331        0.626317
  0.925220        0.599745
  0.943108        0.572609
  0.960997        0.544910
  0.978885        0.516647
  0.989941        0.498898
  1.000997        0.480934
  1.012053        0.462755
  1.023108        0.444361
  1.034164        0.425751
  1.045220        0.406927
  1.056276        0.387887
  1.067331        0.368632
  1.078387        0.349161
  1.089443        0.329476
  1.100498        0.309575
  1.111554        0.289460
  1.122610        0.269129
  1.133666        0.248583
  1.144721        0.227821
  1.155777        0.206845
  1.166833        0.185653
  1.177889        0.164246
  1.188944        0.142624
  1.200000        0.120787
  1.211056        0.012235
  1.222111        0.006879
  1.233167        0.001688
  1.244223       -0.003339
  1.255279       -0.008201
  1.266334       -0.012898
  1.277390       -0.017431
  1.288446       -0.021800
  1.299502       -0.026004
  1.310557       -0.030043
  1.321613       -0.033918
  1.332669       -0.037628
  1.343724       -0.041174
  1.354780       -0.044555
  1.365836       -0.047771
  1.376892       -0.050823
  1.387947       -0.053710
  1.399003       -0.056433
  1.410059       -0.058991
  1.421115       -0.061385
  1.439003       -0.064909
  1.456892       -0.068003
  1.474780       -0.070666
  1.492669       -0.072898
  1.510557       -0.074699
  1.528446       -0.076069
  1.546334       -0.077008
  1.564223       -0.077517
  1.582111       -0.077594
  1.600000       -0.077241
  1.617889       -0.076457
  1.635777       -0.075242
  1.653666       -0.073596
  1.671554       -0.071520
  1.689443       -0.069013
  1.707331       -0.066074
  1.725220       -0.062705
  1.743108       -0.058905
  1.760997       -0.054675
  1.778885       -0.050013
  1.789941       -0.046916
  1.800997       -0.043655
  1.812053       -0.040230
  1.823108       -0.036640
  1.834164       -0.032885
  1.845220       -0.028966
  1.856276       -0.024882
  1.867331       -0.020633
  1.878387       -0.016220
  1.889443       -0.011643
  1.900498       -0.006901
  1.911554       -0.001994
  1.922610        0.003077
  1.933666        0.008313
  1.944721        0.013714
  1.955777        0.019279
  1.966833        0.025008
  1.977889        0.030902
  1.988944        0.036961
  2.000000        0.043184
----------  0.960000--------------
 -1.988944        0.099330
 -1.977889        0.092307
 -1.966833        0.085476
 -1.955777        0.078838
 -1.944721        0.072392
 -1.933666        0.066139
 -1.922610        0.060079
 -1.911554        0.054211
 -1.900498        0.048535
 -1.889443        0.043053
 -1.878387        0.037763
 -1.867331        0.032665
 -1.856276        0.027760
 -1.845220        0.023048
 -1.834164        0.018529
 -1.823108        0.014202
 -1.812053        0.010067
 -1.800997        0.006125
 -1.789941        0.002376
 -1.778885       -0.001181
 -1.760997       -0.006527
 -1.743108       -0.011370
 -1.725220       -0.015708
 -1.707331       -0.019543
 -1.689443       -0.022872
 -1.671554       -0.025698
 -1.653666       -0.028019
 -1.635777       -0.029837
 -1.617889       -0.031150
 -1.600000       -0.031958
 -1.582111       -0.032263
 -1.564223       -0.032063
 -1.546334       -0.031359
 -1.528446       -0.030151
 -1.510557       -0.028438
 -1.492669       -0.026221
 -1.474780       -0.023500
 -1.456892       -0.020275
 -1.439003       -0.016546
 -1.421115       -0.012312
 -1.410059       -0.009443
 -1.399003       -0.006382
 -1.387947       -0.003128
 -1.376892        0.000318
 -1.365836        0.003957
 -1.354780        0.007789
 -1.343724        0.011813
 -1.332669        0.016030
 -1.321613        0.020440
 -1.310557        0.025042
 -1.299502        0.029836
 -1.288446        0.034824
 -1.277390        0.040004
 -1.266334        0.045376
 -1.255279        0.050941
 -1.244223        0.056699
 -1.233167        0.062649
 -1.222111        0.068792
 -1.211056        0.075128
 -1.200000        0.081656
 -1.188944        0.002036
 -1.177889        0.028813
 -1.166833        0.055278
 -1.155777        0.081432
 -1.144721        0.107273
 -1.133666        0.132803
 -1.122610        0.158021
 -1.111554        0.182926
 -1.100498        0.207520
 -1.089443        0.231802
 -1.078387        0.255772
 -1.067331        0.279430
 -1.056276        0.302776
 -1.045220        0.325810
 -1.034164        0.348532
 -1.023108        0.370943
 -1.012053        0.393041
 -1.000997        0.414827
 -0.989941        0.436302
 -0.978885        0.457464
 -0.960997        0.491045
 -0.943108        0.523810
 -0.925220        0.555758
 -0.907331        0.586889
 -0.889443        0.617203
 -0.871554        0.646701
 -0.853666        0.675382
 -0.835777        0.703247
 -0.817889        0.730294
 -0.800000        0.756526
 -0.782111        0.781940
 -0.764223        0.806538
 -0.746334        0.830319
 -0.728446        0.853284
 -0.710557        0.875432
 -0.692669        0.896763
 -0.674780        0.917278
 -0.656892        0.936976
 -0.639003        0.955857
 -0.621115        0.973922
 -0.610059        0.984678
 -0.599003        0.995123
 -0.587947        1.005255
 -0.576892        1.015076
 -0.565836        1.024584
 -0.554780        1.033781
 -0.543724        1.042666
 -0.532669        1.051238
 -0.521613        1.059499
 -0.510557        1.067448
 -0.499502        1.075085
 -0.488446        1.082410
 -0.477390        1.089423
 -0.466334        1.096124
 -0.455279        1.102514
 -0.444223        1.108591
 -0.433167        1.114356
 -0.422111        1.119810
 -0.411056        1.124951
 -0.400000        1.129781
 -0.388944        1.130029
 -0.377889        1.123473
 -0.366833        1.117060
 -0.355777        1.110789
 -0.344721        1.104660
 -0.333666        1.098673
 -0.322610        1.092829
 -0.311554        1.087127
 -0.300498        1.081567
 -0.289443        1.076149
 -0.278387        1.070873
 -0.267331        1.065740
 -0.256276        1.060749
 -0.245220        1.055901
 -0.234164        1.051194
 -0.223108        1.046630
 -0.212053        1.042208
 -0.200997        1.037928
 -0.189941        1.033790
 -0.178885        1.029795
 -0.160997        1.023632
 -0.143108        1.017841
 -0.125220        1.012422
 -0.107331        1.007376
 -0.089443        1.002702
 -0.071554        0.998401
 -0.053666        0.994472
 -0.035777        0.990915
 -0.017889        0.987731
  0.000000        0.984919
  0.017889        0.982479
  0.035777        0.980412
  0.053666        0.978717
  0.071554        0.977395
  0.089443        0.976445
  0.107331        0.975867
  0.125220        0.975662
  0.143108        0.975829
  0.160997        0.976368
  0.178885        0.977280
  0.189941        0.978030
  0.200997        0.978922
  0.212053        0.979956
  0.223108        0.981133
  0.234164        0.982451
  0.245220        0.983912
  0.256276        0.985515
  0.267331        0.987261
  0.278387        0.989148
  0.289443        0.991178
  0.300498        0.993350
  0.311554        0.995665
  0.322610        0.998121
  0.333666        1.000720
  0.344721        1.003461
  0.355777        1.006344
  0.366833        1.009370
  0.377889        1.012537
  0.388944        1.015847
  0.400000        1.019300
  0.411056        1.089610
  0.422111        1.089031
  0.433167        1.088137
  0.444223        1.086929
  0.455279        1.085406
  0.466334        1.083568
  0.477390        1.081415
  0.488446        1.078947
  0.499502        1.076165
  0.510557        1.073068
  0.521613        1.069656
  0.532669        1.065929
  0.543724        1.061887
  0.554780        1.057531
  0.565836        1.052860
  0.576892        1.047874
  0.587947        1.042573
  0.599003        1.036958
  0.610059        1.031027
  0.621115        1.024782
  0.639003        1.014010
  0.656892        1.002414
  0.674780        0.989994
  0.692669        0.976750
  0.710557        0.962682
  0.728446        0.947789
  0.746334        0.932073
  0.764223        0.915532
  0.782111        0.898167
  0.800000        0.879978
  0.817889        0.860964
  0.835777        0.841127
  0.853666        0.820465
  0.871554        0.798980
  0.889443        0.776670
  0.907331        0.753535
  0.925220        0.729577
  0.943108        0.704795
  0.960997        0.679188
  0.978885        0.652757
  0.989941        0.636010
  1.000997        0.618948
  1.012053        0.601571
  1.023108        0.583880
  1.034164        0.565873
  1.045220        0.547552
  1.056276        0.528916
  1.067331        0.509965
  1.078387        0.490700
  1.089443        0.471119
  1.100498        0.451224
  1.111554        0.431014
  1.122610        0.410489
  1.133666        0.389650
  1.144721        0.368495
  1.155777        0.347026
  1.166833        0.325242
  1.177889        0.303143
  1.188944        0.280730
  1.200000        0.258001
  1.211056        0.157451
  1.222111        0.145815
  1.233167        0.134455
  1.244223        0.123371
  1.255279        0.112563
  1.266334        0.102031
  1.277390        0.091775
  1.288446        0.081794
  1.299502        0.072090
  1.310557        0.062662
  1.321613        0.053510
  1.332669        0.044633
  1.343724        0.036033
  1.354780        0.027708
  1.365836        0.019660
  1.376892        0.011887
  1.387947        0.004391
  1.399003       -0.002830
  1.410059       -0.009774
  1.421115       -0.016443
  1.439003       -0.026648
  1.456892       -0.036132
  1.474780       -0.044892
  1.492669       -0.052930
  1.510557       -0.060246
  1.528446       -0.066839
  1.546334       -0.072710
  1.564223       -0.077858
  1.582111       -0.082284
  1.600000       -0.085987
  1.617889       -0.088968
  1.635777       -0.091227
  1.653666       -0.092762
  1.671554       -0.093576
  1.689443       -0.093667
  1.707331       -0.093035
  1.725220       -0.091681
  1.743108       -0.089605
  1.760997       -0.086806
  1.778885       -0.083284
  1.789941       -0.080747
  1.800997       -0.077933
  1.812053       -0.074843
  1.823108       -0.071478
  1.834164       -0.067836
  1.845220       -0.063919
  1.856276       -0.059726
  1.867331       -0.055256
  1.878387       -0.050511
  1.889443       -0.045490
  1.900498       -0.040192
  1.911554       -0.034619
  1.922610       -0.028770
  1.933666       -0.022645
  1.944721       -0.016244
  1.955777       -0.009567
  1.966833       -0.002614
  1.977889        0.004615
  1.988944        0.012120
  2.000000        0.019901
----------  1.040000--------------
 -1.988944        0.065125
 -1.977889        0.061271
 -1.966833        0.057510
 -1.955777        0.053841
 -1.944721        0.050264
 -1.933666        0.046781
 -1.922610        0.043389
 -1.911554        0.040091
 -1.900498        0.036884
 -1.889443        0.033770
 -1.878387        0.030749
 -1.867331        0.027820
 -1.856276        0.024984
 -1.845220        0.022240
 -1.834164        0.019588
 -1.823108        0.017030
 -1.812053        0.014563
 -1.800997        0.012189
 -1.789941        0.009908
 -1.778885        0.007719
 -1.760997        0.004373
 -1.743108        0.001269
 -1.725220       -0.001593
 -1.707331       -0.004212
 -1.689443       -0.006589
 -1.671554       -0.008725
 -1.653666       -0.010618
 -1.635777       -0.012269
 -1.617889       -0.013677
 -1.600000       -0.014844
 -1.582111       -0.015769
 -1.564223       -0.016451
 -1.546334       -0.016891
 -1.528446       -0.017089
 -1.510557       -0.017045
 -1.492669       -0.016759
 -1.474780       -0.016231
 -1.456892       -0.015460
 -1.439003       -0.014448
 -1.421115       -0.013193
 -1.410059       -0.012297
 -1.399003       -0.011308
 -1.387947       -0.010226
 -1.376892       -0.009052
 -1.365836       -0.007786
 -1.354780       -0.006427
 -1.343724       -0.004975
 -1.332669       -0.003431
 -1.321613       -0.001795
 -1.310557       -0.000066
 -1.299502        0.001755
 -1.288446        0.003669
 -1.277390        0.005676
 -1.266334        0.007775
 -1.255279        0.009966
 -1.244223        0.012250
 -1.233167        0.014626
 -1.222111        0.017095
 -1.211056        0.019656
 -1.200000        0.022310
 -1.188944       -0.079704
 -1.177889       -0.056789
 -1.166833       -0.034051
 -1.155777       -0.011490
 -1.144721        0.010893
 -1.133666        0.033098
 -1.122610        0.055127
 -1.111554        0.076978
 -1.100498        0.098651
 -1.089443        0.120147
 -1.078387        0.141466
 -1.067331        0.162607
 -1.056276        0.183571
 -1.045220        0.204357
 -1.034164        0.224966
 -1.023108        0.245398
 -1.012053        0.265652
 -1.000997        0.285729
 -0.989941        0.305629
 -0.978885        0.325351
 -0.960997        0.356886
 -0.943108        0.387957
 -0.925220        0.418564
 -0.907331        0.448706
 -0.889443        0.478383
 -0.871554        0.507596
 -0.853666        0.536345
 -0.835777        0.564630
 -0.817889        0.592449
 -0.800000        0.619805
 -0.782111        0.646696
 -0.764223        0.673123
 -0.746334        0.699085
 -0.728446        0.724582
 -0.710557        0.749616
 -0.692669        0.774185
 -0.674780        0.798289
 -0.656892        0.821929
 -0.639003        0.845105
 -0.621115        0.867816
 -0.610059        0.881620
 -0.599003        0.895247
 -0.587947        0.908696
 -0.576892        0.921968
 -0.565836        0.935063
 -0.554780        0.947980
 -0.543724        0.960719
 -0.532669        0.973282
 -0.521613        0.985667
 -0.510557        0.997874
 -0.499502        1.009904
 -0.488446        1.021757
 -0.477390        1.033432
 -0.466334        1.044930
 -0.455279        1.056251
 -0.444223        1.067394
 -0.433167        1.078360
 -0.422111        1.089148
 -0.411056        1.099759
 -0.400000        1.110193
 -0.388944        1.153138
 -0.377889        1.147036
 -0.366833        1.141043
 -0.355777        1.135159
 -0.344721        1.129384
 -0.333666        1.123718
 -0.322610        1.118161
 -0.311554        1.112713
 -0.300498        1.107374
 -0.289443        1.102144
 -0.278387        1.097023
 -0.267331        1.092011
 -0.256276        1.087108
 -0.245220        1.082314
 -0.234164        1.077629
 -0.223108        1.073054
 -0.212053        1.068587
 -0.200997        1.064229
 -0.189941        1.059980
 -0.178885        1.055841
 -0.160997        1.049373
 -0.143108        1.043191
 -0.125220        1.037295
 -0.107331        1.031684
 -0.089443        1.026358
 -0.071554        1.021318
 -0.053666        1.016563
 -0.035777        1.012093
 -0.017889        1.007909
  0.000000        1.004010
  0.017889        1.000397
  0.035777        0.997069
  0.053666        0.994027
  0.071554        0.991270
  0.089443        0.988798
  0.107331        0.986612
  0.125220        0.984711
  0.143108        0.983096
  0.160997        0.981766
  0.178885        0.980721
  0.189941        0.980218
  0.200997        0.979825
  0.212053        0.979540
  0.223108        0.979364
  0.234164        0.979297
  0.245220        0.979339
  0.256276        0.979491
  0.267331        0.979751
  0.278387        0.980120
  0.289443        0.980598
  0.300498        0.981186
  0.311554        0.981882
  0.322610        0.982687
  0.333666        0.983602
  0.344721        0.984625
  0.355777        0.985757
  0.366833        0.986999
  0.377889        0.988349
  0.388944        0.989809
  0.400000        0.991377
  0.411056        1.029126
  0.422111        1.033567
  0.433167        1.037633
  0.444223        1.041324
  0.455279        1.044642
  0.466334        1.047585
  0.477390        1.050153
  0.488446        1.052347
  0.499502        1.054167
  0.510557        1.055612
  0.521613        1.056683
  0.532669        1.057380
  0.543724        1.057702
  0.554780        1.057650
  0.565836        1.057224
  0.576892        1.056423
  0.587947        1.055247
  0.599003        1.053698
  0.610059        1.051774
  0.621115        1.049475
  0.639003        1.044964
  0.656892        1.039472
  0.674780        1.032999
  0.692669        1.025547
  0.710557        1.017115
  0.728446        1.007702
  0.746334        0.997310
  0.764223        0.985937
  0.782111        0.973584
  0.800000        0.960251
  0.817889        0.945938
  0.835777        0.930644
  0.853666        0.914371
  0.871554        0.897117
  0.889443        0.878883
  0.907331        0.859670
  0.925220        0.839475
  0.943108        0.818301
  0.960997        0.796147
  0.978885        0.773013
  0.989941        0.758225
  1.000997        0.743062
  1.012053        0.727526
  1.023108        0.711615
  1.034164        0.695329
  1.045220        0.678669
  1.056276        0.661635
  1.067331        0.644227
  1.078387        0.626444
  1.089443        0.608286
  1.100498        0.589754
  1.111554        0.570848
  1.122610        0.551568
  1.133666        0.531913
  1.144721        0.511884
  1.155777        0.491480
  1.166833        0.470702
  1.177889        0.449550
  1.188944        0.428023
  1.200000        0.406122
  1.211056        0.328716
  1.222111        0.311151
  1.233167        0.293948
  1.244223        0.277107
  1.255279        0.260628
  1.266334        0.244510
  1.277390        0.228754
  1.288446        0.213360
  1.299502        0.198327
  1.310557        0.183656
  1.321613        0.169347
  1.332669        0.155400
  1.343724        0.141814
  1.354780        0.128590
  1.365836        0.115728
  1.376892        0.103228
  1.387947        0.091089
  1.399003        0.079312
  1.410059        0.067897
  1.421115        0.056844
  1.439003        0.039725
  1.456892        0.023554
  1.474780        0.008329
  1.492669       -0.005948
  1.510557       -0.019279
  1.528446       -0.031662
  1.546334       -0.043098
  1.564223       -0.053588
  1.582111       -0.063130
  1.600000       -0.071725
  1.617889       -0.079373
  1.635777       -0.086074
  1.653666       -0.091828
  1.671554       -0.096635
  1.689443       -0.100495
  1.707331       -0.103408
  1.725220       -0.105374
  1.743108       -0.106392
  1.760997       -0.106464
  1.778885       -0.105589
  1.789941       -0.104574
  1.800997       -0.103198
  1.812053       -0.101460
  1.823108       -0.099360
  1.834164       -0.096899
  1.845220       -0.094075
  1.856276       -0.090890
  1.867331       -0.087344
  1.878387       -0.083435
  1.889443       -0.079165
  1.900498       -0.074533
  1.911554       -0.069539
  1.922610       -0.064184
  1.933666       -0.058467
  1.944721       -0.052388
  1.955777       -0.045947
  1.966833       -0.039145
  1.977889       -0.031981
  1.988944       -0.024455
  2.000000       -0.016567
----------  1.120000--------------
 -1.988944        0.012587
 -1.977889        0.012231
 -1.966833        0.011876
 -1.955777        0.011523
 -1.944721        0.011171
 -1.933666        0.010820
 -1.922610        0.010470
 -1.911554        0.010122
 -1.900498        0.009775
 -1.889443        0.009430
 -1.878387        0.009085
 -1.867331        0.008742
 -1.856276        0.008401
 -1.845220        0.008060
 -1.834164        0.007721
 -1.823108        0.007383
 -1.812053        0.007047
 -1.800997        0.006711
 -1.789941        0.006377
 -1.778885        0.006045
 -1.760997        0.005509
 -1.743108        0.004977
 -1.725220        0.004448
 -1.707331        0.003923
 -1.689443        0.003401
 -1.671554        0.002882
 -1.653666        0.002367
 -1.635777        0.001855
 -1.617889        0.001347
 -1.600000        0.000842
 -1.582111        0.000340
 -1.564223       -0.000158
 -1.546334       -0.000653
 -1.528446       -0.001144
 -1.510557       -0.001633
 -1.492669       -0.002117
 -1.474780       -0.002599
 -1.456892       -0.003077
 -1.439003       -0.003551
 -1.421115       -0.004022
 -1.410059       -0.004312
 -1.399003       -0.004600
 -1.387947       -0.004887
 -1.376892       -0.005173
 -1.365836       -0.005457
 -1.354780       -0.005740
 -1.343724       -0.006022
 -1.332669       -0.006302
 -1.321613       -0.006581
 -1.310557       -0.006859
 -1.299502       -0.007136
 -1.288446       -0.007411
 -1.277390       -0.007685
 -1.266334       -0.007958
 -1.255279       -0.008229
 -1.244223       -0.008499
 -1.233167       -0.008768
 -1.222111       -0.009036
 -1.211056       -0.009302
 -1.200000       -0.009567
 -1.188944       -0.118720
 -1.177889       -0.101165
 -1.166833       -0.083641
 -1.155777       -0.066149
 -1.144721       -0.048688
 -1.133666       -0.031260
 -1.122610       -0.013862
 -1.111554        0.003503
 -1.100498        0.020837
 -1.089443        0.038140
 -1.078387        0.055410
 -1.067331        0.072650
 -1.056276        0.089857
 -1.045220        0.107033
 -1.034164        0.124178
 -1.023108        0.141290
 -1.012053        0.158372
 -1.000997        0.175421
 -0.989941        0.192439
 -0.978885        0.209426
 -0.960997        0.236843
 -0.943108        0.264178
 -0.925220        0.291431
 -0.907331        0.318600
 -0.889443        0.345687
 -0.871554        0.372691
 -0.853666        0.399612
 -0.835777        0.426451
 -0.817889        0.453207
 -0.800000        0.479880
 -0.782111        0.506470
 -0.764223        0.532978
 -0.746334        0.559403
 -0.728446        0.585745
 -0.710557        0.612005
 -0.692669        0.638182
 -0.674780        0.664276
 -0.656892        0.690287
 -0.639003        0.716216
 -0.621115        0.742062
 -0.610059        0.757994
 -0.599003        0.773895
 -0.587947        0.789764
 -0.576892        0.805601
 -0.565836        0.821407
 -0.554780        0.837182
 -0.543724        0.852924
 -0.532669        0.868635
 -0.521613        0.884315
 -0.510557        0.899963
 -0.499502        0.915579
 -0.488446        0.931164
 -0.477390        0.946717
 -0.466334        0.962238
 -0.455279        0.977728
 -0.444223        0.993187
 -0.433167        1.008613
 -0.422111        1.024008
 -0.411056        1.039372
 -0.400000        1.054704
 -0.388944        1.132435
 -0.377889        1.129003
 -0.366833        1.125604
 -0.355777        1.122237
 -0.344721        1.118903
 -0.333666        1.115601
 -0.322610        1.112332
 -0.311554        1.109096
 -0.300498        1.105892
 -0.289443        1.102721
 -0.278387        1.099583
 -0.267331        1.096477
 -0.256276        1.093404
 -0.245220        1.090363
 -0.234164        1.087355
 -0.223108        1.084380
 -0.212053        1.081437
 -0.200997        1.078527
 -0.189941        1.075650
 -0.178885        1.072805
 -0.160997        1.068271
 -0.143108        1.063823
 -0.125220        1.059460
 -0.107331        1.055182
 -0.089443        1.050990
 -0.071554        1.046883
 -0.053666        1.042862
 -0.035777        1.038926
 -0.017889        1.035076
  0.000000        1.031311
  0.017889        1.027631
  0.035777        1.024037
  0.053666        1.020528
  0.071554        1.017105
  0.089443        1.013767
  0.107331        1.010514
  0.125220        1.007347
  0.143108        1.004266
  0.160997        1.001269
  0.178885        0.998358
  0.189941        0.996602
  0.200997        0.994879
  0.212053        0.993188
  0.223108        0.991529
  0.234164        0.989903
  0.245220        0.988310
  0.256276        0.986750
  0.267331        0.985222
  0.278387        0.983727
  0.289443        0.982264
  0.300498        0.980834
  0.311554        0.979437
  0.322610        0.978072
  0.333666        0.976740
  0.344721        0.975441
  0.355777        0.974174
  0.366833        0.972940
  0.377889        0.971738
  0.388944        0.970569
  0.400000        0.969433
  0.411056        0.971029
  0.422111        0.978881
  0.433167        0.986344
  0.444223        0.993418
  0.455279        1.000103
  0.466334        1.006399
  0.477390        1.012305
  0.488446        1.017822
  0.499502        1.022950
  0.510557        1.027689
  0.521613        1.032039
  0.532669        1.035999
  0.543724        1.039571
  0.554780        1.042753
  0.565836        1.045546
  0.576892        1.047949
  0.587947        1.049964
  0.599003        1.051589
  0.610059        1.052826
  0.621115        1.053673
  0.639003        1.054219
  0.656892        1.053746
  0.674780        1.052254
  0.692669        1.049744
  0.710557        1.046214
  0.728446        1.041666
  0.746334        1.036098
  0.764223        1.029512
  0.782111        1.021907
  0.800000        1.013283
  0.817889        1.003640
  0.835777        0.992978
  0.853666        0.981297
  0.871554        0.968598
  0.889443        0.954879
  0.907331        0.940142
  0.925220        0.924385
  0.943108        0.907610
  0.960997        0.889816
  0.978885        0.871003
  0.989941        0.858866
  1.000997        0.846340
  1.012053        0.833425
  1.023108        0.820121
  1.034164        0.806428
  1.045220        0.792345
  1.056276        0.777874
  1.067331        0.763013
  1.078387        0.747763
  1.089443        0.732123
  1.100498        0.716095
  1.111554        0.699677
  1.122610        0.682870
  1.133666        0.665674
  1.144721        0.648089
  1.155777        0.630115
  1.166833        0.611751
  1.177889        0.592998
  1.188944        0.573856
  1.200000        0.554325
  1.211056        0.510215
  1.222111        0.487881
  1.233167        0.465955
  1.244223        0.444438
  1.255279        0.423329
  1.266334        0.402628
  1.277390        0.382336
  1.288446        0.362452
  1.299502        0.342976
  1.310557        0.323909
  1.321613        0.305250
  1.332669        0.286999
  1.343724        0.269156
  1.354780        0.251722
  1.365836        0.234697
  1.376892        0.218079
  1.387947        0.201870
  1.399003        0.186069
  1.410059        0.170677
  1.421115        0.155693
  1.439003        0.132313
  1.456892        0.110002
  1.474780        0.088761
  1.492669        0.068588
  1.510557        0.049484
  1.528446        0.031449
  1.546334        0.014484
  1.564223       -0.001413
  1.582111       -0.016241
  1.600000       -0.029999
  1.617889       -0.042689
  1.635777       -0.054309
  1.653666       -0.064861
  1.671554       -0.074343
  1.689443       -0.082757
  1.707331       -0.090101
  1.725220       -0.096377
  1.743108       -0.101583
  1.760997       -0.105720
  1.778885       -0.108789
  1.789941       -0.110150
  1.800997       -0.111104
  1.812053       -0.111649
  1.823108       -0.111786
  1.834164       -0.111514
  1.845220       -0.110834
  1.856276       -0.109746
  1.867331       -0.108250
  1.878387       -0.106345
  1.889443       -0.104032
  1.900498       -0.101310
  1.911554       -0.098180
  1.922610       -0.094642
  1.933666       -0.090696
  1.944721       -0.086341
  1.955777       -0.081577
  1.966833       -0.076406
  1.977889       -0.070826
  1.988944       -0.064838
  2.000000       -0.058441
----------  1.200000--------------
 -1.988944       -0.047352
 -1.977889       -0.044599
 -1.966833       -0.041914
 -1.955777       -0.039295
 -1.944721       -0.036743
 -1.933666       -0.034258
 -1.922610       -0.031839
 -1.911554       -0.029487
 -1.900498       -0.027202
 -1.889443       -0.024983
 -1.878387       -0.022831
 -1.867331       -0.020746
 -1.856276       -0.018728
 -1.845220       -0.016776
 -1.834164       -0.014891
 -1.823108       -0.013072
 -1.812053       -0.011320
 -1.800997       -0.009635
 -1.789941       -0.008017
 -1.778885       -0.006465
 -1.760997       -0.004096
 -1.743108       -0.001901
 -1.725220        0.000120
 -1.707331        0.001965
 -1.689443        0.003636
 -1.671554        0.005133
 -1.653666        0.006455
 -1.635777        0.007602
 -1.617889        0.008575
 -1.600000        0.009373
 -1.582111        0.009997
 -1.564223        0.010446
 -1.546334        0.010720
 -1.528446        0.010820
 -1.510557        0.010745
 -1.492669        0.010496
 -1.474780        0.010072
 -1.456892        0.009474
 -1.439003        0.008700
 -1.421115        0.007753
 -1.410059        0.007080
 -1.399003        0.006340
 -1.387947        0.005534
 -1.376892        0.004661
 -1.365836        0.003721
 -1.354780        0.002714
 -1.343724        0.001641
 -1.332669        0.000501
 -1.321613       -0.000705
 -1.310557       -0.001978
 -1.299502       -0.003318
 -1.288446       -0.004725
 -1.277390       -0.006198
 -1.266334       -0.007738
 -1.255279       -0.009345
 -1.244223       -0.011018
 -1.233167       -0.012758
 -1.222111       -0.014565
 -1.211056       -0.016438
 -1.200000       -0.018378
 -1.188944       -0.120445
 -1.177889       -0.108995
 -1.166833       -0.097439
 -1.155777       -0.085776
 -1.144721       -0.074005
 -1.133666       -0.062127
 -1.122610       -0.050142
 -1.111554       -0.038050
 -1.100498       -0.025850
 -1.089443       -0.013543
 -1.078387       -0.001129
 -1.067331        0.011392
 -1.056276        0.024020
 -1.045220        0.036755
 -1.034164        0.049598
 -1.023108        0.062548
 -1.012053        0.075605
 -1.000997        0.088769
 -0.989941        0.102041
 -0.978885        0.115419
 -0.960997        0.137294
 -0.943108        0.159449
 -0.925220        0.181884
 -0.907331        0.204600
 -0.889443        0.227597
 -0.871554        0.250874
 -0.853666        0.274433
 -0.835777        0.298271
 -0.817889        0.322391
 -0.800000        0.346791
 -0.782111        0.371471
 -0.764223        0.396433
 -0.746334        0.421675
 -0.728446        0.447197
 -0.710557        0.473001
 -0.692669        0.499085
 -0.674780        0.525449
 -0.656892        0.552094
 -0.639003        0.579020
 -0.621115        0.606227
 -0.610059        0.623182
 -0.599003        0.640244
 -0.587947        0.657413
 -0.576892        0.674689
 -0.565836        0.692073
 -0.554780        0.709564
 -0.543724        0.727162
 -0.532669        0.744867
 -0.521613        0.762680
 -0.510557        0.780599
 -0.499502        0.798626
 -0.488446        0.816760
 -0.477390        0.835002
 -0.466334        0.853350
 -0.455279        0.871806
 -0.444223        0.890369
 -0.433167        0.909039
 -0.422111        0.927816
 -0.411056        0.946700
 -0.400000        0.965692
 -0.388944        1.064278
 -0.377889        1.065351
 -0.366833        1.066353
 -0.355777        1.067283
 -0.344721        1.068141
 -0.333666        1.068927
 -0.322610        1.069642
 -0.311554        1.070286
 -0.300498        1.070857
 -0.289443        1.071357
 -0.278387        1.071786
 -0.267331        1.072143
 -0.256276        1.072428
 -0.245220        1.072641
 -0.234164        1.072783
 -0.223108        1.072853
 -0.212053        1.072852
 -0.200997        1.072779
 -0.189941        1.072634
 -0.178885        1.072418
 -0.160997        1.071916
 -0.143108        1.071227
 -0.125220        1.070350
 -0.107331        1.069286
 -0.089443        1.068034
 -0.071554        1.066595
 -0.053666        1.064968
 -0.035777        1.063154
 -0.017889        1.061152
  0.000000        1.058962
  0.017889        1.056585
  0.035777        1.054021
  0.053666        1.051269
  0.071554        1.048329
  0.089443        1.045202
  0.107331        1.041887
  0.125220        1.038385
  0.143108        1.034695
  0.160997        1.030818
  0.178885        1.026753
  0.189941        1.024147
  0.200997        1.021470
  0.212053        1.018720
  0.223108        1.015900
  0.234164        1.013007
  0.245220        1.010043
  0.256276        1.007007
  0.267331        1.003900
  0.278387        1.000721
  0.289443        0.997470
  0.300498        0.994148
  0.311554        0.990754
  0.322610        0.987288
  0.333666        0.983751
  0.344721        0.980142
  0.355777        0.976462
  0.366833        0.972710
  0.377889        0.968886
  0.388944        0.964991
  0.400000        0.961024
  0.411056        0.927828
  0.422111        0.937190
  0.433167        0.946192
  0.444223        0.954834
  0.455279        0.963116
  0.466334        0.971038
  0.477390        0.978601
  0.488446        0.985803
  0.499502        0.992645
  0.510557        0.999127
  0.521613        1.005250
  0.532669        1.011012
  0.543724        1.016415
  0.554780        1.021457
  0.565836        1.026140
  0.576892        1.030462
  0.587947        1.034425
  0.599003        1.038028
  0.610059        1.041270
  0.621115        1.044153
  0.639003        1.048055
  0.656892        1.051015
  0.674780        1.053032
  0.692669        1.054107
  0.710557        1.054240
  0.728446        1.053430
  0.746334        1.051678
  0.764223        1.048983
  0.782111        1.045346
  0.800000        1.040767
  0.817889        1.035246
  0.835777        1.028782
  0.853666        1.021375
  0.871554        1.013026
  0.889443        1.003735
  0.907331        0.993502
  0.925220        0.982326
  0.943108        0.970208
  0.960997        0.957147
  0.978885        0.943144
  0.989941        0.934019
  1.000997        0.924533
  1.012053        0.914688
  1.023108        0.904483
  1.034164        0.893917
  1.045220        0.882992
  1.056276        0.871707
  1.067331        0.860062
  1.078387        0.848057
  1.089443        0.835691
  1.100498        0.822966
  1.111554        0.809881
  1.122610        0.796437
  1.133666        0.782632
  1.144721        0.768467
  1.155777        0.753942
  1.166833        0.739057
  1.177889        0.723813
  1.188944        0.708208
  1.200000        0.692243
  1.211056        0.686107
  1.222111        0.660757
  1.233167        0.635815
  1.244223        0.611283
  1.255279        0.587159
  1.266334        0.563444
  1.277390        0.540139
  1.288446        0.517243
  1.299502        0.494755
  1.310557        0.472677
  1.321613        0.451007
  1.332669        0.429747
  1.343724        0.408896
  1.354780        0.388453
  1.365836        0.368420
  1.376892        0.348796
  1.387947        0.329581
  1.399003        0.310775
  1.410059        0.292378
  1.421115        0.274390
  1.439003        0.246151
  1.456892        0.218982
  1.474780        0.192885
  1.492669        0.167859
  1.510557        0.143903
  1.528446        0.121019
  1.546334        0.099205
  1.564223        0.078462
  1.582111        0.058790
  1.600000        0.040189
  1.617889        0.022658
  1.635777        0.006199
  1.653666       -0.009190
  1.671554       -0.023508
  1.689443       -0.036755
  1.707331       -0.048931
  1.725220       -0.060036
  1.743108       -0.070070
  1.760997       -0.079034
  1.778885       -0.086926
  1.789941       -0.091269
  1.800997       -0.095202
  1.812053       -0.098727
  1.823108       -0.101842
  1.834164       -0.104548
  1.845220       -0.106846
  1.856276       -0.108734
  1.867331       -0.110213
  1.878387       -0.111283
  1.889443       -0.111945
  1.900498       -0.112197
  1.911554       -0.112040
  1.922610       -0.111474
  1.933666       -0.110499
  1.944721       -0.109115
  1.955777       -0.107322
  1.966833       -0.105120
  1.977889       -0.102509
  1.988944       -0.099489
  2.000000       -0.096060
----------  1.280000--------------
 -1.988944       -0.101401
 -1.977889       -0.096585
 -1.966833       -0.091870
 -1.955777       -0.087256
 -1.944721       -0.082743
 -1.933666       -0.078331
 -1.922610       -0.074020
 -1.911554       -0.069809
 -1.900498       -0.065699
 -1.889443       -0.061690
 -1.878387       -0.057782
 -1.867331       -0.053975
 -1.856276       -0.050269
 -1.845220       -0.046664
 -1.834164       -0.043159
 -1.823108       -0.039755
 -1.812053       -0.036452
 -1.800997       -0.033250
 -1.789941       -0.030149
 -1.778885       -0.027149
 -1.760997       -0.022507
 -1.743108       -0.018130
 -1.725220       -0.014017
 -1.707331       -0.010168
 -1.689443       -0.006583
 -1.671554       -0.003262
 -1.653666       -0.000205
 -1.635777        0.002588
 -1.617889        0.005117
 -1.600000        0.007382
 -1.582111        0.009383
 -1.564223        0.011119
 -1.546334        0.012592
 -1.528446        0.013801
 -1.510557        0.014746
 -1.492669        0.015427
 -1.474780        0.015844
 -1.456892        0.015996
 -1.439003        0.015885
 -1.421115        0.015510
 -1.410059        0.015146
 -1.399003        0.014681
 -1.387947        0.014116
 -1.376892        0.013449
 -1.365836        0.012682
 -1.354780        0.011814
 -1.343724        0.010845
 -1.332669        0.009775
 -1.321613        0.008604
 -1.310557        0.007332
 -1.299502        0.005960
 -1.288446        0.004487
 -1.277390        0.002913
 -1.266334        0.001238
 -1.255279       -0.000538
 -1.244223       -0.002415
 -1.233167       -0.004392
 -1.222111       -0.006471
 -1.211056       -0.008650
 -1.200000       -0.010930
 -1.188944       -0.093864
 -1.177889       -0.088507
 -1.166833       -0.082925
 -1.155777       -0.077121
 -1.144721       -0.071093
 -1.133666       -0.064841
 -1.122610       -0.058367
 -1.111554       -0.051668
 -1.100498       -0.044746
 -1.089443       -0.037601
 -1.078387       -0.030232
 -1.067331       -0.022640
 -1.056276       -0.014825
 -1.045220       -0.006785
 -1.034164        0.001477
 -1.023108        0.009963
 -1.012053        0.018673
 -1.000997        0.027605
 -0.989941        0.036762
 -0.978885        0.046142
 -0.960997        0.061792
 -0.943108        0.078027
 -0.925220        0.094847
 -0.907331        0.112252
 -0.889443        0.130243
 -0.871554        0.148818
 -0.853666        0.167978
 -0.835777        0.187723
 -0.817889        0.208053
 -0.800000        0.228969
 -0.782111        0.250469
 -0.764223        0.272554
 -0.746334        0.295225
 -0.728446        0.318480
 -0.710557        0.342320
 -0.692669        0.366746
 -0.674780        0.391756
 -0.656892        0.417351
 -0.639003        0.443532
 -0.621115        0.470297
 -0.610059        0.487132
 -0.599003        0.504189
 -0.587947        0.521471
 -0.576892        0.538976
 -0.565836        0.556704
 -0.554780        0.574656
 -0.543724        0.592831
 -0.532669        0.611229
 -0.521613        0.629851
 -0.510557        0.648697
 -0.499502        0.667766
 -0.488446        0.687058
 -0.477390        0.706574
 -0.466334        0.726314
 -0.455279        0.746276
 -0.444223        0.766463
 -0.433167        0.786872
 -0.422111        0.807505
 -0.411056        0.828362
 -0.400000        0.849442
 -0.388944        0.952270
 -0.377889        0.958993
 -0.366833        0.965531
 -0.355777        0.971886
 -0.344721        0.978056
 -0.333666        0.984042
 -0.322610        0.989845
 -0.311554        0.995462
 -0.300498        1.000896
 -0.289443        1.006146
 -0.278387        1.011211
 -0.267331        1.016092
 -0.256276        1.020790
 -0.245220        1.025302
 -0.234164        1.029631
 -0.223108        1.033776
 -0.212053        1.037736
 -0.200997        1.041512
 -0.189941        1.045105
 -0.178885        1.048512
 -0.160997        1.053636
 -0.143108        1.058278
 -0.125220        1.062438
 -0.107331        1.066116
 -0.089443        1.069311
 -0.071554        1.072024
 -0.053666        1.074255
 -0.035777        1.076004
 -0.017889        1.077271
  0.000000        1.078056
  0.017889        1.078358
  0.035777        1.078179
  0.053666        1.077517
  0.071554        1.076373
  0.089443        1.074747
  0.107331        1.072638
  0.125220        1.070048
  0.143108        1.066975
  0.160997        1.063421
  0.178885        1.059384
  0.189941        1.056648
  0.200997        1.053727
  0.212053        1.050623
  0.223108        1.047335
  0.234164        1.043862
  0.245220        1.040205
  0.256276        1.036364
  0.267331        1.032339
  0.278387        1.028129
  0.289443        1.023736
  0.300498        1.019158
  0.311554        1.014396
  0.322610        1.009450
  0.333666        1.004320
  0.344721        0.999006
  0.355777        0.993507
  0.366833        0.987825
  0.377889        0.981958
  0.388944        0.975907
  0.400000        0.969671
  0.411056        0.908470
  0.422111        0.917435
  0.433167        0.926106
  0.444223        0.934484
  0.455279        0.942568
  0.466334        0.950358
  0.477390        0.957855
  0.488446        0.965058
  0.499502        0.971967
  0.510557        0.978583
  0.521613        0.984905
  0.532669        0.990933
  0.543724        0.996668
  0.554780        1.002109
  0.565836        1.007256
  0.576892        1.012110
  0.587947        1.016670
  0.599003        1.020936
  0.610059        1.024909
  0.621115        1.028588
  0.639003        1.033919
  0.656892        1.038481
  0.674780        1.042274
  0.692669        1.045298
  0.710557        1.047553
  0.728446        1.049040
  0.746334        1.049757
  0.764223        1.049706
  0.782111        1.048886
  0.800000        1.047297
  0.817889        1.044940
  0.835777        1.041813
  0.853666        1.037918
  0.871554        1.033254
  0.889443        1.027821
  0.907331        1.021619
  0.925220        1.014648
  0.943108        1.006909
  0.960997        0.998400
  0.978885        0.989123
  0.989941        0.983005
  1.000997        0.976593
  1.012053        0.969888
  1.023108        0.962889
  1.034164        0.955596
  1.045220        0.948010
  1.056276        0.940130
  1.067331        0.931956
  1.078387        0.923489
  1.089443        0.914727
  1.100498        0.905673
  1.111554        0.896324
  1.122610        0.886682
  1.133666        0.876746
  1.144721        0.866517
  1.155777        0.855994
  1.166833        0.845177
  1.177889        0.834067
  1.188944        0.822663
  1.200000        0.810965
  1.211056        0.842175
  1.222111        0.815896
  1.233167        0.789980
  1.244223        0.764428
  1.255279        0.739239
  1.266334        0.714415
  1.277390        0.689955
  1.288446        0.665858
  1.299502        0.642125
  1.310557        0.618756
  1.321613        0.595751
  1.332669        0.573110
  1.343724        0.550833
  1.354780        0.528920
  1.365836        0.507370
  1.376892        0.486184
  1.387947        0.465362
  1.399003        0.444905
  1.410059        0.424810
  1.421115        0.405080
  1.439003        0.373927
  1.456892        0.343726
  1.474780        0.314477
  1.492669        0.286182
  1.510557        0.258839
  1.528446        0.232448
  1.546334        0.207010
  1.564223        0.182525
  1.582111        0.158992
  1.600000        0.136412
  1.617889        0.114785
  1.635777        0.094110
  1.653666        0.074388
  1.671554        0.055618
  1.689443        0.037801
  1.707331        0.020937
  1.725220        0.005025
  1.743108       -0.009934
  1.760997       -0.023941
  1.778885       -0.036995
  1.789941       -0.044586
  1.800997       -0.051814
  1.812053       -0.058678
  1.823108       -0.065177
  1.834164       -0.071313
  1.845220       -0.077086
  1.856276       -0.082494
  1.867331       -0.087538
  1.878387       -0.092219
  1.889443       -0.096536
  1.900498       -0.100489
  1.911554       -0.104078
  1.922610       -0.107303
  1.933666       -0.110164
  1.944721       -0.112661
  1.955777       -0.114795
  1.966833       -0.116565
  1.977889       -0.117970
  1.988944       -0.119012
  2.000000       -0.119690
----------  1.360000--------------
 -1.988944       -0.136318
 -1.977889       -0.130957
 -1.966833       -0.125693
 -1.955777       -0.120524
 -1.944721       -0.115452
 -1.933666       -0.110476
 -1.922610       -0.105597
 -1.911554       -0.100814
 -1.900498       -0.096127
 -1.889443       -0.091536
 -1.878387       -0.087041
 -1.867331       -0.082643
 -1.856276       -0.078341
 -1.845220       -0.074135
 -1.834164       -0.070026
 -1.823108       -0.066012
 -1.812053       -0.062095
 -1.800997       -0.058274
 -1.789941       -0.054550
 -1.778885       -0.050921
 -1.760997       -0.045255
 -1.743108       -0.039840
 -1.725220       -0.034677
 -1.707331       -0.029766
 -1.689443       -0.025107
 -1.671554       -0.020700
 -1.653666       -0.016545
 -1.635777       -0.012642
 -1.617889       -0.008991
 -1.600000       -0.005592
 -1.582111       -0.002445
 -1.564223        0.000450
 -1.546334        0.003093
 -1.528446        0.005484
 -1.510557        0.007623
 -1.492669        0.009511
 -1.474780        0.011146
 -1.456892        0.012529
 -1.439003        0.013660
 -1.421115        0.014539
 -1.410059        0.014957
 -1.399003        0.015278
 -1.387947        0.015503
 -1.376892        0.015631
 -1.365836        0.015664
 -1.354780        0.015600
 -1.343724        0.015440
 -1.332669        0.015183
 -1.321613        0.014831
 -1.310557        0.014382
 -1.299502        0.013837
 -1.288446        0.013196
 -1.277390        0.012458
 -1.266334        0.011624
 -1.255279        0.010694
 -1.244223        0.009668
 -1.233167        0.008545
 -1.222111        0.007326
 -1.211056        0.006011
 -1.200000        0.004600
 -1.188944       -0.050385
 -1.177889       -0.050410
 -1.166833       -0.050130
 -1.155777       -0.049545
 -1.144721       -0.048654
 -1.133666       -0.047457
 -1.122610       -0.045955
 -1.111554       -0.044147
 -1.100498       -0.042033
 -1.089443       -0.039614
 -1.078387       -0.036889
 -1.067331       -0.033859
 -1.056276       -0.030523
 -1.045220       -0.026882
 -1.034164       -0.022935
 -1.023108       -0.018682
 -1.012053       -0.014124
 -1.000997       -0.009260
 -0.989941       -0.004091
 -0.978885        0.001384
 -0.960997        0.010890
 -0.943108        0.021196
 -0.925220        0.032302
 -0.907331        0.044208
 -0.889443        0.056914
 -0.871554        0.070420
 -0.853666        0.084727
 -0.835777        0.099833
 -0.817889        0.115739
 -0.800000        0.132445
 -0.782111        0.149952
 -0.764223        0.168258
 -0.746334        0.187365
 -0.728446        0.207271
 -0.710557        0.227978
 -0.692669        0.249484
 -0.674780        0.271791
 -0.656892        0.294897
 -0.639003        0.318804
 -0.621115        0.343511
 -0.610059        0.359180
 -0.599003        0.375156
 -0.587947        0.391436
 -0.576892        0.408023
 -0.565836        0.424915
 -0.554780        0.442112
 -0.543724        0.459616
 -0.532669        0.477424
 -0.521613        0.495539
 -0.510557        0.513958
 -0.499502        0.532684
 -0.488446        0.551715
 -0.477390        0.571052
 -0.466334        0.590694
 -0.455279        0.610642
 -0.444223        0.630895
 -0.433167        0.651454
 -0.422111        0.672319
 -0.411056        0.693489
 -0.400000        0.714965
 -0.388944        0.805925
 -0.377889        0.818596
 -0.366833        0.830983
 -0.355777        0.843085
 -0.344721        0.854901
 -0.333666        0.866432
 -0.322610        0.877678
 -0.311554        0.888639
 -0.300498        0.899315
 -0.289443        0.909705
 -0.278387        0.919811
 -0.267331        0.929631
 -0.256276        0.939167
 -0.245220        0.948417
 -0.234164        0.957382
 -0.223108        0.966061
 -0.212053        0.974456
 -0.200997        0.982566
 -0.189941        0.990390
 -0.178885        0.997929
 -0.160997        1.009524
 -0.143108        1.020372
 -0.125220        1.030474
 -0.107331        1.039829
 -0.089443        1.048438
 -0.071554        1.056300
 -0.053666        1.063416
 -0.035777        1.069786
 -0.017889        1.075408
  0.000000        1.080285
  0.017889        1.084414
  0.035777        1.087798
  0.053666        1.090434
  0.071554        1.092325
  0.089443        1.093468
  0.107331        1.093866
  0.125220        1.093516
  0.143108        1.092421
  0.160997        1.090578
  0.178885        1.087989
  0.189941        1.086016
  0.200997        1.083758
  0.212053        1.081214
  0.223108        1.078386
  0.234164        1.075272
  0.245220        1.071873
  0.256276        1.068189
  0.267331        1.064220
  0.278387        1.059966
  0.289443        1.055426
  0.300498        1.050602
  0.311554        1.045492
  0.322610        1.040097
  0.333666        1.034417
  0.344721        1.028452
  0.355777        1.022201
  0.366833        1.015666
  0.377889        1.008845
  0.388944        1.001740
  0.400000        0.994349
  0.411056        0.916517
  0.422111        0.923486
  0.433167        0.930251
  0.444223        0.936813
  0.455279        0.943173
  0.466334        0.949329
  0.477390        0.955282
  0.488446        0.961033
  0.499502        0.966580
  0.510557        0.971924
  0.521613        0.977065
  0.532669        0.982003
  0.543724        0.986738
  0.554780        0.991271
  0.565836        0.995600
  0.576892        0.999726
  0.587947        1.003649
  0.599003        1.007369
  0.610059        1.010886
  0.621115        1.014200
  0.639003        1.019132
  0.656892        1.023533
  0.674780        1.027402
  0.692669        1.030739
  0.710557        1.033545
  0.728446        1.035820
  0.746334        1.037563
  0.764223        1.038774
  0.782111        1.039454
  0.800000        1.039603
  0.817889        1.039220
  0.835777        1.038305
  0.853666        1.036859
  0.871554        1.034881
  0.889443        1.032372
  0.907331        1.029332
  0.925220        1.025759
  0.943108        1.021656
  0.960997        1.017020
  0.978885        1.011854
  0.989941        1.008395
  1.000997        1.004733
  1.012053        1.000868
  1.023108        0.996800
  1.034164        0.992529
  1.045220        0.988055
  1.056276        0.983377
  1.067331        0.978497
  1.078387        0.973414
  1.089443        0.968128
  1.100498        0.962639
  1.111554        0.956947
  1.122610        0.951051
  1.133666        0.944953
  1.144721        0.938652
  1.155777        0.932147
  1.166833        0.925440
  1.177889        0.918530
  1.188944        0.911416
  1.200000        0.904100
  1.211056        0.967254
  1.222111        0.942193
  1.233167        0.917410
  1.244223        0.892907
  1.255279        0.868682
  1.266334        0.844736
  1.277390        0.821069
  1.288446        0.797681
  1.299502        0.774571
  1.310557        0.751741
  1.321613        0.729189
  1.332669        0.706916
  1.343724        0.684922
  1.354780        0.663207
  1.365836        0.641771
  1.376892        0.620614
  1.387947        0.599735
  1.399003        0.579136
  1.410059        0.558815
  1.421115        0.538773
  1.439003        0.506936
  1.456892        0.475828
  1.474780        0.445450
  1.492669        0.415803
  1.510557        0.386885
  1.528446        0.358698
  1.546334        0.331241
  1.564223        0.304514
  1.582111        0.278517
  1.600000        0.253250
  1.617889        0.228713
  1.635777        0.204906
  1.653666        0.181829
  1.671554        0.159482
  1.689443        0.137866
  1.707331        0.116979
  1.725220        0.096823
  1.743108        0.077396
  1.760997        0.058700
  1.778885        0.040734
  1.789941        0.029995
  1.800997        0.019536
  1.812053        0.009355
  1.823108       -0.000547
  1.834164       -0.010171
  1.845220       -0.019515
  1.856276       -0.028581
  1.867331       -0.037367
  1.878387       -0.045875
  1.889443       -0.054104
  1.900498       -0.062054
  1.911554       -0.069725
  1.922610       -0.077117
  1.933666       -0.084231
  1.944721       -0.091065
  1.955777       -0.097621
  1.966833       -0.103898
  1.977889       -0.109896
  1.988944       -0.115615
  2.000000       -0.121055
----------  1.440000--------------
 -1.988944       -0.141085
 -1.977889       -0.136915
 -1.966833       -0.132800
 -1.955777       -0.128739
 -1.944721       -0.124732
 -1.933666       -0.120780
 -1.922610       -0.116882
 -1.911554       -0.113039
 -1.900498       -0.109250
 -1.889443       -0.105515
 -1.878387       -0.101834
 -1.867331       -0.098208
 -1.856276       -0.094636
 -1.845220       -0.091119
 -1.834164       -0.087656
 -1.823108       -0.084247
 -1.812053       -0.080893
 -1.800997       -0.077593
 -1.789941       -0.074347
 -1.778885       -0.071156
 -1.760997       -0.066108
 -1.743108       -0.061201
 -1.725220       -0.056438
 -1.707331       -0.051816
 -1.689443       -0.047337
 -1.671554       -0.043000
 -1.653666       -0.038805
 -1.635777       -0.034753
 -1.617889       -0.030842
 -1.600000       -0.027075
 -1.582111       -0.023449
 -1.564223       -0.019966
 -1.546334       -0.016625
 -1.528446       -0.013427
 -1.510557       -0.010370
 -1.492669       -0.007456
 -1.474780       -0.004685
 -1.456892       -0.002055
 -1.439003        0.000432
 -1.421115        0.002777
 -1.410059        0.004155
 -1.399003        0.005478
 -1.387947        0.006748
 -1.376892        0.007963
 -1.365836        0.009123
 -1.354780        0.010230
 -1.343724        0.011282
 -1.332669        0.012279
 -1.321613        0.013222
 -1.310557        0.014111
 -1.299502        0.014946
 -1.288446        0.015726
 -1.277390        0.016451
 -1.266334        0.017123
 -1.255279        0.017740
 -1.244223        0.018303
 -1.233167        0.018811
 -1.222111        0.019265
 -1.211056        0.019665
 -1.200000        0.020010
 -1.188944       -0.002310
 -1.177889       -0.006459
 -1.166833       -0.010261
 -1.155777       -0.013716
 -1.144721       -0.016823
 -1.133666       -0.019584
 -1.122610       -0.021998
 -1.111554       -0.024065
 -1.100498       -0.025784
 -1.089443       -0.027157
 -1.078387       -0.028183
 -1.067331       -0.028862
 -1.056276       -0.029194
 -1.045220       -0.029179
 -1.034164       -0.028817
 -1.023108       -0.028108
 -1.012053       -0.027052
 -1.000997       -0.025649
 -0.989941       -0.023899
 -0.978885       -0.021802
 -0.960997       -0.017675
 -0.943108       -0.012638
 -0.925220       -0.006694
 -0.907331        0.000159
 -0.889443        0.007921
 -0.871554        0.016590
 -0.853666        0.026168
 -0.835777        0.036655
 -0.817889        0.048050
 -0.800000        0.060353
 -0.782111        0.073565
 -0.764223        0.087685
 -0.746334        0.102714
 -0.728446        0.118651
 -0.710557        0.135496
 -0.692669        0.153250
 -0.674780        0.171912
 -0.656892        0.191482
 -0.639003        0.211961
 -0.621115        0.233348
 -0.610059        0.247021
 -0.599003        0.261040
 -0.587947        0.275406
 -0.576892        0.290119
 -0.565836        0.305180
 -0.554780        0.320587
 -0.543724        0.336341
 -0.532669        0.352442
 -0.521613        0.368890
 -0.510557        0.385685
 -0.499502        0.402827
 -0.488446        0.420316
 -0.477390        0.438152
 -0.466334        0.456335
 -0.455279        0.474865
 -0.444223        0.493742
 -0.433167        0.512966
 -0.422111        0.532537
 -0.411056        0.552455
 -0.400000        0.572720
 -0.388944        0.638719
 -0.377889        0.656790
 -0.366833        0.674503
 -0.355777        0.691859
 -0.344721        0.708857
 -0.333666        0.725497
 -0.322610        0.741779
 -0.311554        0.757703
 -0.300498        0.773269
 -0.289443        0.788478
 -0.278387        0.803328
 -0.267331        0.817821
 -0.256276        0.831956
 -0.245220        0.845734
 -0.234164        0.859153
 -0.223108        0.872214
 -0.212053        0.884918
 -0.200997        0.897264
 -0.189941        0.909252
 -0.178885        0.920882
 -0.160997        0.938942
 -0.143108        0.956066
 -0.125220        0.972252
 -0.107331        0.987502
 -0.089443        1.001815
 -0.071554        1.015191
 -0.053666        1.027630
 -0.035777        1.039132
 -0.017889        1.049698
  0.000000        1.059326
  0.017889        1.068018
  0.035777        1.075773
  0.053666        1.082591
  0.071554        1.088473
  0.089443        1.093417
  0.107331        1.097425
  0.125220        1.100496
  0.143108        1.102630
  0.160997        1.103827
  0.178885        1.104087
  0.189941        1.103780
  0.200997        1.103115
  0.212053        1.102092
  0.223108        1.100711
  0.234164        1.098972
  0.245220        1.096875
  0.256276        1.094421
  0.267331        1.091608
  0.278387        1.088438
  0.289443        1.084910
  0.300498        1.081024
  0.311554        1.076781
  0.322610        1.072179
  0.333666        1.067220
  0.344721        1.061902
  0.355777        1.056227
  0.366833        1.050195
  0.377889        1.043804
  0.388944        1.037055
  0.400000        1.029949
  0.411056        0.949508
  0.422111        0.953448
  0.433167        0.957284
  0.444223        0.961015
  0.455279        0.964643
  0.466334        0.968165
  0.477390        0.971584
  0.488446        0.974898
  0.499502        0.978107
  0.510557        0.981213
  0.521613        0.984214
  0.532669        0.987110
  0.543724        0.989902
  0.554780        0.992590
  0.565836        0.995173
  0.576892        0.997652
  0.587947        1.000027
  0.599003        1.002297
  0.610059        1.004463
  0.621115        1.006525
  0.639003        1.009639
  0.656892        1.012480
  0.674780        1.015048
  0.692669        1.017343
  0.710557        1.019364
  0.728446        1.021112
  0.746334        1.022587
  0.764223        1.023789
  0.782111        1.024717
  0.800000        1.025372
  0.817889        1.025754
  0.835777        1.025862
  0.853666        1.025698
  0.871554        1.025260
  0.889443        1.024548
  0.907331        1.023564
  0.925220        1.022306
  0.943108        1.020775
  0.960997        1.018970
  0.978885        1.016893
  0.989941        1.015472
  1.000997        1.013947
  1.012053        1.012317
  1.023108        1.010584
  1.034164        1.008745
  1.045220        1.006803
  1.056276        1.004756
  1.067331        1.002604
  1.078387        1.000349
  1.089443        0.997989
  1.100498        0.995524
  1.111554        0.992955
  1.122610        0.990282
  1.133666        0.987504
  1.144721        0.984622
  1.155777        0.981636
  1.166833        0.978545
  1.177889        0.975350
  1.188944        0.972050
  1.200000        0.968646
  1.211056        1.054418
  1.222111        1.032514
  1.233167        1.010775
  1.244223        0.989201
  1.255279        0.967792
  1.266334        0.946548
  1.277390        0.925468
  1.288446        0.904554
  1.299502        0.883805
  1.310557        0.863221
  1.321613        0.842802
  1.332669        0.822548
  1.343724        0.802458
  1.354780        0.782534
  1.365836        0.762775
  1.376892        0.743181
  1.387947        0.723752
  1.399003        0.704488
  1.410059        0.685388
  1.421115        0.666454
  1.439003        0.636168
  1.456892        0.606313
  1.474780        0.576890
  1.492669        0.547899
  1.510557        0.519340
  1.528446        0.491214
  1.546334        0.463519
  1.564223        0.436256
  1.582111        0.409425
  1.600000        0.383026
  1.617889        0.357059
  1.635777        0.331524
  1.653666        0.306421
  1.671554        0.281750
  1.689443        0.257510
  1.707331        0.233703
  1.725220        0.210328
  1.743108        0.187385
  1.760997        0.164873
  1.778885        0.142794
  1.789941        0.129364
  1.800997        0.116100
  1.812053        0.103000
  1.823108        0.090065
  1.834164        0.077295
  1.845220        0.064690
  1.856276        0.052251
  1.867331        0.039976
  1.878387        0.027866
  1.889443        0.015921
  1.900498        0.004141
  1.911554       -0.007474
  1.922610       -0.018923
  1.933666       -0.030208
  1.944721       -0.041328
  1.955777       -0.052283
  1.966833       -0.063073
  1.977889       -0.073698
  1.988944       -0.084157
  2.000000       -0.094452
----------  1.520000--------------
 -1.988944       -0.108542
 -1.977889       -0.107237
 -1.966833       -0.105915
 -1.955777       -0.104575
 -1.944721       -0.103218
 -1.933666       -0.101843
 -1.922610       -0.100451
 -1.911554       -0.099041
 -1.900498       -0.097614
 -1.889443       -0.096169
 -1.878387       -0.094707
 -1.867331       -0.093227
 -1.856276       -0.091730
 -1.845220       -0.090215
 -1.834164       -0.088683
 -1.823108       -0.087134
 -1.812053       -0.085567
 -1.800997       -0.083983
 -1.789941       -0.082381
 -1.778885       -0.080761
 -1.760997       -0.078104
 -1.743108       -0.075401
 -1.725220       -0.072652
 -1.707331       -0.069858
 -1.689443       -0.067018
 -1.671554       -0.064132
 -1.653666       -0.061201
 -1.635777       -0.058223
 -1.617889       -0.055200
 -1.600000       -0.052131
 -1.582111       -0.049017
 -1.564223       -0.045857
 -1.546334       -0.042651
 -1.528446       -0.039399
 -1.510557       -0.036102
 -1.492669       -0.032758
 -1.474780       -0.029370
 -1.456892       -0.025935
 -1.439003       -0.022455
 -1.421115       -0.018929
 -1.410059       -0.016726
 -1.399003       -0.014507
 -1.387947       -0.012270
 -1.376892       -0.010015
 -1.365836       -0.007743
 -1.354780       -0.005454
 -1.343724       -0.003147
 -1.332669       -0.000823
 -1.321613        0.001519
 -1.310557        0.003879
 -1.299502        0.006255
 -1.288446        0.008650
 -1.277390        0.011061
 -1.266334        0.013490
 -1.255279        0.015937
 -1.244223        0.018401
 -1.233167        0.020883
 -1.222111        0.023382
 -1.211056        0.025898
 -1.200000        0.028432
 -1.188944        0.038894
 -1.177889        0.032229
 -1.166833        0.025910
 -1.155777        0.019938
 -1.144721        0.014313
 -1.133666        0.009034
 -1.122610        0.004102
 -1.111554       -0.000484
 -1.100498       -0.004723
 -1.089443       -0.008615
 -1.078387       -0.012161
 -1.067331       -0.015361
 -1.056276       -0.018214
 -1.045220       -0.020720
 -1.034164       -0.022880
 -1.023108       -0.024693
 -1.012053       -0.026159
 -1.000997       -0.027280
 -0.989941       -0.028053
 -0.978885       -0.028480
 -0.960997       -0.028437
 -0.943108       -0.027486
 -0.925220       -0.025628
 -0.907331       -0.022863
 -0.889443       -0.019190
 -0.871554       -0.014611
 -0.853666       -0.009123
 -0.835777       -0.002729
 -0.817889        0.004573
 -0.800000        0.012782
 -0.782111        0.021898
 -0.764223        0.031922
 -0.746334        0.042853
 -0.728446        0.054692
 -0.710557        0.067437
 -0.692669        0.081090
 -0.674780        0.095651
 -0.656892        0.111118
 -0.639003        0.127493
 -0.621115        0.144776
 -0.610059        0.155910
 -0.599003        0.167392
 -0.587947        0.179219
 -0.576892        0.191394
 -0.565836        0.203915
 -0.554780        0.216782
 -0.543724        0.229996
 -0.532669        0.243557
 -0.521613        0.257464
 -0.510557        0.271718
 -0.499502        0.286318
 -0.488446        0.301265
 -0.477390        0.316559
 -0.466334        0.332199
 -0.455279        0.348185
 -0.444223        0.364518
 -0.433167        0.381198
 -0.422111        0.398224
 -0.411056        0.415597
 -0.400000        0.433317
 -0.388944        0.465907
 -0.377889        0.488105
 -0.366833        0.509911
 -0.355777        0.531327
 -0.344721        0.552352
 -0.333666        0.572986
 -0.322610        0.593229
 -0.311554        0.613081
 -0.300498        0.632542
 -0.289443        0.651612
 -0.278387        0.670291
 -0.267331        0.688579
 -0.256276        0.706477
 -0.245220        0.723983
 -0.234164        0.741098
 -0.223108        0.757822
 -0.212053        0.774156
 -0.200997        0.790098
 -0.189941        0.805650
 -0.178885        0.820810
 -0.160997        0.844513
 -0.143108        0.867191
 -0.125220        0.888846
 -0.107331        0.909478
 -0.089443        0.929086
 -0.071554        0.947671
 -0.053666        0.965232
 -0.035777        0.981769
 -0.017889        0.997283
  0.000000        1.011774
  0.017889        1.025240
  0.035777        1.037684
  0.053666        1.049104
  0.071554        1.059500
  0.089443        1.068873
  0.107331        1.077222
  0.125220        1.084548
  0.143108        1.090850
  0.160997        1.096129
  0.178885        1.100384
  0.189941        1.102502
  0.200997        1.104229
  0.212053        1.105565
  0.223108        1.106510
  0.234164        1.107064
  0.245220        1.107228
  0.256276        1.107000
  0.267331        1.106381
  0.278387        1.105372
  0.289443        1.103971
  0.300498        1.102180
  0.311554        1.099997
  0.322610        1.097424
  0.333666        1.094459
  0.344721        1.091104
  0.355777        1.087358
  0.366833        1.083221
  0.377889        1.078692
  0.388944        1.073773
  0.400000        1.068463
  0.411056        0.999547
  0.422111        1.000153
  0.433167        1.000745
  0.444223        1.001321
  0.455279        1.001883
  0.466334        1.002429
  0.477390        1.002961
  0.488446        1.003478
  0.499502        1.003980
  0.510557        1.004467
  0.521613        1.004939
  0.532669        1.005396
  0.543724        1.005839
  0.554780        1.006266
  0.565836        1.006678
  0.576892        1.007076
  0.587947        1.007459
  0.599003        1.007826
  0.610059        1.008179
  0.621115        1.008517
  0.639003        1.009032
  0.656892        1.009508
  0.674780        1.009945
  0.692669        1.010343
  0.710557        1.010702
  0.728446        1.011021
  0.746334        1.011302
  0.764223        1.011544
  0.782111        1.011747
  0.800000        1.011910
  0.817889        1.012035
  0.835777        1.012120
  0.853666        1.012167
  0.871554        1.012174
  0.889443        1.012142
  0.907331        1.012072
  0.925220        1.011962
  0.943108        1.011813
  0.960997        1.011625
  0.978885        1.011398
  0.989941        1.011238
  1.000997        1.011064
  1.012053        1.010874
  1.023108        1.010670
  1.034164        1.010450
  1.045220        1.010216
  1.056276        1.009967
  1.067331        1.009702
  1.078387        1.009423
  1.089443        1.009129
  1.100498        1.008820
  1.111554        1.008496
  1.122610        1.008158
  1.133666        1.007804
  1.144721        1.007435
  1.155777        1.007052
  1.166833        1.006653
  1.177889        1.006240
  1.188944        1.005812
  1.200000        1.005368
  1.211056        1.101740
  1.222111        1.084487
  1.233167        1.067270
  1.244223        1.050090
  1.255279        1.032947
  1.266334        1.015840
  1.277390        0.998770
  1.288446        0.981736
  1.299502        0.964740
  1.310557        0.947780
  1.321613        0.930856
  1.332669        0.913969
  1.343724        0.897119
  1.354780        0.880306
  1.365836        0.863529
  1.376892        0.846789
  1.387947        0.830085
  1.399003        0.813418
  1.410059        0.796788
  1.421115        0.780194
  1.439003        0.753423
  1.456892        0.726747
  1.474780        0.700168
  1.492669        0.673684
  1.510557        0.647297
  1.528446        0.621005
  1.546334        0.594809
  1.564223        0.568710
  1.582111        0.542706
  1.600000        0.516798
  1.617889        0.490986
  1.635777        0.465270
  1.653666        0.439650
  1.671554        0.414126
  1.689443        0.388698
  1.707331        0.363366
  1.725220        0.338129
  1.743108        0.312989
  1.760997        0.287945
  1.778885        0.262996
  1.789941        0.247626
  1.800997        0.232291
  1.812053        0.216994
  1.823108        0.201733
  1.834164        0.186508
  1.845220        0.171320
  1.856276        0.156169
  1.867331        0.141055
  1.878387        0.125977
  1.889443        0.110936
  1.900498        0.095932
  1.911554        0.080964
  1.922610        0.066033
  1.933666        0.051138
  1.944721        0.036280
  1.955777        0.021459
  1.966833        0.006674
  1.977889       -0.008073
  1.988944       -0.022785
  2.000000       -0.037459
----------  1.600000--------------
 -1.988944       -0.036344
 -1.977889       -0.039255
 -1.966833       -0.042058
 -1.955777       -0.044754
 -1.944721       -0.047343
 -1.933666       -0.049825
 -1.922610       -0.052199
 -1.911554       -0.054465
 -1.900498       -0.056625
 -1.889443       -0.058677
 -1.878387       -0.060621
 -1.867331       -0.062459
 -1.856276       -0.064189
 -1.845220       -0.065811
 -1.834164       -0.067327
 -1.823108       -0.068735
 -1.812053       -0.070035
 -1.800997       -0.071229
 -1.789941       -0.072314
 -1.778885       -0.073293
 -1.760997       -0.074649
 -1.743108       -0.075724
 -1.725220       -0.076518
 -1.707331       -0.077032
 -1.689443       -0.077264
 -1.671554       -0.077215
 -1.653666       -0.076885
 -1.635777       -0.076274
 -1.617889       -0.075382
 -1.600000       -0.074209
 -1.582111       -0.072755
 -1.564223       -0.071020
 -1.546334       -0.069004
 -1.528446       -0.066707
 -1.510557       -0.064129
 -1.492669       -0.061270
 -1.474780       -0.058130
 -1.456892       -0.054709
 -1.439003       -0.051006
 -1.421115       -0.047023
 -1.410059       -0.044421
 -1.399003       -0.041712
 -1.387947       -0.038895
 -1.376892       -0.035970
 -1.365836       -0.032939
 -1.354780       -0.029800
 -1.343724       -0.026554
 -1.332669       -0.023200
 -1.321613       -0.019739
 -1.310557       -0.016171
 -1.299502       -0.012496
 -1.288446       -0.008713
 -1.277390       -0.004822
 -1.266334       -0.000825
 -1.255279        0.003280
 -1.244223        0.007492
 -1.233167        0.011812
 -1.222111        0.016239
 -1.211056        0.020773
 -1.200000        0.025415
 -1.188944        0.064261
 -1.177889        0.056787
 -1.166833        0.049622
 -1.155777        0.042766
 -1.144721        0.036219
 -1.133666        0.029981
 -1.122610        0.024052
 -1.111554        0.018431
 -1.100498        0.013120
 -1.089443        0.008117
 -1.078387        0.003423
 -1.067331       -0.000963
 -1.056276       -0.005039
 -1.045220       -0.008806
 -1.034164       -0.012265
 -1.023108       -0.015415
 -1.012053       -0.018256
 -1.000997       -0.020788
 -0.989941       -0.023011
 -0.978885       -0.024926
 -0.960997       -0.027369
 -0.943108       -0.029004
 -0.925220       -0.029831
 -0.907331       -0.029849
 -0.889443       -0.029058
 -0.871554       -0.027459
 -0.853666       -0.025051
 -0.835777       -0.021834
 -0.817889       -0.017810
 -0.800000       -0.012976
 -0.782111       -0.007334
 -0.764223       -0.000884
 -0.746334        0.006375
 -0.728446        0.014443
 -0.710557        0.023319
 -0.692669        0.033004
 -0.674780        0.043497
 -0.656892        0.054799
 -0.639003        0.066910
 -0.621115        0.079829
 -0.610059        0.088217
 -0.599003        0.096915
 -0.587947        0.105921
 -0.576892        0.115236
 -0.565836        0.124860
 -0.554780        0.134793
 -0.543724        0.145035
 -0.532669        0.155585
 -0.521613        0.166445
 -0.510557        0.177613
 -0.499502        0.189090
 -0.488446        0.200876
 -0.477390        0.212970
 -0.466334        0.225374
 -0.455279        0.238086
 -0.444223        0.251108
 -0.433167        0.264438
 -0.422111        0.278077
 -0.411056        0.292024
 -0.400000        0.306281
 -0.388944        0.302399
 -0.377889        0.326943
 -0.366833        0.351107
 -0.355777        0.374891
 -0.344721        0.398296
 -0.333666        0.421321
 -0.322610        0.443966
 -0.311554        0.466231
 -0.300498        0.488117
 -0.289443        0.509623
 -0.278387        0.530749
 -0.267331        0.551495
 -0.256276        0.571862
 -0.245220        0.591849
 -0.234164        0.611456
 -0.223108        0.630684
 -0.212053        0.649531
 -0.200997        0.668000
 -0.189941        0.686088
 -0.178885        0.703796
 -0.160997        0.731645
 -0.143108        0.758500
 -0.125220        0.784360
 -0.107331        0.809226
 -0.089443        0.833099
 -0.071554        0.855977
 -0.053666        0.877860
 -0.035777        0.898750
 -0.017889        0.918645
  0.000000        0.937547
  0.017889        0.955454
  0.035777        0.972367
  0.053666        0.988286
  0.071554        1.003210
  0.089443        1.017141
  0.107331        1.030077
  0.125220        1.042019
  0.143108        1.052967
  0.160997        1.062921
  0.178885        1.071881
  0.189941        1.076921
  0.200997        1.081582
  0.212053        1.085863
  0.223108        1.089764
  0.234164        1.093285
  0.245220        1.096427
  0.256276        1.099189
  0.267331        1.101571
  0.278387        1.103573
  0.289443        1.105196
  0.300498        1.106439
  0.311554        1.107302
  0.322610        1.107786
  0.333666        1.107889
  0.344721        1.107613
  0.355777        1.106958
  0.366833        1.105922
  0.377889        1.104507
  0.388944        1.102712
  0.400000        1.100538
  0.411056        1.054912
  0.422111        1.052629
  0.433167        1.050396
  0.444223        1.048213
  0.455279        1.046081
  0.466334        1.043999
  0.477390        1.041967
  0.488446        1.039986
  0.499502        1.038055
  0.510557        1.036175
  0.521613        1.034345
  0.532669        1.032566
  0.543724        1.030837
  0.554780        1.029158
  0.565836        1.027530
  0.576892        1.025953
  0.587947        1.024425
  0.599003        1.022949
  0.610059        1.021522
  0.621115        1.020146
  0.639003        1.018027
  0.656892        1.016039
  0.674780        1.014184
  0.692669        1.012460
  0.710557        1.010869
  0.728446        1.009409
  0.746334        1.008082
  0.764223        1.006886
  0.782111        1.005823
  0.800000        1.004891
  0.817889        1.004092
  0.835777        1.003425
  0.853666        1.002889
  0.871554        1.002486
  0.889443        1.002215
  0.907331        1.002075
  0.925220        1.002068
  0.943108        1.002193
  0.960997        1.002449
  0.978885        1.002838
  0.989941        1.003145
  1.000997        1.003501
  1.012053        1.003908
  1.023108        1.004366
  1.034164        1.004874
  1.045220        1.005432
  1.056276        1.006041
  1.067331        1.006700
  1.078387        1.007410
  1.089443        1.008170
  1.100498        1.008981
  1.111554        1.009842
  1.122610        1.010753
  1.133666        1.011715
  1.144721        1.012727
  1.155777        1.013790
  1.166833        1.014903
  1.177889        1.016066
  1.188944        1.017280
  1.200000        1.018545
  1.211056        1.112418
  1.222111        1.100687
  1.233167        1.088866
  1.244223        1.076955
  1.255279        1.064953
  1.266334        1.052862
  1.277390        1.040680
  1.288446        1.028408
  1.299502        1.016046
  1.310557        1.003593
  1.321613        0.991050
  1.332669        0.978417
  1.343724        0.965694
  1.354780        0.952881
  1.365836        0.939977
  1.376892        0.926983
  1.387947        0.913899
  1.399003        0.900725
  1.410059        0.887460
  1.421115        0.874106
  1.439003        0.852306
  1.456892        0.830270
  1.474780        0.807998
  1.492669        0.785490
  1.510557        0.762745
  1.528446        0.739765
  1.546334        0.716548
  1.564223        0.693095
  1.582111        0.669405
  1.600000        0.645480
  1.617889        0.621318
  1.635777        0.596920
  1.653666        0.572286
  1.671554        0.547416
  1.689443        0.522309
  1.707331        0.496966
  1.725220        0.471387
  1.743108        0.445572
  1.760997        0.419520
  1.778885        0.393233
  1.789941        0.376868
  1.800997        0.360413
  1.812053        0.343867
  1.823108        0.327232
  1.834164        0.310506
  1.845220        0.293690
  1.856276        0.276784
  1.867331        0.259788
  1.878387        0.242701
  1.889443        0.225524
  1.900498        0.208257
  1.911554        0.190900
  1.922610        0.173452
  1.933666        0.155915
  1.944721        0.138287
  1.955777        0.120568
  1.966833        0.102760
  1.977889        0.084861
  1.988944        0.066872
  2.000000        0.048793
----------  1.680000--------------
 -1.988944        0.072803
 -1.977889        0.064851
 -1.966833        0.057100
 -1.955777        0.049549
 -1.944721        0.042200
 -1.933666        0.035051
 -1.922610        0.028104
 -1.911554        0.021357
 -1.900498        0.014811
 -1.889443        0.008466
 -1.878387        0.002321
 -1.867331       -0.003622
 -1.856276       -0.009365
 -1.845220       -0.014907
 -1.834164       -0.020248
 -1.823108       -0.025388
 -1.812053       -0.030327
 -1.800997       -0.035065
 -1.789941       -0.039603
 -1.778885       -0.043940
 -1.760997       -0.050531
 -1.743108       -0.056597
 -1.725220       -0.062137
 -1.707331       -0.067151
 -1.689443       -0.071640
 -1.671554       -0.075602
 -1.653666       -0.079039
 -1.635777       -0.081950
 -1.617889       -0.084335
 -1.600000       -0.086194
 -1.582111       -0.087528
 -1.564223       -0.088336
 -1.546334       -0.088618
 -1.528446       -0.088374
 -1.510557       -0.087604
 -1.492669       -0.086308
 -1.474780       -0.084487
 -1.456892       -0.082140
 -1.439003       -0.079267
 -1.421115       -0.075868
 -1.410059       -0.073504
 -1.399003       -0.070940
 -1.387947       -0.068175
 -1.376892       -0.065209
 -1.365836       -0.062042
 -1.354780       -0.058674
 -1.343724       -0.055106
 -1.332669       -0.051336
 -1.321613       -0.047366
 -1.310557       -0.043195
 -1.299502       -0.038823
 -1.288446       -0.034250
 -1.277390       -0.029477
 -1.266334       -0.024502
 -1.255279       -0.019327
 -1.244223       -0.013951
 -1.233167       -0.008374
 -1.222111       -0.002596
 -1.211056        0.003383
 -1.200000        0.009562
 -1.188944        0.068596
 -1.177889        0.061872
 -1.166833        0.055390
 -1.155777        0.049152
 -1.144721        0.043157
 -1.133666        0.037405
 -1.122610        0.031896
 -1.111554        0.026630
 -1.100498        0.021608
 -1.089443        0.016828
 -1.078387        0.012291
 -1.067331        0.007998
 -1.056276        0.003947
 -1.045220        0.000140
 -1.034164       -0.003424
 -1.023108       -0.006746
 -1.012053       -0.009824
 -1.000997       -0.012659
 -0.989941       -0.015251
 -0.978885       -0.017600
 -0.960997       -0.020885
 -0.943108       -0.023535
 -0.925220       -0.025548
 -0.907331       -0.026924
 -0.889443       -0.027664
 -0.871554       -0.027768
 -0.853666       -0.027236
 -0.835777       -0.026067
 -0.817889       -0.024261
 -0.800000       -0.021819
 -0.782111       -0.018741
 -0.764223       -0.015027
 -0.746334       -0.010676
 -0.728446       -0.005689
 -0.710557       -0.000065
 -0.692669        0.006195
 -0.674780        0.013092
 -0.656892        0.020625
 -0.639003        0.028794
 -0.621115        0.037600
 -0.610059        0.043360
 -0.599003        0.049363
 -0.587947        0.055610
 -0.576892        0.062100
 -0.565836        0.068832
 -0.554780        0.075808
 -0.543724        0.083027
 -0.532669        0.090489
 -0.521613        0.098194
 -0.510557        0.106142
 -0.499502        0.114333
 -0.488446        0.122767
 -0.477390        0.131445
 -0.466334        0.140365
 -0.455279        0.149529
 -0.444223        0.158935
 -0.433167        0.168585
 -0.422111        0.178478
 -0.411056        0.188613
 -0.400000        0.198992
 -0.388944        0.160894
 -0.377889        0.185765
 -0.366833        0.210309
 -0.355777        0.234527
 -0.344721        0.258419
 -0.333666        0.281985
 -0.322610        0.305225
 -0.311554        0.328138
 -0.300498        0.350726
 -0.289443        0.372988
 -0.278387        0.394924
 -0.267331        0.416533
 -0.256276        0.437817
 -0.245220        0.458774
 -0.234164        0.479406
 -0.223108        0.499711
 -0.212053        0.519691
 -0.200997        0.539344
 -0.189941        0.558671
 -0.178885        0.577672
 -0.160997        0.607726
 -0.143108        0.636927
 -0.125220        0.665274
 -0.107331        0.692767
 -0.089443        0.719406
 -0.071554        0.745192
 -0.053666        0.770124
 -0.035777        0.794203
 -0.017889        0.817428
  0.000000        0.839799
  0.017889        0.861317
  0.035777        0.881981
  0.053666        0.901792
  0.071554        0.920749
  0.089443        0.938852
  0.107331        0.956102
  0.125220        0.972498
  0.143108        0.988040
  0.160997        1.002729
  0.178885        1.016564
  0.189941        1.024688
  0.200997        1.032486
  0.212053        1.039958
  0.223108        1.047103
  0.234164        1.053923
  0.245220        1.060416
  0.256276        1.066584
  0.267331        1.072425
  0.278387        1.077941
  0.289443        1.083130
  0.300498        1.087993
  0.311554        1.092530
  0.322610        1.096741
  0.333666        1.100627
  0.344721        1.104186
  0.355777        1.107419
  0.366833        1.110326
  0.377889        1.112906
  0.388944        1.115161
  0.400000        1.117090
  0.411056        1.102238
  0.422111        1.098152
  0.433167        1.094147
  0.444223        1.090224
  0.455279        1.086382
  0.466334        1.082622
  0.477390        1.078943
  0.488446        1.075345
  0.499502        1.071829
  0.510557        1.068395
  0.521613        1.065041
  0.532669        1.061770
  0.543724        1.058579
  0.554780        1.055470
  0.565836        1.052443
  0.576892        1.049497
  0.587947        1.046633
  0.599003        1.043849
  0.610059        1.041148
  0.621115        1.038528
  0.639003        1.034460
  0.656892        1.030607
  0.674780        1.026966
  0.692669        1.023538
  0.710557        1.020324
  0.728446        1.017323
  0.746334        1.014535
  0.764223        1.011961
  0.782111        1.009599
  0.800000        1.007451
  0.817889        1.005516
  0.835777        1.003794
  0.853666        1.002286
  0.871554        1.000990
  0.889443        0.999908
  0.907331        0.999039
  0.925220        0.998383
  0.943108        0.997941
  0.960997        0.997711
  0.978885        0.997695
  0.989941        0.997792
  1.000997        0.997970
  1.012053        0.998230
  1.023108        0.998571
  1.034164        0.998993
  1.045220        0.999497
  1.056276        1.000082
  1.067331        1.000749
  1.078387        1.001497
  1.089443        1.002327
  1.100498        1.003238
  1.111554        1.004230
  1.122610        1.005304
  1.133666        1.006460
  1.144721        1.007696
  1.155777        1.009015
  1.166833        1.010414
  1.177889        1.011895
  1.188944        1.013458
  1.200000        1.015102
  1.211056        1.094143
  1.222111        1.088096
  1.233167        1.081848
  1.244223        1.075400
  1.255279        1.068752
  1.266334        1.061904
  1.277390        1.054855
  1.288446        1.047607
  1.299502        1.040157
  1.310557        1.032508
  1.321613        1.024658
  1.332669        1.016608
  1.343724        1.008358
  1.354780        0.999907
  1.365836        0.991256
  1.376892        0.982405
  1.387947        0.973353
  1.399003        0.964101
  1.410059        0.954649
  1.421115        0.944997
  1.439003        0.928955
  1.456892        0.912388
  1.474780        0.895297
  1.492669        0.877682
  1.510557        0.859542
  1.528446        0.840878
  1.546334        0.821690
  1.564223        0.801977
  1.582111        0.781740
  1.600000        0.760979
  1.617889        0.739693
  1.635777        0.717882
  1.653666        0.695548
  1.671554        0.672689
  1.689443        0.649305
  1.707331        0.625398
  1.725220        0.600966
  1.743108        0.576009
  1.760997        0.550528
  1.778885        0.524523
  1.789941        0.508189
  1.800997        0.491654
  1.812053        0.474919
  1.823108        0.457984
  1.834164        0.440849
  1.845220        0.423513
  1.856276        0.405977
  1.867331        0.388241
  1.878387        0.370304
  1.889443        0.352167
  1.900498        0.333830
  1.911554        0.315292
  1.922610        0.296555
  1.933666        0.277616
  1.944721        0.258478
  1.955777        0.239139
  1.966833        0.219600
  1.977889        0.199861
  1.988944        0.179922
  2.000000        0.159782
----------  1.760000--------------
 -1.988944        0.211583
 -1.977889        0.198411
 -1.966833        0.185523
 -1.955777        0.172917
 -1.944721        0.160595
 -1.933666        0.148555
 -1.922610        0.136800
 -1.911554        0.125327
 -1.900498        0.114137
 -1.889443        0.103231
 -1.878387        0.092608
 -1.867331        0.082268
 -1.856276        0.072212
 -1.845220        0.062439
 -1.834164        0.052949
 -1.823108        0.043742
 -1.812053        0.034818
 -1.800997        0.026178
 -1.789941        0.017821
 -1.778885        0.009747
 -1.760997       -0.002717
 -1.743108       -0.014440
 -1.725220       -0.025421
 -1.707331       -0.035660
 -1.689443       -0.045158
 -1.671554       -0.053915
 -1.653666       -0.061930
 -1.635777       -0.069203
 -1.617889       -0.075735
 -1.600000       -0.081525
 -1.582111       -0.086574
 -1.564223       -0.090882
 -1.546334       -0.094448
 -1.528446       -0.097272
 -1.510557       -0.099355
 -1.492669       -0.100696
 -1.474780       -0.101296
 -1.456892       -0.101155
 -1.439003       -0.100271
 -1.421115       -0.098647
 -1.410059       -0.097272
 -1.399003       -0.095614
 -1.387947       -0.093673
 -1.376892       -0.091448
 -1.365836       -0.088940
 -1.354780       -0.086149
 -1.343724       -0.083075
 -1.332669       -0.079718
 -1.321613       -0.076077
 -1.310557       -0.072153
 -1.299502       -0.067946
 -1.288446       -0.063456
 -1.277390       -0.058682
 -1.266334       -0.053625
 -1.255279       -0.048285
 -1.244223       -0.042662
 -1.233167       -0.036755
 -1.222111       -0.030566
 -1.211056       -0.024093
 -1.200000       -0.017336
 -1.188944        0.051158
 -1.177889        0.046369
 -1.166833        0.041743
 -1.155777        0.037279
 -1.144721        0.032976
 -1.133666        0.028836
 -1.122610        0.024857
 -1.111554        0.021040
 -1.100498        0.017385
 -1.089443        0.013892
 -1.078387        0.010561
 -1.067331        0.007392
 -1.056276        0.004385
 -1.045220        0.001539
 -1.034164       -0.001144
 -1.023108       -0.003666
 -1.012053       -0.006025
 -1.000997       -0.008223
 -0.989941       -0.010259
 -0.978885       -0.012133
 -0.960997       -0.014822
 -0.943108       -0.017087
 -0.925220       -0.018929
 -0.907331       -0.020346
 -0.889443       -0.021340
 -0.871554       -0.021909
 -0.853666       -0.022055
 -0.835777       -0.021777
 -0.817889       -0.021076
 -0.800000       -0.019950
 -0.782111       -0.018400
 -0.764223       -0.016427
 -0.746334       -0.014029
 -0.728446       -0.011208
 -0.710557       -0.007963
 -0.692669       -0.004294
 -0.674780       -0.000201
 -0.656892        0.004316
 -0.639003        0.009256
 -0.621115        0.014621
 -0.610059        0.018148
 -0.599003        0.021838
 -0.587947        0.025689
 -0.576892        0.029702
 -0.565836        0.033877
 -0.554780        0.038214
 -0.543724        0.042713
 -0.532669        0.047373
 -0.521613        0.052196
 -0.510557        0.057181
 -0.499502        0.062327
 -0.488446        0.067635
 -0.477390        0.073106
 -0.466334        0.078738
 -0.455279        0.084532
 -0.444223        0.090488
 -0.433167        0.096606
 -0.422111        0.102886
 -0.411056        0.109327
 -0.400000        0.115931
 -0.388944        0.050451
 -0.377889        0.073669
 -0.366833        0.096648
 -0.355777        0.119391
 -0.344721        0.141895
 -0.333666        0.164162
 -0.322610        0.186191
 -0.311554        0.207983
 -0.300498        0.229537
 -0.289443        0.250854
 -0.278387        0.271933
 -0.267331        0.292774
 -0.256276        0.313378
 -0.245220        0.333744
 -0.234164        0.353872
 -0.223108        0.373763
 -0.212053        0.393416
 -0.200997        0.412832
 -0.189941        0.432010
 -0.178885        0.450950
 -0.160997        0.481093
 -0.143108        0.510614
 -0.125220        0.539513
 -0.107331        0.567789
 -0.089443        0.595444
 -0.071554        0.622476
 -0.053666        0.648887
 -0.035777        0.674675
 -0.017889        0.699842
  0.000000        0.724386
  0.017889        0.748308
  0.035777        0.771608
  0.053666        0.794286
  0.071554        0.816342
  0.089443        0.837776
  0.107331        0.858588
  0.125220        0.878778
  0.143108        0.898345
  0.160997        0.917291
  0.178885        0.935615
  0.189941        0.946628
  0.200997        0.957404
  0.212053        0.967942
  0.223108        0.978243
  0.234164        0.988306
  0.245220        0.998132
  0.256276        1.007719
  0.267331        1.017070
  0.278387        1.026182
  0.289443        1.035057
  0.300498        1.043695
  0.311554        1.052095
  0.322610        1.060257
  0.333666        1.068181
  0.344721        1.075868
  0.355777        1.083318
  0.366833        1.090529
  0.377889        1.097504
  0.388944        1.104240
  0.400000        1.110739
  0.411056        1.128825
  0.422111        1.124458
  0.433167        1.120164
  0.444223        1.115945
  0.455279        1.111800
  0.466334        1.107729
  0.477390        1.103732
  0.488446        1.099809
  0.499502        1.095960
  0.510557        1.092186
  0.521613        1.088486
  0.532669        1.084860
  0.543724        1.081308
  0.554780        1.077830
  0.565836        1.074427
  0.576892        1.071097
  0.587947        1.067842
  0.599003        1.064661
  0.610059        1.061554
  0.621115        1.058521
  0.639003        1.053771
  0.656892        1.049215
  0.674780        1.044853
  0.692669        1.040685
  0.710557        1.036711
  0.728446        1.032932
  0.746334        1.029347
  0.764223        1.025956
  0.782111        1.022759
  0.800000        1.019756
  0.817889        1.016947
  0.835777        1.014332
  0.853666        1.011912
  0.871554        1.009686
  0.889443        1.007653
  0.907331        1.005815
  0.925220        1.004171
  0.943108        1.002722
  0.960997        1.001466
  0.978885        1.000405
  0.989941        0.999846
  1.000997        0.999361
  1.012053        0.998950
  1.023108        0.998614
  1.034164        0.998352
  1.045220        0.998163
  1.056276        0.998049
  1.067331        0.998009
  1.078387        0.998044
  1.089443        0.998152
  1.100498        0.998335
  1.111554        0.998592
  1.122610        0.998923
  1.133666        0.999328
  1.144721        0.999807
  1.155777        1.000360
  1.166833        1.000988
  1.177889        1.001690
  1.188944        1.002465
  1.200000        1.003315
  1.211056        1.057758
  1.222111        1.056859
  1.233167        1.055679
  1.244223        1.054217
  1.255279        1.052475
  1.266334        1.050452
  1.277390        1.048147
  1.288446        1.045562
  1.299502        1.042696
  1.310557        1.039548
  1.321613        1.036120
  1.332669        1.032411
  1.343724        1.028421
  1.354780        1.024150
  1.365836        1.019597
  1.376892        1.014764
  1.387947        1.009650
  1.399003        1.004255
  1.410059        0.998579
  1.421115        0.992622
  1.439003        0.982388
  1.456892        0.971419
  1.474780        0.959714
  1.492669        0.947273
  1.510557        0.934097
  1.528446        0.920185
  1.546334        0.905537
  1.564223        0.890154
  1.582111        0.874035
  1.600000        0.857181
  1.617889        0.839591
  1.635777        0.821265
  1.653666        0.802204
  1.671554        0.782407
  1.689443        0.761874
  1.707331        0.740606
  1.725220        0.718603
  1.743108        0.695863
  1.760997        0.672388
  1.778885        0.648178
  1.789941        0.632847
  1.800997        0.617235
  1.812053        0.601342
  1.823108        0.585169
  1.834164        0.568714
  1.845220        0.551978
  1.856276        0.534962
  1.867331        0.517664
  1.878387        0.500085
  1.889443        0.482226
  1.900498        0.464085
  1.911554        0.445664
  1.922610        0.426961
  1.933666        0.407978
  1.944721        0.388713
  1.955777        0.369168
  1.966833        0.349341
  1.977889        0.329234
  1.988944        0.308845
  2.000000        0.288176
----------  1.840000--------------
 -1.988944        0.369115
 -1.977889        0.351217
 -1.966833        0.333661
 -1.955777        0.316447
 -1.944721        0.299574
 -1.933666        0.283042
 -1.922610        0.266852
 -1.911554        0.251004
 -1.900498        0.235497
 -1.889443        0.220332
 -1.878387        0.205508
 -1.867331        0.191026
 -1.856276        0.176885
 -1.845220        0.163086
 -1.834164        0.149628
 -1.823108        0.136512
 -1.812053        0.123737
 -1.800997        0.111304
 -1.789941        0.099212
 -1.778885        0.087462
 -1.760997        0.069173
 -1.743108        0.051779
 -1.725220        0.035278
 -1.707331        0.019672
 -1.689443        0.004960
 -1.671554       -0.008858
 -1.653666       -0.021782
 -1.635777       -0.033812
 -1.617889       -0.044948
 -1.600000       -0.055190
 -1.582111       -0.064537
 -1.564223       -0.072990
 -1.546334       -0.080550
 -1.528446       -0.087215
 -1.510557       -0.092986
 -1.492669       -0.097863
 -1.474780       -0.101845
 -1.456892       -0.104934
 -1.439003       -0.107129
 -1.421115       -0.108429
 -1.410059       -0.108786
 -1.399003       -0.108801
 -1.387947       -0.108474
 -1.376892       -0.107806
 -1.365836       -0.106797
 -1.354780       -0.105446
 -1.343724       -0.103753
 -1.332669       -0.101719
 -1.321613       -0.099344
 -1.310557       -0.096627
 -1.299502       -0.093568
 -1.288446       -0.090168
 -1.277390       -0.086426
 -1.266334       -0.082343
 -1.255279       -0.077918
 -1.244223       -0.073152
 -1.233167       -0.068044
 -1.222111       -0.062595
 -1.211056       -0.056804
 -1.200000       -0.050672
 -1.188944        0.015639
 -1.177889        0.013444
 -1.166833        0.011328
 -1.155777        0.009292
 -1.144721        0.007336
 -1.133666        0.005459
 -1.122610        0.003661
 -1.111554        0.001942
 -1.100498        0.000303
 -1.089443       -0.001257
 -1.078387       -0.002737
 -1.067331       -0.004138
 -1.056276       -0.005459
 -1.045220       -0.006701
 -1.034164       -0.007864
 -1.023108       -0.008947
 -1.012053       -0.009951
 -1.000997       -0.010876
 -0.989941       -0.011721
 -0.978885       -0.012487
 -0.960997       -0.013558
 -0.943108       -0.014421
 -0.925220       -0.015076
 -0.907331       -0.015523
 -0.889443       -0.015763
 -0.871554       -0.015794
 -0.853666       -0.015618
 -0.835777       -0.015234
 -0.817889       -0.014642
 -0.800000       -0.013843
 -0.782111       -0.012835
 -0.764223       -0.011619
 -0.746334       -0.010196
 -0.728446       -0.008565
 -0.710557       -0.006726
 -0.692669       -0.004679
 -0.674780       -0.002424
 -0.656892        0.000038
 -0.639003        0.002709
 -0.621115        0.005587
 -0.610059        0.007470
 -0.599003        0.009432
 -0.587947        0.011473
 -0.576892        0.013594
 -0.565836        0.015795
 -0.554780        0.018074
 -0.543724        0.020434
 -0.532669        0.022872
 -0.521613        0.025390
 -0.510557        0.027987
 -0.499502        0.030664
 -0.488446        0.033420
 -0.477390        0.036256
 -0.466334        0.039171
 -0.455279        0.042165
 -0.444223        0.045238
 -0.433167        0.048391
 -0.422111        0.051624
 -0.411056        0.054936
 -0.400000        0.058327
 -0.388944       -0.024387
 -0.377889       -0.004506
 -0.366833        0.015248
 -0.355777        0.034876
 -0.344721        0.054378
 -0.333666        0.073753
 -0.322610        0.093001
 -0.311554        0.112123
 -0.300498        0.131119
 -0.289443        0.149988
 -0.278387        0.168731
 -0.267331        0.187347
 -0.256276        0.205837
 -0.245220        0.224200
 -0.234164        0.242437
 -0.223108        0.260548
 -0.212053        0.278532
 -0.200997        0.296389
 -0.189941        0.314120
 -0.178885        0.331725
 -0.160997        0.359942
 -0.143108        0.387828
 -0.125220        0.415383
 -0.107331        0.442607
 -0.089443        0.469500
 -0.071554        0.496062
 -0.053666        0.522293
 -0.035777        0.548192
 -0.017889        0.573761
  0.000000        0.598999
  0.017889        0.623905
  0.035777        0.648481
  0.053666        0.672725
  0.071554        0.696639
  0.089443        0.720221
  0.107331        0.743472
  0.125220        0.766393
  0.143108        0.788982
  0.160997        0.811240
  0.178885        0.833167
  0.189941        0.846553
  0.200997        0.859813
  0.212053        0.872946
  0.223108        0.885953
  0.234164        0.898834
  0.245220        0.911588
  0.256276        0.924215
  0.267331        0.936716
  0.278387        0.949091
  0.289443        0.961339
  0.300498        0.973460
  0.311554        0.985456
  0.322610        0.997324
  0.333666        1.009067
  0.344721        1.020683
  0.355777        1.032172
  0.366833        1.043535
  0.377889        1.054771
  0.388944        1.065882
  0.400000        1.076865
  0.411056        1.124681
  0.422111        1.121715
  0.433167        1.118781
  0.444223        1.115878
  0.455279        1.113007
  0.466334        1.110166
  0.477390        1.107357
  0.488446        1.104578
  0.499502        1.101831
  0.510557        1.099116
  0.521613        1.096431
  0.532669        1.093777
  0.543724        1.091155
  0.554780        1.088564
  0.565836        1.086004
  0.576892        1.083475
  0.587947        1.080977
  0.599003        1.078511
  0.610059        1.076075
  0.621115        1.073671
  0.639003        1.069847
  0.656892        1.066104
  0.674780        1.062444
  0.692669        1.058864
  0.710557        1.055367
  0.728446        1.051950
  0.746334        1.048616
  0.764223        1.045363
  0.782111        1.042192
  0.800000        1.039102
  0.817889        1.036094
  0.835777        1.033168
  0.853666        1.030323
  0.871554        1.027559
  0.889443        1.024878
  0.907331        1.022277
  0.925220        1.019759
  0.943108        1.017322
  0.960997        1.014967
  0.978885        1.012693
  0.989941        1.011329
  1.000997        1.009995
  1.012053        1.008693
  1.023108        1.007422
  1.034164        1.006183
  1.045220        1.004974
  1.056276        1.003797
  1.067331        1.002650
  1.078387        1.001535
  1.089443        1.000451
  1.100498        0.999398
  1.111554        0.998377
  1.122610        0.997386
  1.133666        0.996427
  1.144721        0.995499
  1.155777        0.994602
  1.166833        0.993736
  1.177889        0.992902
  1.188944        0.992098
  1.200000        0.991326
  1.211056        1.015415
  1.222111        1.018548
  1.233167        1.021356
  1.244223        1.023841
  1.255279        1.026001
  1.266334        1.027837
  1.277390        1.029348
  1.288446        1.030535
  1.299502        1.031398
  1.310557        1.031936
  1.321613        1.032150
  1.332669        1.032040
  1.343724        1.031606
  1.354780        1.030847
  1.365836        1.029764
  1.376892        1.028357
  1.387947        1.026625
  1.399003        1.024569
  1.410059        1.022188
  1.421115        1.019484
  1.439003        1.014421
  1.456892        1.008508
  1.474780        1.001747
  1.492669        0.994137
  1.510557        0.985677
  1.528446        0.976369
  1.546334        0.966211
  1.564223        0.955204
  1.582111        0.943349
  1.600000        0.930644
  1.617889        0.917090
  1.635777        0.902687
  1.653666        0.887435
  1.671554        0.871334
  1.689443        0.854384
  1.707331        0.836585
  1.725220        0.817936
  1.743108        0.798439
  1.760997        0.778093
  1.778885        0.756897
  1.789941        0.743373
  1.800997        0.729525
  1.812053        0.715352
  1.823108        0.700855
  1.834164        0.686034
  1.845220        0.670888
  1.856276        0.655418
  1.867331        0.639624
  1.878387        0.623506
  1.889443        0.607063
  1.900498        0.590295
  1.911554        0.573204
  1.922610        0.555788
  1.933666        0.538048
  1.944721        0.519983
  1.955777        0.501595
  1.966833        0.482882
  1.977889        0.463844
  1.988944        0.444483
  2.000000        0.424796
----------  1.920000--------------
 -1.988944        0.532444
 -1.977889        0.510921
 -1.966833        0.489765
 -1.955777        0.468974
 -1.944721        0.448551
 -1.933666        0.428493
 -1.922610        0.408802
 -1.911554        0.389477
 -1.900498        0.370518
 -1.889443        0.351926
 -1.878387        0.333700
 -1.867331        0.315840
 -1.856276        0.298347
 -1.845220        0.281220
 -1.834164        0.264460
 -1.823108        0.248065
 -1.812053        0.232037
 -1.800997        0.216376
 -1.789941        0.201080
 -1.778885        0.186151
 -1.760997        0.162772
 -1.743108        0.140351
 -1.725220        0.118889
 -1.707331        0.098387
 -1.689443        0.078843
 -1.671554        0.060258
 -1.653666        0.042633
 -1.635777        0.025967
 -1.617889        0.010259
 -1.600000       -0.004489
 -1.582111       -0.018278
 -1.564223       -0.031109
 -1.546334       -0.042980
 -1.528446       -0.053892
 -1.510557       -0.063845
 -1.492669       -0.072839
 -1.474780       -0.080874
 -1.456892       -0.087950
 -1.439003       -0.094067
 -1.421115       -0.099225
 -1.410059       -0.101933
 -1.399003       -0.104275
 -1.387947       -0.106250
 -1.376892       -0.107860
 -1.365836       -0.109103
 -1.354780       -0.109979
 -1.343724       -0.110489
 -1.332669       -0.110633
 -1.321613       -0.110411
 -1.310557       -0.109822
 -1.299502       -0.108867
 -1.288446       -0.107546
 -1.277390       -0.105858
 -1.266334       -0.103804
 -1.255279       -0.101384
 -1.244223       -0.098597
 -1.233167       -0.095444
 -1.222111       -0.091925
 -1.211056       -0.088039
 -1.200000       -0.083787
 -1.188944       -0.030515
 -1.177889       -0.030063
 -1.166833       -0.029603
 -1.155777       -0.029133
 -1.144721       -0.028655
 -1.133666       -0.028167
 -1.122610       -0.027671
 -1.111554       -0.027165
 -1.100498       -0.026651
 -1.089443       -0.026127
 -1.078387       -0.025595
 -1.067331       -0.025054
 -1.056276       -0.024503
 -1.045220       -0.023944
 -1.034164       -0.023375
 -1.023108       -0.022798
 -1.012053       -0.022212
 -1.000997       -0.021616
 -0.989941       -0.021012
 -0.978885       -0.020399
 -0.960997       -0.019387
 -0.943108       -0.018353
 -0.925220       -0.017294
 -0.907331       -0.016212
 -0.889443       -0.015107
 -0.871554       -0.013978
 -0.853666       -0.012825
 -0.835777       -0.011649
 -0.817889       -0.010450
 -0.800000       -0.009226
 -0.782111       -0.007980
 -0.764223       -0.006710
 -0.746334       -0.005416
 -0.728446       -0.004099
 -0.710557       -0.002758
 -0.692669       -0.001394
 -0.674780       -0.000006
 -0.656892        0.001405
 -0.639003        0.002840
 -0.621115        0.004298
 -0.610059        0.005211
 -0.599003        0.006133
 -0.587947        0.007064
 -0.576892        0.008004
 -0.565836        0.008953
 -0.554780        0.009911
 -0.543724        0.010878
 -0.532669        0.011854
 -0.521613        0.012839
 -0.510557        0.013833
 -0.499502        0.014836
 -0.488446        0.015848
 -0.477390        0.016869
 -0.466334        0.017899
 -0.455279        0.018938
 -0.444223        0.019985
 -0.433167        0.021042
 -0.422111        0.022108
 -0.411056        0.023183
 -0.400000        0.024267
 -0.388944       -0.063825
 -0.377889       -0.048470
 -0.366833       -0.033123
 -0.355777       -0.017783
 -0.344721       -0.002450
 -0.333666        0.012876
 -0.322610        0.028195
 -0.311554        0.043507
 -0.300498        0.058812
 -0.289443        0.074110
 -0.278387        0.089401
 -0.267331        0.104685
 -0.256276        0.119962
 -0.245220        0.135232
 -0.234164        0.150495
 -0.223108        0.165750
 -0.212053        0.180999
 -0.200997        0.196241
 -0.189941        0.211475
 -0.178885        0.226703
 -0.160997        0.251327
 -0.143108        0.275932
 -0.125220        0.300520
 -0.107331        0.325088
 -0.089443        0.349638
 -0.071554        0.374170
 -0.053666        0.398684
 -0.035777        0.423179
 -0.017889        0.447655
  0.000000        0.472113
  0.017889        0.496553
  0.035777        0.520974
  0.053666        0.545377
  0.071554        0.569762
  0.089443        0.594128
  0.107331        0.618475
  0.125220        0.642804
  0.143108        0.667115
  0.160997        0.691407
  0.178885        0.715681
  0.189941        0.730674
  0.200997        0.745660
  0.212053        0.760639
  0.223108        0.775611
  0.234164        0.790576
  0.245220        0.805533
  0.256276        0.820484
  0.267331        0.835428
  0.278387        0.850364
  0.289443        0.865294
  0.300498        0.880216
  0.311554        0.895132
  0.322610        0.910040
  0.333666        0.924942
  0.344721        0.939836
  0.355777        0.954724
  0.366833        0.969604
  0.377889        0.984477
  0.388944        0.999343
  0.400000        1.014203
  0.411056        1.083983
  0.422111        1.083984
  0.433167        1.083946
  0.444223        1.083869
  0.455279        1.083753
  0.466334        1.083597
  0.477390        1.083403
  0.488446        1.083169
  0.499502        1.082896
  0.510557        1.082584
  0.521613        1.082233
  0.532669        1.081843
  0.543724        1.081414
  0.554780        1.080945
  0.565836        1.080437
  0.576892        1.079890
  0.587947        1.079304
  0.599003        1.078679
  0.610059        1.078014
  0.621115        1.077311
  0.639003        1.076089
  0.656892        1.074766
  0.674780        1.073339
  0.692669        1.071810
  0.710557        1.070179
  0.728446        1.068445
  0.746334        1.066608
  0.764223        1.064669
  0.782111        1.062628
  0.800000        1.060484
  0.817889        1.058237
  0.835777        1.055888
  0.853666        1.053437
  0.871554        1.050883
  0.889443        1.048226
  0.907331        1.045467
  0.925220        1.042605
  0.943108        1.039641
  0.960997        1.036574
  0.978885        1.033405
  0.989941        1.031395
  1.000997        1.029346
  1.012053        1.027258
  1.023108        1.025130
  1.034164        1.022964
  1.045220        1.020758
  1.056276        1.018513
  1.067331        1.016229
  1.078387        1.013906
  1.089443        1.011543
  1.100498        1.009142
  1.111554        1.006701
  1.122610        1.004221
  1.133666        1.001702
  1.144721        0.999144
  1.155777        0.996547
  1.166833        0.993910
  1.177889        0.991235
  1.188944        0.988520
  1.200000        0.985766
  1.211056        0.978553
  1.222111        0.984224
  1.233167        0.989568
  1.244223        0.994584
  1.255279        0.999272
  1.266334        1.003632
  1.277390        1.007664
  1.288446        1.011367
  1.299502        1.014743
  1.310557        1.017791
  1.321613        1.020511
  1.332669        1.022902
  1.343724        1.024966
  1.354780        1.026702
  1.365836        1.028110
  1.376892        1.029189
  1.387947        1.029941
  1.399003        1.030365
  1.410059        1.030460
  1.421115        1.030228
  1.439003        1.029157
  1.456892        1.027228
  1.474780        1.024440
  1.492669        1.020793
  1.510557        1.016287
  1.528446        1.010923
  1.546334        1.004700
  1.564223        0.997618
  1.582111        0.989677
  1.600000        0.980878
  1.617889        0.971220
  1.635777        0.960703
  1.653666        0.949327
  1.671554        0.937093
  1.689443        0.924000
  1.707331        0.910048
  1.725220        0.895237
  1.743108        0.879568
  1.760997        0.863040
  1.778885        0.845653
  1.789941        0.834478
  1.800997        0.822975
  1.812053        0.811144
  1.823108        0.798985
  1.834164        0.786498
  1.845220        0.773683
  1.856276        0.760540
  1.867331        0.747069
  1.878387        0.733270
  1.889443        0.719143
  1.900498        0.704687
  1.911554        0.689904
  1.922610        0.674793
  1.933666        0.659354
  1.944721        0.643587
  1.955777        0.627492
  1.966833        0.611068
  1.977889        0.594317
  1.988944        0.577238
  2.000000        0.559831
----------  2.000000--------------
 -1.988944        0.532444
 -1.977889        0.510921
 -1.966833        0.489765
 -1.955777        0.468974
 -1.944721        0.448551
 -1.933666        0.428493
 -1.922610        0.408802
 -1.911554        0.389477
 -1.900498        0.370518
 -1.889443        0.351926
 -1.878387        0.333700
 -1.867331        0.315840
 -1.856276        0.298347
 -1.845220        0.281220
 -1.834164        0.264460
 -1.823108        0.248065
 -1.812053        0.232037
 -1.800997        0.216376
 -1.789941        0.201080
 -1.778885        0.186151
 -1.760997        0.162772
 -1.743108        0.140351
 -1.725220        0.118889
 -1.707331        0.098387
 -1.689443        0.078843
 -1.671554        0.060258
 -1.653666        0.042633
 -1.635777        0.025967
 -1.617889        0.010259
 -1.600000       -0.004489
 -1.582111       -0.018278
 -1.564223       -0.031109
 -1.546334       -0.042980
 -1.528446       -0.053892
 -1.510557       -0.063845
 -1.492669       -0.072839
 -1.474780       -0.080874
 -1.456892       -0.087950
 -1.439003       -0.094067
 -1.421115       -0.099225
 -1.410059       -0.101933
 -1.399003       -0.104275
 -1.387947       -0.106250
 -1.376892       -0.107860
 -1.365836       -0.109103
 -1.354780       -0.109979
 -1.343724       -0.110489
 -1.332669       -0.110633
 -1.321613       -0.110411
 -1.310557       -0.109822
 -1.299502       -0.108867
 -1.288446       -0.107546
 -1.277390       -0.105858
 -1.266334       -0.103804
 -1.255279       -0.101384
 -1.244223       -0.098597
 -1.233167       -0.095444
 -1.222111       -0.091925
 -1.211056       -0.088039
 -1.200000       -0.083787
 -1.188944       -0.030515
 -1.177889       -0.030063
 -1.166833       -0.029603
 -1.155777       -0.029133
 -1.144721       -0.028655
 -1.133666       -0.028167
 -1.122610       -0.027671
 -1.111554       -0.027165
 -1.100498       -0.026651
 -1.089443       -0.026127
 -1.078387       -0.025595
 -1.067331       -0.025054
 -1.056276       -0.024503
 -1.045220       -0.023944
 -1.034164       -0.023375
 -1.023108       -0.022798
 -1.012053       -0.022212
 -1.000997       -0.021616
 -0.989941       -0.021012
 -0.978885       -0.020399
 -0.960997       -0.019387
 -0.943108       -0.018353
 -0.925220       -0.017294
 -0.907331       -0.016212
 -0.889443       -0.015107
 -0.871554       -0.013978
 -0.853666       -0.012825
 -0.835777       -0.011649
 -0.817889       -0.010450
 -0.800000       -0.009226
 -0.782111       -0.007980
 -0.764223       -0.006710
 -0.746334       -0.005416
 -0.728446       -0.004099
 -0.710557       -0.002758
 -0.692669       -0.001394
 -0.674780       -0.000006
 -0.656892        0.001405
 -0.639003        0.002840
 -0.621115        0.004298
 -0.610059        0.005211
 -0.599003        0.006133
 -0.587947        0.007064
 -0.576892        0.008004
 -0.565836        0.008953
 -0.554780        0.009911
 -0.543724        0.010878
 -0.532669        0.011854
 -0.521613        0.012839
 -0.510557        0.013833
 -0.499502        0.014836
 -0.488446        0.015848
 -0.477390        0.016869
 -0.466334        0.017899
 -0.455279        0.018938
 -0.444223        0.019985
 -0.433167        0.021042
 -0.422111        0.022108
 -0.411056        0.023183
 -0.400000        0.024267
 -0.388944       -0.063825
 -0.377889       -0.048470
 -0.366833       -0.033123
 -0.355777       -0.017783
 -0.344721       -0.002450
 -0.333666        0.012876
 -0.322610        0.028195
 -0.311554        0.043507
 -0.300498        0.058812
 -0.289443        0.074110
 -0.278387        0.089401
 -0.267331        0.104685
 -0.256276        0.119962
 -0.245220        0.135232
 -0.234164        0.150495
 -0.223108        0.165750
 -0.212053        0.180999
 -0.200997        0.196241
 -0.189941        0.211475
 -0.178885        0.226703
 -0.160997        0.251327
 -0.143108        0.275932
 -0.125220        0.300520
 -0.107331        0.325088
 -0.089443        0.349638
 -0.071554        0.374170
 -0.053666        0.398684
 -0.035777        0.423179
 -0.017889        0.447655
  0.000000        0.472113
  0.017889        0.496553
  0.035777        0.520974
  0.053666        0.545377
  0.071554        0.569762
  0.089443        0.594128
  0.107331        0.618475
  0.125220        0.642804
  0.143108        0.667115
  0.160997        0.691407
  0.178885        0.715681
  0.189941        0.730674
  0.200997        0.745660
  0.212053        0.760639
  0.223108        0.775611
  0.234164        0.790576
  0.245220        0.805533
  0.256276        0.820484
  0.267331        0.835428
  0.278387        0.850364
  0.289443        0.865294
  0.300498        0.880216
  0.311554        0.895132
  0.322610        0.910040
  0.333666        0.924942
  0.344721        0.939836
  0.355777        0.954724
  0.366833        0.969604
  0.377889        0.984477
  0.388944        0.999343
  0.400000        1.014203
  0.411056        1.083983
  0.422111        1.083984
  0.433167        1.083946
  0.444223        1.083869
  0.455279        1.083753
  0.466334        1.083597
  0.477390        1.083403
  0.488446        1.083169
  0.499502        1.082896
  0.510557        1.082584
  0.521613        1.082233
  0.532669        1.081843
  0.543724        1.081414
  0.554780        1.080945
  0.565836        1.080437
  0.576892        1.079890
  0.587947        1.079304
  0.599003        1.078679
  0.610059        1.078014
  0.621115        1.077311
  0.639003        1.076089
  0.656892        1.074766
  0.674780        1.073339
  0.692669        1.071810
  0.710557        1.070179
  0.728446        1.068445
  0.746334        1.066608
  0.764223        1.064669
  0.782111        1.062628
  0.800000        1.060484
  0.817889        1.058237
  0.835777        1.055888
  0.853666        1.053437
  0.871554        1.050883
  0.889443        1.048226
  0.907331        1.045467
  0.925220        1.042605
  0.943108        1.039641
  0.960997        1.036574
  0.978885        1.033405
  0.989941        1.031395
  1.000997        1.029346
  1.012053        1.027258
  1.023108        1.025130
  1.034164        1.022964
  1.045220        1.020758
  1.056276        1.018513
  1.067331        1.016229
  1.078387        1.013906
  1.089443        1.011543
  1.100498        1.009142
  1.111554        1.006701
  1.122610        1.004221
  1.133666        1.001702
  1.144721        0.999144
  1.155777        0.996547
  1.166833        0.993910
  1.177889        0.991235
  1.188944        0.988520
  1.200000        0.985766
  1.211056        0.978553
  1.222111        0.984224
  1.233167        0.989568
  1.244223        0.994584
  1.255279        0.999272
  1.266334        1.003632
  1.277390        1.007664
  1.288446        1.011367
  1.299502        1.014743
  1.310557        1.017791
  1.321613        1.020511
  1.332669        1.022902
  1.343724        1.024966
  1.354780        1.026702
  1.365836        1.028110
  1.376892        1.029189
  1.387947        1.029941
  1.399003        1.030365
  1.410059        1.030460
  1.421115        1.030228
  1.439003        1.029157
  1.456892        1.027228
  1.474780        1.024440
  1.492669        1.020793
  1.510557        1.016287
  1.528446        1.010923
  1.546334        1.004700
  1.564223        0.997618
  1.582111        0.989677
  1.600000        0.980878
  1.617889        0.971220
  1.635777        0.960703
  1.653666        0.949327
  1.671554        0.937093
  1.689443        0.924000
  1.707331        0.910048
  1.725220        0.895237
  1.743108        0.879568
  1.760997        0.863040
  1.778885        0.845653
  1.789941        0.834478
  1.800997        0.822975
  1.812053        0.811144
  1.823108        0.798985
  1.834164        0.786498
  1.845220        0.773683
  1.856276        0.760540
  1.867331        0.747069
  1.878387        0.733270
  1.889443        0.719143
  1.900498        0.704687
  1.911554        0.689904
  1.922610        0.674793
  1.933666        0.659354
  1.944721        0.643587
  1.955777        0.627492
  1.966833        0.611068
  1.977889        0.594317
  1.988944        0.577238
  2.000000        0.559831
----------  2.000000--------------
