 -0.49990000E+00 -0.30000000E+01
 -0.49970000E+00 -0.30000000E+01
 -0.49950000E+00 -0.30000000E+01
 -0.49930000E+00 -0.30000000E+01
 -0.49910000E+00 -0.30000000E+01
 -0.49890000E+00 -0.30000000E+01
 -0.49870000E+00 -0.30000000E+01
 -0.49850000E+00 -0.30000000E+01
 -0.49830000E+00 -0.30000000E+01
 -0.49810000E+00 -0.30000000E+01
 -0.49790000E+00 -0.30000000E+01
 -0.49770000E+00 -0.30000000E+01
 -0.49750000E+00 -0.30000000E+01
 -0.49730000E+00 -0.30000000E+01
 -0.49710000E+00 -0.30000000E+01
 -0.49690000E+00 -0.30000000E+01
 -0.49670000E+00 -0.30000000E+01
 -0.49650000E+00 -0.30000000E+01
 -0.49630000E+00 -0.30000000E+01
 -0.49610000E+00 -0.30000000E+01
 -0.49590000E+00 -0.30000000E+01
 -0.49570000E+00 -0.30000000E+01
 -0.49550000E+00 -0.30000000E+01
 -0.49530000E+00 -0.30000000E+01
 -0.49510000E+00 -0.30000000E+01
 -0.49490000E+00 -0.30000000E+01
 -0.49470000E+00 -0.30000000E+01
 -0.49450000E+00 -0.30000000E+01
 -0.49430000E+00 -0.30000000E+01
 -0.49410000E+00 -0.30000000E+01
 -0.49390000E+00 -0.30000000E+01
 -0.49370000E+00 -0.30000000E+01
 -0.49350000E+00 -0.30000000E+01
 -0.49330000E+00 -0.30000000E+01
 -0.49310000E+00 -0.30000000E+01
 -0.49290000E+00 -0.30000000E+01
 -0.49270000E+00 -0.30000000E+01
 -0.49250000E+00 -0.30000000E+01
 -0.49230000E+00 -0.30000000E+01
 -0.49210000E+00 -0.30000000E+01
 -0.49190000E+00 -0.30000000E+01
 -0.49170000E+00 -0.30000000E+01
 -0.49150000E+00 -0.30000000E+01
 -0.49130000E+00 -0.30000000E+01
 -0.49110000E+00 -0.30000000E+01
 -0.49090000E+00 -0.30000000E+01
 -0.49070000E+00 -0.30000000E+01
 -0.49050000E+00 -0.30000000E+01
 -0.49030000E+00 -0.30000000E+01
 -0.49010000E+00 -0.30000000E+01
 -0.48990000E+00 -0.30000000E+01
 -0.48970000E+00 -0.30000000E+01
 -0.48950000E+00 -0.30000000E+01
 -0.48930000E+00 -0.30000000E+01
 -0.48910000E+00 -0.30000000E+01
 -0.48890000E+00 -0.30000000E+01
 -0.48870000E+00 -0.30000000E+01
 -0.48850000E+00 -0.30000000E+01
 -0.48830000E+00 -0.30000000E+01
 -0.48810000E+00 -0.30000000E+01
 -0.48790000E+00 -0.30000000E+01
 -0.48770000E+00 -0.30000000E+01
 -0.48750000E+00 -0.30000000E+01
 -0.48730000E+00 -0.30000000E+01
 -0.48710000E+00 -0.30000000E+01
 -0.48690000E+00 -0.30000000E+01
 -0.48670000E+00 -0.30000000E+01
 -0.48650000E+00 -0.30000000E+01
 -0.48630000E+00 -0.30000000E+01
 -0.48610000E+00 -0.30000000E+01
 -0.48590000E+00 -0.30000000E+01
 -0.48570000E+00 -0.30000000E+01
 -0.48550000E+00 -0.30000000E+01
 -0.48530000E+00 -0.30000000E+01
 -0.48510000E+00 -0.30000000E+01
 -0.48490000E+00 -0.30000000E+01
 -0.48470000E+00 -0.30000000E+01
 -0.48450000E+00 -0.30000000E+01
 -0.48430000E+00 -0.30000000E+01
 -0.48410000E+00 -0.30000000E+01
 -0.48390000E+00 -0.30000000E+01
 -0.48370000E+00 -0.30000000E+01
 -0.48350000E+00 -0.30000000E+01
 -0.48330000E+00 -0.30000000E+01
 -0.48310000E+00 -0.30000000E+01
 -0.48290000E+00 -0.30000000E+01
 -0.48270000E+00 -0.30000000E+01
 -0.48250000E+00 -0.30000000E+01
 -0.48230000E+00 -0.30000000E+01
 -0.48210000E+00 -0.30000000E+01
 -0.48190000E+00 -0.30000000E+01
 -0.48170000E+00 -0.30000000E+01
 -0.48150000E+00 -0.30000000E+01
 -0.48130000E+00 -0.30000000E+01
 -0.48110000E+00 -0.30000000E+01
 -0.48090000E+00 -0.30000000E+01
 -0.48070000E+00 -0.30000000E+01
 -0.48050000E+00 -0.30000000E+01
 -0.48030000E+00 -0.30000000E+01
 -0.48010000E+00 -0.30000000E+01
 -0.47990000E+00 -0.30000000E+01
 -0.47970000E+00 -0.30000000E+01
 -0.47950000E+00 -0.30000000E+01
 -0.47930000E+00 -0.30000000E+01
 -0.47910000E+00 -0.30000000E+01
 -0.47890000E+00 -0.30000000E+01
 -0.47870000E+00 -0.30000000E+01
 -0.47850000E+00 -0.30000000E+01
 -0.47830000E+00 -0.30000000E+01
 -0.47810000E+00 -0.30000000E+01
 -0.47790000E+00 -0.30000000E+01
 -0.47770000E+00 -0.30000000E+01
 -0.47750000E+00 -0.30000000E+01
 -0.47730000E+00 -0.30000000E+01
 -0.47710000E+00 -0.30000000E+01
 -0.47690000E+00 -0.30000000E+01
 -0.47670000E+00 -0.30000000E+01
 -0.47650000E+00 -0.30000000E+01
 -0.47630000E+00 -0.30000000E+01
 -0.47610000E+00 -0.30000000E+01
 -0.47590000E+00 -0.30000000E+01
 -0.47570000E+00 -0.30000000E+01
 -0.47550000E+00 -0.30000000E+01
 -0.47530000E+00 -0.30000000E+01
 -0.47510000E+00 -0.30000000E+01
 -0.47490000E+00 -0.30000000E+01
 -0.47470000E+00 -0.30000000E+01
 -0.47450000E+00 -0.30000000E+01
 -0.47430000E+00 -0.30000000E+01
 -0.47410000E+00 -0.30000000E+01
 -0.47390000E+00 -0.30000000E+01
 -0.47370000E+00 -0.30000000E+01
 -0.47350000E+00 -0.30000000E+01
 -0.47330000E+00 -0.30000000E+01
 -0.47310000E+00 -0.30000000E+01
 -0.47290000E+00 -0.30000000E+01
 -0.47270000E+00 -0.30000000E+01
 -0.47250000E+00 -0.30000000E+01
 -0.47230000E+00 -0.30000000E+01
 -0.47210000E+00 -0.30000000E+01
 -0.47190000E+00 -0.30000000E+01
 -0.47170000E+00 -0.30000000E+01
 -0.47150000E+00 -0.30000000E+01
 -0.47130000E+00 -0.30000000E+01
 -0.47110000E+00 -0.30000000E+01
 -0.47090000E+00 -0.30000000E+01
 -0.47070000E+00 -0.30000000E+01
 -0.47050000E+00 -0.30000000E+01
 -0.47030000E+00 -0.30000000E+01
 -0.47010000E+00 -0.30000000E+01
 -0.46990000E+00 -0.30000000E+01
 -0.46970000E+00 -0.30000000E+01
 -0.46950000E+00 -0.30000000E+01
 -0.46930000E+00 -0.30000000E+01
 -0.46910000E+00 -0.30000000E+01
 -0.46890000E+00 -0.30000000E+01
 -0.46870000E+00 -0.30000000E+01
 -0.46850000E+00 -0.30000000E+01
 -0.46830000E+00 -0.30000000E+01
 -0.46810000E+00 -0.30000000E+01
 -0.46790000E+00 -0.30000000E+01
 -0.46770000E+00 -0.30000000E+01
 -0.46750000E+00 -0.30000000E+01
 -0.46730000E+00 -0.30000000E+01
 -0.46710000E+00 -0.30000000E+01
 -0.46690000E+00 -0.30000000E+01
 -0.46670000E+00 -0.30000000E+01
 -0.46650000E+00 -0.30000000E+01
 -0.46630000E+00 -0.30000000E+01
 -0.46610000E+00 -0.30000000E+01
 -0.46590000E+00 -0.30000000E+01
 -0.46570000E+00 -0.30000000E+01
 -0.46550000E+00 -0.30000000E+01
 -0.46530000E+00 -0.30000000E+01
 -0.46510000E+00 -0.30000000E+01
 -0.46490000E+00 -0.30000000E+01
 -0.46470000E+00 -0.30000000E+01
 -0.46450000E+00 -0.30000000E+01
 -0.46430000E+00 -0.30000000E+01
 -0.46410000E+00 -0.30000000E+01
 -0.46390000E+00 -0.30000000E+01
 -0.46370000E+00 -0.30000000E+01
 -0.46350000E+00 -0.30000000E+01
 -0.46330000E+00 -0.30000000E+01
 -0.46310000E+00 -0.30000000E+01
 -0.46290000E+00 -0.30000000E+01
 -0.46270000E+00 -0.30000000E+01
 -0.46250000E+00 -0.30000000E+01
 -0.46230000E+00 -0.30000000E+01
 -0.46210000E+00 -0.30000000E+01
 -0.46190000E+00 -0.30000000E+01
 -0.46170000E+00 -0.30000000E+01
 -0.46150000E+00 -0.30000000E+01
 -0.46130000E+00 -0.30000000E+01
 -0.46110000E+00 -0.30000000E+01
 -0.46090000E+00 -0.30000000E+01
 -0.46070000E+00 -0.30000000E+01
 -0.46050000E+00 -0.30000000E+01
 -0.46030000E+00 -0.30000000E+01
 -0.46010000E+00 -0.30000000E+01
 -0.45990000E+00 -0.30000000E+01
 -0.45970000E+00 -0.30000000E+01
 -0.45950000E+00 -0.30000000E+01
 -0.45930000E+00 -0.30000000E+01
 -0.45910000E+00 -0.30000000E+01
 -0.45890000E+00 -0.30000000E+01
 -0.45870000E+00 -0.30000000E+01
 -0.45850000E+00 -0.30000000E+01
 -0.45830000E+00 -0.30000000E+01
 -0.45810000E+00 -0.30000000E+01
 -0.45790000E+00 -0.30000000E+01
 -0.45770000E+00 -0.30000000E+01
 -0.45750000E+00 -0.30000000E+01
 -0.45730000E+00 -0.30000000E+01
 -0.45710000E+00 -0.30000000E+01
 -0.45690000E+00 -0.30000000E+01
 -0.45670000E+00 -0.30000000E+01
 -0.45650000E+00 -0.30000000E+01
 -0.45630000E+00 -0.30000000E+01
 -0.45610000E+00 -0.30000000E+01
 -0.45590000E+00 -0.30000000E+01
 -0.45570000E+00 -0.30000000E+01
 -0.45550000E+00 -0.30000000E+01
 -0.45530000E+00 -0.30000000E+01
 -0.45510000E+00 -0.30000000E+01
 -0.45490000E+00 -0.30000000E+01
 -0.45470000E+00 -0.30000000E+01
 -0.45450000E+00 -0.30000000E+01
 -0.45430000E+00 -0.30000000E+01
 -0.45410000E+00 -0.30000000E+01
 -0.45390000E+00 -0.30000000E+01
 -0.45370000E+00 -0.30000000E+01
 -0.45350000E+00 -0.30000000E+01
 -0.45330000E+00 -0.30000000E+01
 -0.45310000E+00 -0.30000000E+01
 -0.45290000E+00 -0.30000000E+01
 -0.45270000E+00 -0.30000000E+01
 -0.45250000E+00 -0.30000000E+01
 -0.45230000E+00 -0.30000000E+01
 -0.45210000E+00 -0.30000000E+01
 -0.45190000E+00 -0.30000000E+01
 -0.45170000E+00 -0.30000000E+01
 -0.45150000E+00 -0.30000000E+01
 -0.45130000E+00 -0.30000000E+01
 -0.45110000E+00 -0.30000000E+01
 -0.45090000E+00 -0.30000000E+01
 -0.45070000E+00 -0.30000000E+01
 -0.45050000E+00 -0.30000000E+01
 -0.45030000E+00 -0.30000000E+01
 -0.45010000E+00 -0.30000000E+01
 -0.44990000E+00 -0.30000000E+01
 -0.44970000E+00 -0.30000000E+01
 -0.44950000E+00 -0.30000000E+01
 -0.44930000E+00 -0.30000000E+01
 -0.44910000E+00 -0.30000000E+01
 -0.44890000E+00 -0.30000000E+01
 -0.44870000E+00 -0.30000000E+01
 -0.44850000E+00 -0.30000000E+01
 -0.44830000E+00 -0.30000000E+01
 -0.44810000E+00 -0.30000000E+01
 -0.44790000E+00 -0.30000000E+01
 -0.44770000E+00 -0.30000000E+01
 -0.44750000E+00 -0.30000000E+01
 -0.44730000E+00 -0.30000000E+01
 -0.44710000E+00 -0.30000000E+01
 -0.44690000E+00 -0.30000000E+01
 -0.44670000E+00 -0.30000000E+01
 -0.44650000E+00 -0.30000000E+01
 -0.44630000E+00 -0.30000000E+01
 -0.44610000E+00 -0.30000000E+01
 -0.44590000E+00 -0.30000000E+01
 -0.44570000E+00 -0.30000000E+01
 -0.44550000E+00 -0.30000000E+01
 -0.44530000E+00 -0.30000000E+01
 -0.44510000E+00 -0.30000000E+01
 -0.44490000E+00 -0.30000000E+01
 -0.44470000E+00 -0.30000000E+01
 -0.44450000E+00 -0.30000000E+01
 -0.44430000E+00 -0.30000000E+01
 -0.44410000E+00 -0.30000000E+01
 -0.44390000E+00 -0.30000000E+01
 -0.44370000E+00 -0.30000000E+01
 -0.44350000E+00 -0.30000000E+01
 -0.44330000E+00 -0.30000000E+01
 -0.44310000E+00 -0.30000000E+01
 -0.44290000E+00 -0.30000000E+01
 -0.44270000E+00 -0.30000000E+01
 -0.44250000E+00 -0.30000000E+01
 -0.44230000E+00 -0.30000000E+01
 -0.44210000E+00 -0.30000000E+01
 -0.44190000E+00 -0.30000000E+01
 -0.44170000E+00 -0.30000000E+01
 -0.44150000E+00 -0.30000000E+01
 -0.44130000E+00 -0.30000000E+01
 -0.44110000E+00 -0.30000000E+01
 -0.44090000E+00 -0.30000000E+01
 -0.44070000E+00 -0.30000000E+01
 -0.44050000E+00 -0.30000000E+01
 -0.44030000E+00 -0.30000000E+01
 -0.44010000E+00 -0.30000000E+01
 -0.43990000E+00 -0.30000000E+01
 -0.43970000E+00 -0.30000000E+01
 -0.43950000E+00 -0.30000000E+01
 -0.43930000E+00 -0.30000000E+01
 -0.43910000E+00 -0.30000000E+01
 -0.43890000E+00 -0.30000000E+01
 -0.43870000E+00 -0.30000000E+01
 -0.43850000E+00 -0.30000000E+01
 -0.43830000E+00 -0.30000000E+01
 -0.43810000E+00 -0.30000000E+01
 -0.43790000E+00 -0.30000000E+01
 -0.43770000E+00 -0.30000000E+01
 -0.43750000E+00 -0.30000000E+01
 -0.43730000E+00 -0.30000000E+01
 -0.43710000E+00 -0.30000000E+01
 -0.43690000E+00 -0.30000000E+01
 -0.43670000E+00 -0.30000000E+01
 -0.43650000E+00 -0.30000000E+01
 -0.43630000E+00 -0.30000000E+01
 -0.43610000E+00 -0.30000000E+01
 -0.43590000E+00 -0.30000000E+01
 -0.43570000E+00 -0.30000000E+01
 -0.43550000E+00 -0.30000000E+01
 -0.43530000E+00 -0.30000000E+01
 -0.43510000E+00 -0.30000000E+01
 -0.43490000E+00 -0.30000000E+01
 -0.43470000E+00 -0.30000000E+01
 -0.43450000E+00 -0.30000000E+01
 -0.43430000E+00 -0.30000000E+01
 -0.43410000E+00 -0.30000000E+01
 -0.43390000E+00 -0.30000000E+01
 -0.43370000E+00 -0.30000000E+01
 -0.43350000E+00 -0.30000000E+01
 -0.43330000E+00 -0.30000000E+01
 -0.43310000E+00 -0.30000000E+01
 -0.43290000E+00 -0.30000000E+01
 -0.43270000E+00 -0.30000000E+01
 -0.43250000E+00 -0.30000000E+01
 -0.43230000E+00 -0.30000000E+01
 -0.43210000E+00 -0.30000000E+01
 -0.43190000E+00 -0.30000000E+01
 -0.43170000E+00 -0.30000000E+01
 -0.43150000E+00 -0.30000000E+01
 -0.43130000E+00 -0.30000000E+01
 -0.43110000E+00 -0.30000000E+01
 -0.43090000E+00 -0.30000000E+01
 -0.43070000E+00 -0.30000000E+01
 -0.43050000E+00 -0.30000000E+01
 -0.43030000E+00 -0.30000000E+01
 -0.43010000E+00 -0.30000000E+01
 -0.42990000E+00 -0.30000000E+01
 -0.42970000E+00 -0.30000000E+01
 -0.42950000E+00 -0.30000000E+01
 -0.42930000E+00 -0.30000000E+01
 -0.42910000E+00 -0.30000000E+01
 -0.42890000E+00 -0.30000000E+01
 -0.42870000E+00 -0.30000000E+01
 -0.42850000E+00 -0.30000000E+01
 -0.42830000E+00 -0.30000000E+01
 -0.42810000E+00 -0.30000000E+01
 -0.42790000E+00 -0.30000000E+01
 -0.42770000E+00 -0.30000000E+01
 -0.42750000E+00 -0.30000000E+01
 -0.42730000E+00 -0.30000000E+01
 -0.42710000E+00 -0.30000000E+01
 -0.42690000E+00 -0.30000000E+01
 -0.42670000E+00 -0.30000000E+01
 -0.42650000E+00 -0.30000000E+01
 -0.42630000E+00 -0.30000000E+01
 -0.42610000E+00 -0.30000000E+01
 -0.42590000E+00 -0.30000000E+01
 -0.42570000E+00 -0.30000000E+01
 -0.42550000E+00 -0.30000000E+01
 -0.42530000E+00 -0.30000000E+01
 -0.42510000E+00 -0.30000000E+01
 -0.42490000E+00 -0.30000000E+01
 -0.42470000E+00 -0.30000000E+01
 -0.42450000E+00 -0.30000000E+01
 -0.42430000E+00 -0.30000000E+01
 -0.42410000E+00 -0.30000000E+01
 -0.42390000E+00 -0.30000000E+01
 -0.42370000E+00 -0.30000000E+01
 -0.42350000E+00 -0.30000000E+01
 -0.42330000E+00 -0.30000000E+01
 -0.42310000E+00 -0.30000000E+01
 -0.42290000E+00 -0.30000000E+01
 -0.42270000E+00 -0.30000000E+01
 -0.42250000E+00 -0.30000000E+01
 -0.42230000E+00 -0.30000000E+01
 -0.42210000E+00 -0.30000000E+01
 -0.42190000E+00 -0.30000000E+01
 -0.42170000E+00 -0.30000000E+01
 -0.42150000E+00 -0.30000000E+01
 -0.42130000E+00 -0.30000000E+01
 -0.42110000E+00 -0.30000000E+01
 -0.42090000E+00 -0.30000000E+01
 -0.42070000E+00 -0.30000000E+01
 -0.42050000E+00 -0.30000000E+01
 -0.42030000E+00 -0.30000000E+01
 -0.42010000E+00 -0.30000000E+01
 -0.41990000E+00 -0.30000000E+01
 -0.41970000E+00 -0.30000000E+01
 -0.41950000E+00 -0.30000000E+01
 -0.41930000E+00 -0.30000000E+01
 -0.41910000E+00 -0.30000000E+01
 -0.41890000E+00 -0.30000000E+01
 -0.41870000E+00 -0.30000000E+01
 -0.41850000E+00 -0.30000000E+01
 -0.41830000E+00 -0.30000000E+01
 -0.41810000E+00 -0.30000000E+01
 -0.41790000E+00 -0.30000000E+01
 -0.41770000E+00 -0.30000000E+01
 -0.41750000E+00 -0.30000000E+01
 -0.41730000E+00 -0.30000000E+01
 -0.41710000E+00 -0.30000000E+01
 -0.41690000E+00 -0.30000000E+01
 -0.41670000E+00 -0.30000000E+01
 -0.41650000E+00 -0.30000000E+01
 -0.41630000E+00 -0.30000000E+01
 -0.41610000E+00 -0.30000000E+01
 -0.41590000E+00 -0.30000000E+01
 -0.41570000E+00 -0.30000000E+01
 -0.41550000E+00 -0.30000000E+01
 -0.41530000E+00 -0.30000000E+01
 -0.41510000E+00 -0.30000000E+01
 -0.41490000E+00 -0.30000000E+01
 -0.41470000E+00 -0.30000000E+01
 -0.41450000E+00 -0.30000000E+01
 -0.41430000E+00 -0.30000000E+01
 -0.41410000E+00 -0.30000000E+01
 -0.41390000E+00 -0.30000000E+01
 -0.41370000E+00 -0.30000000E+01
 -0.41350000E+00 -0.30000000E+01
 -0.41330000E+00 -0.30000000E+01
 -0.41310000E+00 -0.30000000E+01
 -0.41290000E+00 -0.30000000E+01
 -0.41270000E+00 -0.30000000E+01
 -0.41250000E+00 -0.30000000E+01
 -0.41230000E+00 -0.30000000E+01
 -0.41210000E+00 -0.30000000E+01
 -0.41190000E+00 -0.30000000E+01
 -0.41170000E+00 -0.30000000E+01
 -0.41150000E+00 -0.30000000E+01
 -0.41130000E+00 -0.30000000E+01
 -0.41110000E+00 -0.30000000E+01
 -0.41090000E+00 -0.30000000E+01
 -0.41070000E+00 -0.30000000E+01
 -0.41050000E+00 -0.30000000E+01
 -0.41030000E+00 -0.30000000E+01
 -0.41010000E+00 -0.30000000E+01
 -0.40990000E+00 -0.30000000E+01
 -0.40970000E+00 -0.30000000E+01
 -0.40950000E+00 -0.30000000E+01
 -0.40930000E+00 -0.30000000E+01
 -0.40910000E+00 -0.30000000E+01
 -0.40890000E+00 -0.30000000E+01
 -0.40870000E+00 -0.30000000E+01
 -0.40850000E+00 -0.30000000E+01
 -0.40830000E+00 -0.30000000E+01
 -0.40810000E+00 -0.30000000E+01
 -0.40790000E+00 -0.30000000E+01
 -0.40770000E+00 -0.30000000E+01
 -0.40750000E+00 -0.30000000E+01
 -0.40730000E+00 -0.30000000E+01
 -0.40710000E+00 -0.30000000E+01
 -0.40690000E+00 -0.30000000E+01
 -0.40670000E+00 -0.30000000E+01
 -0.40650000E+00 -0.30000000E+01
 -0.40630000E+00 -0.30000000E+01
 -0.40610000E+00 -0.30000000E+01
 -0.40590000E+00 -0.30000000E+01
 -0.40570000E+00 -0.30000000E+01
 -0.40550000E+00 -0.30000000E+01
 -0.40530000E+00 -0.30000000E+01
 -0.40510000E+00 -0.30000000E+01
 -0.40490000E+00 -0.30000000E+01
 -0.40470000E+00 -0.30000000E+01
 -0.40450000E+00 -0.30000000E+01
 -0.40430000E+00 -0.30000000E+01
 -0.40410000E+00 -0.30000000E+01
 -0.40390000E+00 -0.30000000E+01
 -0.40370000E+00 -0.30000000E+01
 -0.40350000E+00 -0.30000000E+01
 -0.40330000E+00 -0.30000000E+01
 -0.40310000E+00 -0.30000000E+01
 -0.40290000E+00 -0.30000000E+01
 -0.40270000E+00 -0.30000000E+01
 -0.40250000E+00 -0.30000000E+01
 -0.40230000E+00 -0.30000000E+01
 -0.40210000E+00 -0.30000000E+01
 -0.40190000E+00 -0.30000000E+01
 -0.40170000E+00 -0.30000000E+01
 -0.40150000E+00 -0.30000000E+01
 -0.40130000E+00 -0.30000000E+01
 -0.40110000E+00 -0.30000000E+01
 -0.40090000E+00 -0.30000000E+01
 -0.40070000E+00 -0.30000000E+01
 -0.40050000E+00 -0.30000000E+01
 -0.40030000E+00 -0.30000000E+01
 -0.40010000E+00 -0.30000000E+01
 -0.39990000E+00 -0.30000000E+01
 -0.39970000E+00 -0.30000000E+01
 -0.39950000E+00 -0.30000000E+01
 -0.39930000E+00 -0.30000000E+01
 -0.39910000E+00 -0.30000000E+01
 -0.39890000E+00 -0.30000000E+01
 -0.39870000E+00 -0.30000000E+01
 -0.39850000E+00 -0.30000000E+01
 -0.39830000E+00 -0.30000000E+01
 -0.39810000E+00 -0.30000000E+01
 -0.39790000E+00 -0.30000000E+01
 -0.39770000E+00 -0.30000000E+01
 -0.39750000E+00 -0.30000000E+01
 -0.39730000E+00 -0.30000000E+01
 -0.39710000E+00 -0.30000000E+01
 -0.39690000E+00 -0.30000000E+01
 -0.39670000E+00 -0.30000000E+01
 -0.39650000E+00 -0.30000000E+01
 -0.39630000E+00 -0.30000000E+01
 -0.39610000E+00 -0.30000000E+01
 -0.39590000E+00 -0.30000000E+01
 -0.39570000E+00 -0.30000000E+01
 -0.39550000E+00 -0.30000000E+01
 -0.39530000E+00 -0.30000000E+01
 -0.39510000E+00 -0.30000000E+01
 -0.39490000E+00 -0.30000000E+01
 -0.39470000E+00 -0.30000000E+01
 -0.39450000E+00 -0.30000000E+01
 -0.39430000E+00 -0.30000000E+01
 -0.39410000E+00 -0.30000000E+01
 -0.39390000E+00 -0.30000000E+01
 -0.39370000E+00 -0.30000000E+01
 -0.39350000E+00 -0.30000000E+01
 -0.39330000E+00 -0.30000000E+01
 -0.39310000E+00 -0.30000000E+01
 -0.39290000E+00 -0.30000000E+01
 -0.39270000E+00 -0.30000000E+01
 -0.39250000E+00 -0.30000000E+01
 -0.39230000E+00 -0.30000000E+01
 -0.39210000E+00 -0.30000000E+01
 -0.39190000E+00 -0.30000000E+01
 -0.39170000E+00 -0.30000000E+01
 -0.39150000E+00 -0.30000000E+01
 -0.39130000E+00 -0.30000000E+01
 -0.39110000E+00 -0.30000000E+01
 -0.39090000E+00 -0.30000000E+01
 -0.39070000E+00 -0.30000000E+01
 -0.39050000E+00 -0.30000000E+01
 -0.39030000E+00 -0.30000000E+01
 -0.39010000E+00 -0.30000000E+01
 -0.38990000E+00 -0.30000000E+01
 -0.38970000E+00 -0.30000000E+01
 -0.38950000E+00 -0.30000000E+01
 -0.38930000E+00 -0.30000000E+01
 -0.38910000E+00 -0.30000000E+01
 -0.38890000E+00 -0.30000000E+01
 -0.38870000E+00 -0.30000000E+01
 -0.38850000E+00 -0.30000000E+01
 -0.38830000E+00 -0.30000000E+01
 -0.38810000E+00 -0.30000000E+01
 -0.38790000E+00 -0.30000000E+01
 -0.38770000E+00 -0.30000000E+01
 -0.38750000E+00 -0.30000000E+01
 -0.38730000E+00 -0.30000000E+01
 -0.38710000E+00 -0.30000000E+01
 -0.38690000E+00 -0.30000000E+01
 -0.38670000E+00 -0.30000000E+01
 -0.38650000E+00 -0.30000000E+01
 -0.38630000E+00 -0.30000000E+01
 -0.38610000E+00 -0.30000000E+01
 -0.38590000E+00 -0.30000000E+01
 -0.38570000E+00 -0.30000000E+01
 -0.38550000E+00 -0.30000000E+01
 -0.38530000E+00 -0.30000000E+01
 -0.38510000E+00 -0.30000000E+01
 -0.38490000E+00 -0.30000000E+01
 -0.38470000E+00 -0.30000000E+01
 -0.38450000E+00 -0.30000000E+01
 -0.38430000E+00 -0.30000000E+01
 -0.38410000E+00 -0.30000000E+01
 -0.38390000E+00 -0.30000000E+01
 -0.38370000E+00 -0.30000000E+01
 -0.38350000E+00 -0.30000000E+01
 -0.38330000E+00 -0.30000000E+01
 -0.38310000E+00 -0.30000000E+01
 -0.38290000E+00 -0.30000000E+01
 -0.38270000E+00 -0.30000000E+01
 -0.38250000E+00 -0.30000000E+01
 -0.38230000E+00 -0.30000000E+01
 -0.38210000E+00 -0.30000000E+01
 -0.38190000E+00 -0.30000000E+01
 -0.38170000E+00 -0.30000000E+01
 -0.38150000E+00 -0.30000000E+01
 -0.38130000E+00 -0.30000000E+01
 -0.38110000E+00 -0.30000000E+01
 -0.38090000E+00 -0.30000000E+01
 -0.38070000E+00 -0.30000000E+01
 -0.38050000E+00 -0.30000000E+01
 -0.38030000E+00 -0.30000000E+01
 -0.38010000E+00 -0.30000000E+01
 -0.37990000E+00 -0.30000000E+01
 -0.37970000E+00 -0.30000000E+01
 -0.37950000E+00 -0.30000000E+01
 -0.37930000E+00 -0.30000000E+01
 -0.37910000E+00 -0.30000000E+01
 -0.37890000E+00 -0.30000000E+01
 -0.37870000E+00 -0.30000000E+01
 -0.37850000E+00 -0.30000000E+01
 -0.37830000E+00 -0.30000000E+01
 -0.37810000E+00 -0.30000000E+01
 -0.37790000E+00 -0.30000000E+01
 -0.37770000E+00 -0.30000000E+01
 -0.37750000E+00 -0.30000000E+01
 -0.37730000E+00 -0.30000000E+01
 -0.37710000E+00 -0.30000000E+01
 -0.37690000E+00 -0.30000000E+01
 -0.37670000E+00 -0.30000000E+01
 -0.37650000E+00 -0.30000000E+01
 -0.37630000E+00 -0.30000000E+01
 -0.37610000E+00 -0.30000000E+01
 -0.37590000E+00 -0.30000000E+01
 -0.37570000E+00 -0.30000000E+01
 -0.37550000E+00 -0.30000000E+01
 -0.37530000E+00 -0.30000000E+01
 -0.37510000E+00 -0.30000000E+01
 -0.37490000E+00 -0.30000000E+01
 -0.37470000E+00 -0.30000000E+01
 -0.37450000E+00 -0.30000000E+01
 -0.37430000E+00 -0.30000000E+01
 -0.37410000E+00 -0.30000000E+01
 -0.37390000E+00 -0.30000000E+01
 -0.37370000E+00 -0.30000000E+01
 -0.37350000E+00 -0.30000000E+01
 -0.37330000E+00 -0.30000000E+01
 -0.37310000E+00 -0.30000000E+01
 -0.37290000E+00 -0.30000000E+01
 -0.37270000E+00 -0.30000000E+01
 -0.37250000E+00 -0.30000000E+01
 -0.37230000E+00 -0.30000000E+01
 -0.37210000E+00 -0.30000000E+01
 -0.37190000E+00 -0.30000000E+01
 -0.37170000E+00 -0.30000000E+01
 -0.37150000E+00 -0.30000000E+01
 -0.37130000E+00 -0.30000000E+01
 -0.37110000E+00 -0.30000000E+01
 -0.37090000E+00 -0.30000000E+01
 -0.37070000E+00 -0.30000000E+01
 -0.37050000E+00 -0.30000000E+01
 -0.37030000E+00 -0.30000000E+01
 -0.37010000E+00 -0.30000000E+01
 -0.36990000E+00 -0.30000000E+01
 -0.36970000E+00 -0.30000000E+01
 -0.36950000E+00 -0.30000000E+01
 -0.36930000E+00 -0.30000000E+01
 -0.36910000E+00 -0.30000000E+01
 -0.36890000E+00 -0.30000000E+01
 -0.36870000E+00 -0.30000000E+01
 -0.36850000E+00 -0.30000000E+01
 -0.36830000E+00 -0.30000000E+01
 -0.36810000E+00 -0.30000000E+01
 -0.36790000E+00 -0.30000000E+01
 -0.36770000E+00 -0.30000000E+01
 -0.36750000E+00 -0.30000000E+01
 -0.36730000E+00 -0.30000000E+01
 -0.36710000E+00 -0.30000000E+01
 -0.36690000E+00 -0.30000000E+01
 -0.36670000E+00 -0.30000000E+01
 -0.36650000E+00 -0.30000000E+01
 -0.36630000E+00 -0.30000000E+01
 -0.36610000E+00 -0.30000000E+01
 -0.36590000E+00 -0.30000000E+01
 -0.36570000E+00 -0.30000000E+01
 -0.36550000E+00 -0.30000000E+01
 -0.36530000E+00 -0.30000000E+01
 -0.36510000E+00 -0.30000000E+01
 -0.36490000E+00 -0.30000000E+01
 -0.36470000E+00 -0.30000000E+01
 -0.36450000E+00 -0.30000000E+01
 -0.36430000E+00 -0.30000000E+01
 -0.36410000E+00 -0.30000000E+01
 -0.36390000E+00 -0.30000000E+01
 -0.36370000E+00 -0.30000000E+01
 -0.36350000E+00 -0.30000000E+01
 -0.36330000E+00 -0.30000000E+01
 -0.36310000E+00 -0.30000000E+01
 -0.36290000E+00 -0.30000000E+01
 -0.36270000E+00 -0.30000000E+01
 -0.36250000E+00 -0.30000000E+01
 -0.36230000E+00 -0.30000000E+01
 -0.36210000E+00 -0.30000000E+01
 -0.36190000E+00 -0.30000000E+01
 -0.36170000E+00 -0.30000000E+01
 -0.36150000E+00 -0.30000000E+01
 -0.36130000E+00 -0.30000000E+01
 -0.36110000E+00 -0.30000000E+01
 -0.36090000E+00 -0.30000000E+01
 -0.36070000E+00 -0.30000000E+01
 -0.36050000E+00 -0.30000000E+01
 -0.36030000E+00 -0.30000000E+01
 -0.36010000E+00 -0.30000000E+01
 -0.35990000E+00 -0.30000000E+01
 -0.35970000E+00 -0.30000000E+01
 -0.35950000E+00 -0.30000000E+01
 -0.35930000E+00 -0.30000000E+01
 -0.35910000E+00 -0.30000000E+01
 -0.35890000E+00 -0.30000000E+01
 -0.35870000E+00 -0.30000000E+01
 -0.35850000E+00 -0.30000000E+01
 -0.35830000E+00 -0.30000000E+01
 -0.35810000E+00 -0.30000000E+01
 -0.35790000E+00 -0.30000000E+01
 -0.35770000E+00 -0.30000000E+01
 -0.35750000E+00 -0.30000000E+01
 -0.35730000E+00 -0.30000000E+01
 -0.35710000E+00 -0.30000000E+01
 -0.35690000E+00 -0.30000000E+01
 -0.35670000E+00 -0.30000000E+01
 -0.35650000E+00 -0.30000000E+01
 -0.35630000E+00 -0.30000000E+01
 -0.35610000E+00 -0.30000000E+01
 -0.35590000E+00 -0.30000000E+01
 -0.35570000E+00 -0.30000000E+01
 -0.35550000E+00 -0.30000000E+01
 -0.35530000E+00 -0.30000000E+01
 -0.35510000E+00 -0.30000000E+01
 -0.35490000E+00 -0.30000000E+01
 -0.35470000E+00 -0.30000000E+01
 -0.35450000E+00 -0.30000000E+01
 -0.35430000E+00 -0.30000000E+01
 -0.35410000E+00 -0.30000000E+01
 -0.35390000E+00 -0.30000000E+01
 -0.35370000E+00 -0.30000000E+01
 -0.35350000E+00 -0.30000000E+01
 -0.35330000E+00 -0.30000000E+01
 -0.35310000E+00 -0.30000000E+01
 -0.35290000E+00 -0.30000000E+01
 -0.35270000E+00 -0.30000000E+01
 -0.35250000E+00 -0.30000000E+01
 -0.35230000E+00 -0.30000000E+01
 -0.35210000E+00 -0.30000000E+01
 -0.35190000E+00 -0.30000000E+01
 -0.35170000E+00 -0.30000000E+01
 -0.35150000E+00 -0.30000000E+01
 -0.35130000E+00 -0.30000000E+01
 -0.35110000E+00 -0.30000000E+01
 -0.35090000E+00 -0.30000000E+01
 -0.35070000E+00 -0.30000000E+01
 -0.35050000E+00 -0.30000000E+01
 -0.35030000E+00 -0.30000000E+01
 -0.35010000E+00 -0.30000000E+01
 -0.34990000E+00 -0.30000000E+01
 -0.34970000E+00 -0.30000000E+01
 -0.34950000E+00 -0.30000000E+01
 -0.34930000E+00 -0.30000000E+01
 -0.34910000E+00 -0.30000000E+01
 -0.34890000E+00 -0.30000000E+01
 -0.34870000E+00 -0.30000000E+01
 -0.34850000E+00 -0.30000000E+01
 -0.34830000E+00 -0.30000000E+01
 -0.34810000E+00 -0.30000000E+01
 -0.34790000E+00 -0.30000000E+01
 -0.34770000E+00 -0.30000000E+01
 -0.34750000E+00 -0.30000000E+01
 -0.34730000E+00 -0.30000000E+01
 -0.34710000E+00 -0.30000000E+01
 -0.34690000E+00 -0.30000000E+01
 -0.34670000E+00 -0.30000000E+01
 -0.34650000E+00 -0.30000000E+01
 -0.34630000E+00 -0.30000000E+01
 -0.34610000E+00 -0.30000000E+01
 -0.34590000E+00 -0.30000000E+01
 -0.34570000E+00 -0.30000000E+01
 -0.34550000E+00 -0.30000000E+01
 -0.34530000E+00 -0.30000000E+01
 -0.34510000E+00 -0.30000000E+01
 -0.34490000E+00 -0.30000000E+01
 -0.34470000E+00 -0.30000000E+01
 -0.34450000E+00 -0.30000000E+01
 -0.34430000E+00 -0.30000000E+01
 -0.34410000E+00 -0.30000000E+01
 -0.34390000E+00 -0.30000000E+01
 -0.34370000E+00 -0.30000000E+01
 -0.34350000E+00 -0.30000000E+01
 -0.34330000E+00 -0.30000000E+01
 -0.34310000E+00 -0.30000000E+01
 -0.34290000E+00 -0.30000000E+01
 -0.34270000E+00 -0.30000000E+01
 -0.34250000E+00 -0.30000000E+01
 -0.34230000E+00 -0.30000000E+01
 -0.34210000E+00 -0.30000000E+01
 -0.34190000E+00 -0.30000000E+01
 -0.34170000E+00 -0.30000000E+01
 -0.34150000E+00 -0.30000000E+01
 -0.34130000E+00 -0.30000000E+01
 -0.34110000E+00 -0.30000000E+01
 -0.34090000E+00 -0.30000000E+01
 -0.34070000E+00 -0.30000000E+01
 -0.34050000E+00 -0.30000000E+01
 -0.34030000E+00 -0.30000000E+01
 -0.34010000E+00 -0.30000000E+01
 -0.33990000E+00 -0.30000000E+01
 -0.33970000E+00 -0.30000000E+01
 -0.33950000E+00 -0.30000000E+01
 -0.33930000E+00 -0.30000000E+01
 -0.33910000E+00 -0.30000000E+01
 -0.33890000E+00 -0.30000000E+01
 -0.33870000E+00 -0.30000000E+01
 -0.33850000E+00 -0.30000000E+01
 -0.33830000E+00 -0.30000000E+01
 -0.33810000E+00 -0.30000000E+01
 -0.33790000E+00 -0.30000000E+01
 -0.33770000E+00 -0.30000000E+01
 -0.33750000E+00 -0.30000000E+01
 -0.33730000E+00 -0.30000000E+01
 -0.33710000E+00 -0.30000000E+01
 -0.33690000E+00 -0.30000000E+01
 -0.33670000E+00 -0.30000000E+01
 -0.33650000E+00 -0.30000000E+01
 -0.33630000E+00 -0.30000000E+01
 -0.33610000E+00 -0.30000000E+01
 -0.33590000E+00 -0.30000000E+01
 -0.33570000E+00 -0.30000000E+01
 -0.33550000E+00 -0.30000000E+01
 -0.33530000E+00 -0.30000000E+01
 -0.33510000E+00 -0.30000000E+01
 -0.33490000E+00 -0.30000000E+01
 -0.33470000E+00 -0.30000000E+01
 -0.33450000E+00 -0.30000000E+01
 -0.33430000E+00 -0.30000000E+01
 -0.33410000E+00 -0.30000000E+01
 -0.33390000E+00 -0.30000000E+01
 -0.33370000E+00 -0.30000000E+01
 -0.33350000E+00 -0.30000000E+01
 -0.33330000E+00 -0.30000000E+01
 -0.33310000E+00 -0.30000000E+01
 -0.33290000E+00 -0.30000000E+01
 -0.33270000E+00 -0.30000000E+01
 -0.33250000E+00 -0.30000000E+01
 -0.33230000E+00 -0.30000000E+01
 -0.33210000E+00 -0.30000000E+01
 -0.33190000E+00 -0.30000000E+01
 -0.33170000E+00 -0.30000000E+01
 -0.33150000E+00 -0.30000000E+01
 -0.33130000E+00 -0.30000000E+01
 -0.33110000E+00 -0.30000000E+01
 -0.33090000E+00 -0.30000000E+01
 -0.33070000E+00 -0.30000000E+01
 -0.33050000E+00 -0.30000000E+01
 -0.33030000E+00 -0.30000000E+01
 -0.33010000E+00 -0.30000000E+01
 -0.32990000E+00 -0.30000000E+01
 -0.32970000E+00 -0.30000000E+01
 -0.32950000E+00 -0.30000000E+01
 -0.32930000E+00 -0.30000000E+01
 -0.32910000E+00 -0.30000000E+01
 -0.32890000E+00 -0.30000000E+01
 -0.32870000E+00 -0.30000000E+01
 -0.32850000E+00 -0.30000000E+01
 -0.32830000E+00 -0.30000000E+01
 -0.32810000E+00 -0.30000000E+01
 -0.32790000E+00 -0.30000000E+01
 -0.32770000E+00 -0.30000000E+01
 -0.32750000E+00 -0.30000000E+01
 -0.32730000E+00 -0.30000000E+01
 -0.32710000E+00 -0.30000000E+01
 -0.32690000E+00 -0.30000000E+01
 -0.32670000E+00 -0.30000000E+01
 -0.32650000E+00 -0.30000000E+01
 -0.32630000E+00 -0.30000000E+01
 -0.32610000E+00 -0.30000000E+01
 -0.32590000E+00 -0.30000000E+01
 -0.32570000E+00 -0.30000000E+01
 -0.32550000E+00 -0.30000000E+01
 -0.32530000E+00 -0.30000000E+01
 -0.32510000E+00 -0.30000000E+01
 -0.32490000E+00 -0.30000000E+01
 -0.32470000E+00 -0.30000000E+01
 -0.32450000E+00 -0.30000000E+01
 -0.32430000E+00 -0.30000000E+01
 -0.32410000E+00 -0.30000000E+01
 -0.32390000E+00 -0.30000000E+01
 -0.32370000E+00 -0.30000000E+01
 -0.32350000E+00 -0.30000000E+01
 -0.32330000E+00 -0.30000000E+01
 -0.32310000E+00 -0.30000000E+01
 -0.32290000E+00 -0.30000000E+01
 -0.32270000E+00 -0.30000000E+01
 -0.32250000E+00 -0.30000000E+01
 -0.32230000E+00 -0.30000000E+01
 -0.32210000E+00 -0.30000000E+01
 -0.32190000E+00 -0.30000000E+01
 -0.32170000E+00 -0.30000000E+01
 -0.32150000E+00 -0.30000000E+01
 -0.32130000E+00 -0.30000000E+01
 -0.32110000E+00 -0.30000000E+01
 -0.32090000E+00 -0.30000000E+01
 -0.32070000E+00 -0.30000000E+01
 -0.32050000E+00 -0.30000000E+01
 -0.32030000E+00 -0.30000000E+01
 -0.32010000E+00 -0.30000000E+01
 -0.31990000E+00 -0.30000000E+01
 -0.31970000E+00 -0.30000000E+01
 -0.31950000E+00 -0.30000000E+01
 -0.31930000E+00 -0.30000000E+01
 -0.31910000E+00 -0.30000000E+01
 -0.31890000E+00 -0.30000000E+01
 -0.31870000E+00 -0.30000000E+01
 -0.31850000E+00 -0.30000000E+01
 -0.31830000E+00 -0.30000000E+01
 -0.31810000E+00 -0.30000000E+01
 -0.31790000E+00 -0.30000000E+01
 -0.31770000E+00 -0.30000000E+01
 -0.31750000E+00 -0.30000000E+01
 -0.31730000E+00 -0.30000000E+01
 -0.31710000E+00 -0.30000000E+01
 -0.31690000E+00 -0.30000000E+01
 -0.31670000E+00 -0.30000000E+01
 -0.31650000E+00 -0.30000000E+01
 -0.31630000E+00 -0.30000000E+01
 -0.31610000E+00 -0.30000000E+01
 -0.31590000E+00 -0.30000000E+01
 -0.31570000E+00 -0.30000000E+01
 -0.31550000E+00 -0.30000000E+01
 -0.31530000E+00 -0.30000000E+01
 -0.31510000E+00 -0.30000000E+01
 -0.31490000E+00 -0.30000000E+01
 -0.31470000E+00 -0.30000000E+01
 -0.31450000E+00 -0.30000000E+01
 -0.31430000E+00 -0.30000000E+01
 -0.31410000E+00 -0.30000000E+01
 -0.31390000E+00 -0.30000000E+01
 -0.31370000E+00 -0.30000000E+01
 -0.31350000E+00 -0.30000000E+01
 -0.31330000E+00 -0.30000000E+01
 -0.31310000E+00 -0.30000000E+01
 -0.31290000E+00 -0.30000000E+01
 -0.31270000E+00 -0.30000000E+01
 -0.31250000E+00 -0.30000000E+01
 -0.31230000E+00 -0.30000000E+01
 -0.31210000E+00 -0.30000000E+01
 -0.31190000E+00 -0.30000000E+01
 -0.31170000E+00 -0.30000000E+01
 -0.31150000E+00 -0.30000000E+01
 -0.31130000E+00 -0.30000000E+01
 -0.31110000E+00 -0.30000000E+01
 -0.31090000E+00 -0.30000000E+01
 -0.31070000E+00 -0.30000000E+01
 -0.31050000E+00 -0.30000000E+01
 -0.31030000E+00 -0.30000000E+01
 -0.31010000E+00 -0.30000000E+01
 -0.30990000E+00 -0.30000000E+01
 -0.30970000E+00 -0.30000000E+01
 -0.30950000E+00 -0.30000000E+01
 -0.30930000E+00 -0.30000000E+01
 -0.30910000E+00 -0.30000000E+01
 -0.30890000E+00 -0.30000000E+01
 -0.30870000E+00 -0.30000000E+01
 -0.30850000E+00 -0.30000000E+01
 -0.30830000E+00 -0.30000000E+01
 -0.30810000E+00 -0.30000000E+01
 -0.30790000E+00 -0.30000000E+01
 -0.30770000E+00 -0.30000000E+01
 -0.30750000E+00 -0.30000000E+01
 -0.30730000E+00 -0.30000000E+01
 -0.30710000E+00 -0.30000000E+01
 -0.30690000E+00 -0.30000000E+01
 -0.30670000E+00 -0.30000000E+01
 -0.30650000E+00 -0.30000000E+01
 -0.30630000E+00 -0.30000000E+01
 -0.30610000E+00 -0.30000000E+01
 -0.30590000E+00 -0.30000000E+01
 -0.30570000E+00 -0.30000000E+01
 -0.30550000E+00 -0.30000000E+01
 -0.30530000E+00 -0.30000000E+01
 -0.30510000E+00 -0.30000000E+01
 -0.30490000E+00 -0.30000000E+01
 -0.30470000E+00 -0.30000000E+01
 -0.30450000E+00 -0.30000000E+01
 -0.30430000E+00 -0.30000000E+01
 -0.30410000E+00 -0.30000000E+01
 -0.30390000E+00 -0.30000000E+01
 -0.30370000E+00 -0.30000000E+01
 -0.30350000E+00 -0.30000000E+01
 -0.30330000E+00 -0.30000000E+01
 -0.30310000E+00 -0.30000000E+01
 -0.30290000E+00 -0.30000000E+01
 -0.30270000E+00 -0.30000000E+01
 -0.30250000E+00 -0.30000000E+01
 -0.30230000E+00 -0.30000000E+01
 -0.30210000E+00 -0.30000000E+01
 -0.30190000E+00 -0.30000000E+01
 -0.30170000E+00 -0.30000000E+01
 -0.30150000E+00 -0.30000000E+01
 -0.30130000E+00 -0.30000000E+01
 -0.30110000E+00 -0.30000000E+01
 -0.30090000E+00 -0.30000000E+01
 -0.30070000E+00 -0.30000000E+01
 -0.30050000E+00 -0.30000000E+01
 -0.30030000E+00 -0.30000000E+01
 -0.30010000E+00 -0.30000000E+01
 -0.29990000E+00 -0.30000000E+01
 -0.29970000E+00 -0.30000000E+01
 -0.29950000E+00 -0.30000000E+01
 -0.29930000E+00 -0.30000000E+01
 -0.29910000E+00 -0.30000000E+01
 -0.29890000E+00 -0.30000000E+01
 -0.29870000E+00 -0.30000000E+01
 -0.29850000E+00 -0.30000000E+01
 -0.29830000E+00 -0.30000000E+01
 -0.29810000E+00 -0.30000000E+01
 -0.29790000E+00 -0.30000000E+01
 -0.29770000E+00 -0.30000000E+01
 -0.29750000E+00 -0.30000000E+01
 -0.29730000E+00 -0.30000000E+01
 -0.29710000E+00 -0.30000000E+01
 -0.29690000E+00 -0.30000000E+01
 -0.29670000E+00 -0.30000000E+01
 -0.29650000E+00 -0.30000000E+01
 -0.29630000E+00 -0.30000000E+01
 -0.29610000E+00 -0.30000000E+01
 -0.29590000E+00 -0.30000000E+01
 -0.29570000E+00 -0.30000000E+01
 -0.29550000E+00 -0.30000000E+01
 -0.29530000E+00 -0.30000000E+01
 -0.29510000E+00 -0.30000000E+01
 -0.29490000E+00 -0.30000000E+01
 -0.29470000E+00 -0.30000000E+01
 -0.29450000E+00 -0.30000000E+01
 -0.29430000E+00 -0.30000000E+01
 -0.29410000E+00 -0.30000000E+01
 -0.29390000E+00 -0.30000000E+01
 -0.29370000E+00 -0.30000000E+01
 -0.29350000E+00 -0.30000000E+01
 -0.29330000E+00 -0.30000000E+01
 -0.29310000E+00 -0.30000000E+01
 -0.29290000E+00 -0.30000000E+01
 -0.29270000E+00 -0.30000000E+01
 -0.29250000E+00 -0.30000000E+01
 -0.29230000E+00 -0.30000000E+01
 -0.29210000E+00 -0.30000000E+01
 -0.29190000E+00 -0.30000000E+01
 -0.29170000E+00 -0.30000000E+01
 -0.29150000E+00 -0.30000000E+01
 -0.29130000E+00 -0.30000000E+01
 -0.29110000E+00 -0.30000000E+01
 -0.29090000E+00 -0.30000000E+01
 -0.29070000E+00 -0.30000000E+01
 -0.29050000E+00 -0.30000000E+01
 -0.29030000E+00 -0.30000000E+01
 -0.29010000E+00 -0.30000000E+01
 -0.28990000E+00 -0.30000000E+01
 -0.28970000E+00 -0.30000000E+01
 -0.28950000E+00 -0.30000000E+01
 -0.28930000E+00 -0.30000000E+01
 -0.28910000E+00 -0.30000000E+01
 -0.28890000E+00 -0.30000000E+01
 -0.28870000E+00 -0.30000000E+01
 -0.28850000E+00 -0.30000000E+01
 -0.28830000E+00 -0.30000000E+01
 -0.28810000E+00 -0.30000000E+01
 -0.28790000E+00 -0.30000000E+01
 -0.28770000E+00 -0.30000000E+01
 -0.28750000E+00 -0.30000000E+01
 -0.28730000E+00 -0.30000000E+01
 -0.28710000E+00 -0.30000000E+01
 -0.28690000E+00 -0.30000000E+01
 -0.28670000E+00 -0.30000000E+01
 -0.28650000E+00 -0.30000000E+01
 -0.28630000E+00 -0.30000000E+01
 -0.28610000E+00 -0.30000000E+01
 -0.28590000E+00 -0.30000000E+01
 -0.28570000E+00 -0.30000000E+01
 -0.28550000E+00 -0.30000000E+01
 -0.28530000E+00 -0.30000000E+01
 -0.28510000E+00 -0.30000000E+01
 -0.28490000E+00 -0.30000000E+01
 -0.28470000E+00 -0.30000000E+01
 -0.28450000E+00 -0.30000000E+01
 -0.28430000E+00 -0.30000000E+01
 -0.28410000E+00 -0.30000000E+01
 -0.28390000E+00 -0.30000000E+01
 -0.28370000E+00 -0.30000000E+01
 -0.28350000E+00 -0.30000000E+01
 -0.28330000E+00 -0.30000000E+01
 -0.28310000E+00 -0.30000000E+01
 -0.28290000E+00 -0.30000000E+01
 -0.28270000E+00 -0.30000000E+01
 -0.28250000E+00 -0.30000000E+01
 -0.28230000E+00 -0.30000000E+01
 -0.28210000E+00 -0.30000000E+01
 -0.28190000E+00 -0.30000000E+01
 -0.28170000E+00 -0.30000000E+01
 -0.28150000E+00 -0.30000000E+01
 -0.28130000E+00 -0.30000000E+01
 -0.28110000E+00 -0.30000000E+01
 -0.28090000E+00 -0.30000000E+01
 -0.28070000E+00 -0.30000000E+01
 -0.28050000E+00 -0.30000000E+01
 -0.28030000E+00 -0.30000000E+01
 -0.28010000E+00 -0.30000000E+01
 -0.27990000E+00 -0.30000000E+01
 -0.27970000E+00 -0.30000000E+01
 -0.27950000E+00 -0.30000000E+01
 -0.27930000E+00 -0.30000000E+01
 -0.27910000E+00 -0.30000000E+01
 -0.27890000E+00 -0.30000000E+01
 -0.27870000E+00 -0.30000000E+01
 -0.27850000E+00 -0.30000000E+01
 -0.27830000E+00 -0.30000000E+01
 -0.27810000E+00 -0.30000000E+01
 -0.27790000E+00 -0.30000000E+01
 -0.27770000E+00 -0.30000000E+01
 -0.27750000E+00 -0.30000000E+01
 -0.27730000E+00 -0.30000000E+01
 -0.27710000E+00 -0.30000000E+01
 -0.27690000E+00 -0.30000000E+01
 -0.27670000E+00 -0.30000000E+01
 -0.27650000E+00 -0.30000000E+01
 -0.27630000E+00 -0.30000000E+01
 -0.27610000E+00 -0.30000000E+01
 -0.27590000E+00 -0.30000000E+01
 -0.27570000E+00 -0.30000000E+01
 -0.27550000E+00 -0.30000000E+01
 -0.27530000E+00 -0.30000000E+01
 -0.27510000E+00 -0.30000000E+01
 -0.27490000E+00 -0.30000000E+01
 -0.27470000E+00 -0.30000000E+01
 -0.27450000E+00 -0.30000000E+01
 -0.27430000E+00 -0.30000000E+01
 -0.27410000E+00 -0.30000000E+01
 -0.27390000E+00 -0.30000000E+01
 -0.27370000E+00 -0.30000000E+01
 -0.27350000E+00 -0.30000000E+01
 -0.27330000E+00 -0.30000000E+01
 -0.27310000E+00 -0.30000000E+01
 -0.27290000E+00 -0.30000000E+01
 -0.27270000E+00 -0.30000000E+01
 -0.27250000E+00 -0.30000000E+01
 -0.27230000E+00 -0.30000000E+01
 -0.27210000E+00 -0.30000000E+01
 -0.27190000E+00 -0.30000000E+01
 -0.27170000E+00 -0.30000000E+01
 -0.27150000E+00 -0.30000000E+01
 -0.27130000E+00 -0.30000000E+01
 -0.27110000E+00 -0.30000000E+01
 -0.27090000E+00 -0.30000000E+01
 -0.27070000E+00 -0.30000000E+01
 -0.27050000E+00 -0.30000000E+01
 -0.27030000E+00 -0.30000000E+01
 -0.27010000E+00 -0.30000000E+01
 -0.26990000E+00 -0.30000000E+01
 -0.26970000E+00 -0.30000000E+01
 -0.26950000E+00 -0.30000000E+01
 -0.26930000E+00 -0.30000000E+01
 -0.26910000E+00 -0.30000000E+01
 -0.26890000E+00 -0.30000000E+01
 -0.26870000E+00 -0.30000000E+01
 -0.26850000E+00 -0.30000000E+01
 -0.26830000E+00 -0.30000000E+01
 -0.26810000E+00 -0.30000000E+01
 -0.26790000E+00 -0.30000000E+01
 -0.26770000E+00 -0.30000000E+01
 -0.26750000E+00 -0.30000000E+01
 -0.26730000E+00 -0.30000000E+01
 -0.26710000E+00 -0.30000000E+01
 -0.26690000E+00 -0.30000000E+01
 -0.26670000E+00 -0.30000000E+01
 -0.26650000E+00 -0.30000000E+01
 -0.26630000E+00 -0.30000000E+01
 -0.26610000E+00 -0.30000000E+01
 -0.26590000E+00 -0.30000000E+01
 -0.26570000E+00 -0.30000000E+01
 -0.26550000E+00 -0.30000000E+01
 -0.26530000E+00 -0.30000000E+01
 -0.26510000E+00 -0.30000000E+01
 -0.26490000E+00 -0.30000000E+01
 -0.26470000E+00 -0.30000000E+01
 -0.26450000E+00 -0.30000000E+01
 -0.26430000E+00 -0.30000000E+01
 -0.26410000E+00 -0.30000000E+01
 -0.26390000E+00 -0.30000000E+01
 -0.26370000E+00 -0.30000000E+01
 -0.26350000E+00 -0.30000000E+01
 -0.26330000E+00 -0.30000000E+01
 -0.26310000E+00 -0.30000000E+01
 -0.26290000E+00 -0.30000000E+01
 -0.26270000E+00 -0.30000000E+01
 -0.26250000E+00 -0.30000000E+01
 -0.26230000E+00 -0.30000000E+01
 -0.26210000E+00 -0.30000000E+01
 -0.26190000E+00 -0.30000000E+01
 -0.26170000E+00 -0.30000000E+01
 -0.26150000E+00 -0.30000000E+01
 -0.26130000E+00 -0.30000000E+01
 -0.26110000E+00 -0.30000000E+01
 -0.26090000E+00 -0.30000000E+01
 -0.26070000E+00 -0.30000000E+01
 -0.26050000E+00 -0.30000000E+01
 -0.26030000E+00 -0.30000000E+01
 -0.26010000E+00 -0.30000000E+01
 -0.25990000E+00 -0.30000000E+01
 -0.25970000E+00 -0.30000000E+01
 -0.25950000E+00 -0.30000000E+01
 -0.25930000E+00 -0.30000000E+01
 -0.25910000E+00 -0.30000000E+01
 -0.25890000E+00 -0.30000000E+01
 -0.25870000E+00 -0.30000000E+01
 -0.25850000E+00 -0.30000000E+01
 -0.25830000E+00 -0.30000000E+01
 -0.25810000E+00 -0.30000000E+01
 -0.25790000E+00 -0.30000000E+01
 -0.25770000E+00 -0.30000000E+01
 -0.25750000E+00 -0.30000000E+01
 -0.25730000E+00 -0.30000000E+01
 -0.25710000E+00 -0.30000000E+01
 -0.25690000E+00 -0.30000000E+01
 -0.25670000E+00 -0.30000000E+01
 -0.25650000E+00 -0.30000000E+01
 -0.25630000E+00 -0.30000000E+01
 -0.25610000E+00 -0.30000000E+01
 -0.25590000E+00 -0.30000000E+01
 -0.25570000E+00 -0.30000000E+01
 -0.25550000E+00 -0.30000000E+01
 -0.25530000E+00 -0.30000000E+01
 -0.25510000E+00 -0.30000000E+01
 -0.25490000E+00 -0.30000000E+01
 -0.25470000E+00 -0.30000000E+01
 -0.25450000E+00 -0.30000000E+01
 -0.25430000E+00 -0.30000000E+01
 -0.25410000E+00 -0.30000000E+01
 -0.25390000E+00 -0.30000000E+01
 -0.25370000E+00 -0.30000000E+01
 -0.25350000E+00 -0.30000000E+01
 -0.25330000E+00 -0.30000000E+01
 -0.25310000E+00 -0.30000000E+01
 -0.25290000E+00 -0.30000000E+01
 -0.25270000E+00 -0.30000000E+01
 -0.25250000E+00 -0.30000000E+01
 -0.25230000E+00 -0.30000000E+01
 -0.25210000E+00 -0.30000000E+01
 -0.25190000E+00 -0.30000000E+01
 -0.25170000E+00 -0.30000000E+01
 -0.25150000E+00 -0.30000000E+01
 -0.25130000E+00 -0.30000000E+01
 -0.25110000E+00 -0.30000000E+01
 -0.25090000E+00 -0.30000000E+01
 -0.25070000E+00 -0.30000000E+01
 -0.25050000E+00 -0.30000000E+01
 -0.25030000E+00 -0.30000000E+01
 -0.25010000E+00 -0.30000000E+01
 -0.24990000E+00 -0.30000000E+01
 -0.24970000E+00 -0.30000000E+01
 -0.24950000E+00 -0.30000000E+01
 -0.24930000E+00 -0.30000000E+01
 -0.24910000E+00 -0.30000000E+01
 -0.24890000E+00 -0.30000000E+01
 -0.24870000E+00 -0.30000000E+01
 -0.24850000E+00 -0.30000000E+01
 -0.24830000E+00 -0.30000000E+01
 -0.24810000E+00 -0.30000000E+01
 -0.24790000E+00 -0.30000000E+01
 -0.24770000E+00 -0.30000000E+01
 -0.24750000E+00 -0.30000000E+01
 -0.24730000E+00 -0.30000000E+01
 -0.24710000E+00 -0.30000000E+01
 -0.24690000E+00 -0.30000000E+01
 -0.24670000E+00 -0.30000000E+01
 -0.24650000E+00 -0.30000000E+01
 -0.24630000E+00 -0.30000000E+01
 -0.24610000E+00 -0.30000000E+01
 -0.24590000E+00 -0.30000000E+01
 -0.24570000E+00 -0.30000000E+01
 -0.24550000E+00 -0.30000000E+01
 -0.24530000E+00 -0.30000000E+01
 -0.24510000E+00 -0.30000000E+01
 -0.24490000E+00 -0.30000000E+01
 -0.24470000E+00 -0.30000000E+01
 -0.24450000E+00 -0.30000000E+01
 -0.24430000E+00 -0.30000000E+01
 -0.24410000E+00 -0.30000000E+01
 -0.24390000E+00 -0.30000000E+01
 -0.24370000E+00 -0.30000000E+01
 -0.24350000E+00 -0.30000000E+01
 -0.24330000E+00 -0.30000000E+01
 -0.24310000E+00 -0.30000000E+01
 -0.24290000E+00 -0.30000000E+01
 -0.24270000E+00 -0.30000000E+01
 -0.24250000E+00 -0.30000000E+01
 -0.24230000E+00 -0.30000000E+01
 -0.24210000E+00 -0.30000000E+01
 -0.24190000E+00 -0.30000000E+01
 -0.24170000E+00 -0.30000000E+01
 -0.24150000E+00 -0.30000000E+01
 -0.24130000E+00 -0.30000000E+01
 -0.24110000E+00 -0.30000000E+01
 -0.24090000E+00 -0.30000000E+01
 -0.24070000E+00 -0.30000000E+01
 -0.24050000E+00 -0.30000000E+01
 -0.24030000E+00 -0.30000000E+01
 -0.24010000E+00 -0.30000000E+01
 -0.23990000E+00 -0.30000000E+01
 -0.23970000E+00 -0.30000000E+01
 -0.23950000E+00 -0.30000000E+01
 -0.23930000E+00 -0.30000000E+01
 -0.23910000E+00 -0.30000000E+01
 -0.23890000E+00 -0.30000000E+01
 -0.23870000E+00 -0.30000000E+01
 -0.23850000E+00 -0.30000000E+01
 -0.23830000E+00 -0.30000000E+01
 -0.23810000E+00 -0.30000000E+01
 -0.23790000E+00 -0.30000000E+01
 -0.23770000E+00 -0.30000000E+01
 -0.23750000E+00 -0.30000000E+01
 -0.23730000E+00 -0.30000000E+01
 -0.23710000E+00 -0.30000000E+01
 -0.23690000E+00 -0.30000000E+01
 -0.23670000E+00 -0.30000000E+01
 -0.23650000E+00 -0.30000000E+01
 -0.23630000E+00 -0.30000000E+01
 -0.23610000E+00 -0.30000000E+01
 -0.23590000E+00 -0.30000000E+01
 -0.23570000E+00 -0.30000000E+01
 -0.23550000E+00 -0.30000000E+01
 -0.23530000E+00 -0.30000000E+01
 -0.23510000E+00 -0.30000000E+01
 -0.23490000E+00 -0.30000000E+01
 -0.23470000E+00 -0.30000000E+01
 -0.23450000E+00 -0.30000000E+01
 -0.23430000E+00 -0.30000000E+01
 -0.23410000E+00 -0.30000000E+01
 -0.23390000E+00 -0.30000000E+01
 -0.23370000E+00 -0.30000000E+01
 -0.23350000E+00 -0.30000000E+01
 -0.23330000E+00 -0.30000000E+01
 -0.23310000E+00 -0.30000000E+01
 -0.23290000E+00 -0.30000000E+01
 -0.23270000E+00 -0.30000000E+01
 -0.23250000E+00 -0.30000000E+01
 -0.23230000E+00 -0.30000000E+01
 -0.23210000E+00 -0.30000000E+01
 -0.23190000E+00 -0.30000000E+01
 -0.23170000E+00 -0.18178962E+01
 -0.23150000E+00 -0.12267116E+00
 -0.23130000E+00 -0.47593065E-01
 -0.23110000E+00 -0.38805601E-01
 -0.23090000E+00 -0.35371486E-01
 -0.23070000E+00 -0.34468204E-01
 -0.23050000E+00 -0.33383362E-01
 -0.23030000E+00 -0.33162055E-01
 -0.23010000E+00 -0.32951339E-01
 -0.22990000E+00 -0.32668726E-01
 -0.22970000E+00 -0.32600516E-01
 -0.22950000E+00 -0.32535564E-01
 -0.22930000E+00 -0.32346809E-01
 -0.22910000E+00 -0.32110389E-01
 -0.22890000E+00 -0.31935850E-01
 -0.22870000E+00 -0.31844101E-01
 -0.22850000E+00 -0.31798943E-01
 -0.22830000E+00 -0.31764554E-01
 -0.22810000E+00 -0.31725799E-01
 -0.22790000E+00 -0.31682117E-01
 -0.22770000E+00 -0.31637498E-01
 -0.22750000E+00 -0.31595328E-01
 -0.22730000E+00 -0.31557433E-01
 -0.22710000E+00 -0.31524577E-01
 -0.22690000E+00 -0.31496816E-01
 -0.22670000E+00 -0.31473434E-01
 -0.22650000E+00 -0.31452785E-01
 -0.22630000E+00 -0.31432435E-01
 -0.22610000E+00 -0.31409762E-01
 -0.22590000E+00 -0.31382823E-01
 -0.22570000E+00 -0.31351023E-01
 -0.22550000E+00 -0.31315225E-01
 -0.22530000E+00 -0.31277237E-01
 -0.22510000E+00 -0.31239031E-01
 -0.22490000E+00 -0.31202091E-01
 -0.22470000E+00 -0.31167103E-01
 -0.22450000E+00 -0.31133996E-01
 -0.22430000E+00 -0.31102176E-01
 -0.22410000E+00 -0.31070841E-01
 -0.22390000E+00 -0.31039270E-01
 -0.22370000E+00 -0.31007026E-01
 -0.22350000E+00 -0.30974030E-01
 -0.22330000E+00 -0.30940495E-01
 -0.22310000E+00 -0.30906774E-01
 -0.22290000E+00 -0.30873201E-01
 -0.22270000E+00 -0.30839974E-01
 -0.22250000E+00 -0.30807136E-01
 -0.22230000E+00 -0.30774618E-01
 -0.22210000E+00 -0.30742311E-01
 -0.22190000E+00 -0.30710137E-01
 -0.22170000E+00 -0.30678069E-01
 -0.22150000E+00 -0.30646119E-01
 -0.22130000E+00 -0.30614307E-01
 -0.22110000E+00 -0.30582631E-01
 -0.22090000E+00 -0.30551065E-01
 -0.22070000E+00 -0.30519582E-01
 -0.22050000E+00 -0.30488184E-01
 -0.22030000E+00 -0.30456918E-01
 -0.22010000E+00 -0.30425867E-01
 -0.21990000E+00 -0.30395115E-01
 -0.21970000E+00 -0.30364707E-01
 -0.21950000E+00 -0.30334628E-01
 -0.21930000E+00 -0.30304804E-01
 -0.21910000E+00 -0.30275143E-01
 -0.21890000E+00 -0.30245578E-01
 -0.21870000E+00 -0.30216100E-01
 -0.21850000E+00 -0.30186755E-01
 -0.21830000E+00 -0.30157608E-01
 -0.21810000E+00 -0.30128702E-01
 -0.21790000E+00 -0.30100022E-01
 -0.21770000E+00 -0.30071486E-01
 -0.21750000E+00 -0.30042978E-01
 -0.21730000E+00 -0.30014390E-01
 -0.21710000E+00 -0.29985656E-01
 -0.21690000E+00 -0.29956764E-01
 -0.21670000E+00 -0.29927738E-01
 -0.21650000E+00 -0.29898604E-01
 -0.21630000E+00 -0.29869362E-01
 -0.21610000E+00 -0.29839978E-01
 -0.21590000E+00 -0.29810405E-01
 -0.21570000E+00 -0.29780604E-01
 -0.21550000E+00 -0.29750567E-01
 -0.21530000E+00 -0.29720323E-01
 -0.21510000E+00 -0.29689921E-01
 -0.21490000E+00 -0.29659409E-01
 -0.21470000E+00 -0.29628820E-01
 -0.21450000E+00 -0.29598165E-01
 -0.21430000E+00 -0.29567440E-01
 -0.21410000E+00 -0.29536643E-01
 -0.21390000E+00 -0.29505781E-01
 -0.21370000E+00 -0.29474877E-01
 -0.21350000E+00 -0.29443957E-01
 -0.21330000E+00 -0.29413048E-01
 -0.21310000E+00 -0.29382166E-01
 -0.21290000E+00 -0.29351315E-01
 -0.21270000E+00 -0.29320495E-01
 -0.21250000E+00 -0.29289699E-01
 -0.21230000E+00 -0.29258930E-01
 -0.21210000E+00 -0.29228191E-01
 -0.21190000E+00 -0.29197492E-01
 -0.21170000E+00 -0.29166841E-01
 -0.21150000E+00 -0.29136244E-01
 -0.21130000E+00 -0.29105699E-01
 -0.21110000E+00 -0.29075203E-01
 -0.21090000E+00 -0.29044749E-01
 -0.21070000E+00 -0.29014333E-01
 -0.21050000E+00 -0.28983952E-01
 -0.21030000E+00 -0.28953608E-01
 -0.21010000E+00 -0.28923301E-01
 -0.20990000E+00 -0.28893031E-01
 -0.20970000E+00 -0.28862794E-01
 -0.20950000E+00 -0.28832586E-01
 -0.20930000E+00 -0.28802398E-01
 -0.20910000E+00 -0.28772226E-01
 -0.20890000E+00 -0.28742065E-01
 -0.20870000E+00 -0.28711914E-01
 -0.20850000E+00 -0.28681772E-01
 -0.20830000E+00 -0.28651638E-01
 -0.20810000E+00 -0.28621509E-01
 -0.20790000E+00 -0.28591379E-01
 -0.20770000E+00 -0.28561244E-01
 -0.20750000E+00 -0.28531100E-01
 -0.20730000E+00 -0.28500948E-01
 -0.20710000E+00 -0.28470787E-01
 -0.20690000E+00 -0.28440619E-01
 -0.20670000E+00 -0.28410443E-01
 -0.20650000E+00 -0.28380260E-01
 -0.20630000E+00 -0.28350067E-01
 -0.20610000E+00 -0.28319864E-01
 -0.20590000E+00 -0.28289654E-01
 -0.20570000E+00 -0.28259438E-01
 -0.20550000E+00 -0.28229219E-01
 -0.20530000E+00 -0.28199000E-01
 -0.20510000E+00 -0.28168784E-01
 -0.20490000E+00 -0.28138571E-01
 -0.20470000E+00 -0.28108364E-01
 -0.20450000E+00 -0.28078163E-01
 -0.20430000E+00 -0.28047972E-01
 -0.20410000E+00 -0.28017793E-01
 -0.20390000E+00 -0.27987630E-01
 -0.20370000E+00 -0.27957484E-01
 -0.20350000E+00 -0.27927356E-01
 -0.20330000E+00 -0.27897247E-01
 -0.20310000E+00 -0.27867156E-01
 -0.20290000E+00 -0.27837086E-01
 -0.20270000E+00 -0.27807035E-01
 -0.20250000E+00 -0.27777006E-01
 -0.20230000E+00 -0.27746997E-01
 -0.20210000E+00 -0.27717007E-01
 -0.20190000E+00 -0.27687034E-01
 -0.20170000E+00 -0.27657077E-01
 -0.20150000E+00 -0.27627134E-01
 -0.20130000E+00 -0.27597204E-01
 -0.20110000E+00 -0.27567286E-01
 -0.20090000E+00 -0.27537376E-01
 -0.20070000E+00 -0.27507475E-01
 -0.20050000E+00 -0.27477578E-01
 -0.20030000E+00 -0.27447685E-01
 -0.20010000E+00 -0.27417793E-01
 -0.19990000E+00 -0.27387903E-01
 -0.19970000E+00 -0.27358012E-01
 -0.19950000E+00 -0.27328121E-01
 -0.19930000E+00 -0.27298229E-01
 -0.19910000E+00 -0.27268336E-01
 -0.19890000E+00 -0.27238440E-01
 -0.19870000E+00 -0.27208544E-01
 -0.19850000E+00 -0.27178647E-01
 -0.19830000E+00 -0.27148751E-01
 -0.19810000E+00 -0.27118857E-01
 -0.19790000E+00 -0.27088965E-01
 -0.19770000E+00 -0.27059076E-01
 -0.19750000E+00 -0.27029193E-01
 -0.19730000E+00 -0.26999315E-01
 -0.19710000E+00 -0.26969445E-01
 -0.19690000E+00 -0.26939582E-01
 -0.19670000E+00 -0.26909729E-01
 -0.19650000E+00 -0.26879886E-01
 -0.19630000E+00 -0.26850054E-01
 -0.19610000E+00 -0.26820232E-01
 -0.19590000E+00 -0.26790421E-01
 -0.19570000E+00 -0.26760622E-01
 -0.19550000E+00 -0.26730834E-01
 -0.19530000E+00 -0.26701057E-01
 -0.19510000E+00 -0.26671290E-01
 -0.19490000E+00 -0.26641533E-01
 -0.19470000E+00 -0.26611786E-01
 -0.19450000E+00 -0.26582046E-01
 -0.19430000E+00 -0.26552315E-01
 -0.19410000E+00 -0.26522591E-01
 -0.19390000E+00 -0.26492872E-01
 -0.19370000E+00 -0.26463159E-01
 -0.19350000E+00 -0.26433450E-01
 -0.19330000E+00 -0.26403744E-01
 -0.19310000E+00 -0.26374042E-01
 -0.19290000E+00 -0.26344343E-01
 -0.19270000E+00 -0.26314646E-01
 -0.19250000E+00 -0.26284951E-01
 -0.19230000E+00 -0.26255258E-01
 -0.19210000E+00 -0.26225566E-01
 -0.19190000E+00 -0.26195877E-01
 -0.19170000E+00 -0.26166190E-01
 -0.19150000E+00 -0.26136506E-01
 -0.19130000E+00 -0.26106825E-01
 -0.19110000E+00 -0.26077147E-01
 -0.19090000E+00 -0.26047473E-01
 -0.19070000E+00 -0.26017804E-01
 -0.19050000E+00 -0.25988140E-01
 -0.19030000E+00 -0.25958481E-01
 -0.19010000E+00 -0.25928829E-01
 -0.18990000E+00 -0.25899183E-01
 -0.18970000E+00 -0.25869544E-01
 -0.18950000E+00 -0.25839912E-01
 -0.18930000E+00 -0.25810288E-01
 -0.18910000E+00 -0.25780671E-01
 -0.18890000E+00 -0.25751062E-01
 -0.18870000E+00 -0.25721461E-01
 -0.18850000E+00 -0.25691867E-01
 -0.18830000E+00 -0.25662280E-01
 -0.18810000E+00 -0.25632701E-01
 -0.18790000E+00 -0.25603128E-01
 -0.18770000E+00 -0.25573562E-01
 -0.18750000E+00 -0.25544002E-01
 -0.18730000E+00 -0.25514447E-01
 -0.18710000E+00 -0.25484898E-01
 -0.18690000E+00 -0.25455353E-01
 -0.18670000E+00 -0.25425813E-01
 -0.18650000E+00 -0.25396277E-01
 -0.18630000E+00 -0.25366744E-01
 -0.18610000E+00 -0.25337215E-01
 -0.18590000E+00 -0.25307690E-01
 -0.18570000E+00 -0.25278168E-01
 -0.18550000E+00 -0.25248649E-01
 -0.18530000E+00 -0.25219134E-01
 -0.18510000E+00 -0.25189622E-01
 -0.18490000E+00 -0.25160115E-01
 -0.18470000E+00 -0.25130611E-01
 -0.18450000E+00 -0.25101111E-01
 -0.18430000E+00 -0.25071617E-01
 -0.18410000E+00 -0.25042127E-01
 -0.18390000E+00 -0.25012642E-01
 -0.18370000E+00 -0.24983163E-01
 -0.18350000E+00 -0.24953690E-01
 -0.18330000E+00 -0.24924223E-01
 -0.18310000E+00 -0.24894762E-01
 -0.18290000E+00 -0.24865307E-01
 -0.18270000E+00 -0.24835860E-01
 -0.18250000E+00 -0.24806418E-01
 -0.18230000E+00 -0.24776984E-01
 -0.18210000E+00 -0.24747555E-01
 -0.18190000E+00 -0.24718134E-01
 -0.18170000E+00 -0.24688718E-01
 -0.18150000E+00 -0.24659308E-01
 -0.18130000E+00 -0.24629904E-01
 -0.18110000E+00 -0.24600506E-01
 -0.18090000E+00 -0.24571113E-01
 -0.18070000E+00 -0.24541725E-01
 -0.18050000E+00 -0.24512342E-01
 -0.18030000E+00 -0.24482964E-01
 -0.18010000E+00 -0.24453590E-01
 -0.17990000E+00 -0.24424221E-01
 -0.17970000E+00 -0.24394855E-01
 -0.17950000E+00 -0.24365494E-01
 -0.17930000E+00 -0.24336138E-01
 -0.17910000E+00 -0.24306785E-01
 -0.17890000E+00 -0.24277437E-01
 -0.17870000E+00 -0.24248093E-01
 -0.17850000E+00 -0.24218754E-01
 -0.17830000E+00 -0.24189420E-01
 -0.17810000E+00 -0.24160090E-01
 -0.17790000E+00 -0.24130766E-01
 -0.17770000E+00 -0.24101447E-01
 -0.17750000E+00 -0.24072134E-01
 -0.17730000E+00 -0.24042826E-01
 -0.17710000E+00 -0.24013524E-01
 -0.17690000E+00 -0.23984228E-01
 -0.17670000E+00 -0.23954938E-01
 -0.17650000E+00 -0.23925654E-01
 -0.17630000E+00 -0.23896377E-01
 -0.17610000E+00 -0.23867105E-01
 -0.17590000E+00 -0.23837839E-01
 -0.17570000E+00 -0.23808579E-01
 -0.17550000E+00 -0.23779325E-01
 -0.17530000E+00 -0.23750076E-01
 -0.17510000E+00 -0.23720833E-01
 -0.17490000E+00 -0.23691595E-01
 -0.17470000E+00 -0.23662363E-01
 -0.17450000E+00 -0.23633136E-01
 -0.17430000E+00 -0.23603914E-01
 -0.17410000E+00 -0.23574697E-01
 -0.17390000E+00 -0.23545484E-01
 -0.17370000E+00 -0.23516277E-01
 -0.17350000E+00 -0.23487074E-01
 -0.17330000E+00 -0.23457876E-01
 -0.17310000E+00 -0.23428684E-01
 -0.17290000E+00 -0.23399495E-01
 -0.17270000E+00 -0.23370312E-01
 -0.17250000E+00 -0.23341135E-01
 -0.17230000E+00 -0.23311962E-01
 -0.17210000E+00 -0.23282794E-01
 -0.17190000E+00 -0.23253632E-01
 -0.17170000E+00 -0.23224476E-01
 -0.17150000E+00 -0.23195325E-01
 -0.17130000E+00 -0.23166180E-01
 -0.17110000E+00 -0.23137040E-01
 -0.17090000E+00 -0.23107907E-01
 -0.17070000E+00 -0.23078779E-01
 -0.17050000E+00 -0.23049657E-01
 -0.17030000E+00 -0.23020541E-01
 -0.17010000E+00 -0.22991431E-01
 -0.16990000E+00 -0.22962327E-01
 -0.16970000E+00 -0.22933229E-01
 -0.16950000E+00 -0.22904136E-01
 -0.16930000E+00 -0.22875049E-01
 -0.16910000E+00 -0.22845967E-01
 -0.16890000E+00 -0.22816891E-01
 -0.16870000E+00 -0.22787820E-01
 -0.16850000E+00 -0.22758755E-01
 -0.16830000E+00 -0.22729694E-01
 -0.16810000E+00 -0.22700639E-01
 -0.16790000E+00 -0.22671589E-01
 -0.16770000E+00 -0.22642544E-01
 -0.16750000E+00 -0.22613505E-01
 -0.16730000E+00 -0.22584470E-01
 -0.16710000E+00 -0.22555441E-01
 -0.16690000E+00 -0.22526417E-01
 -0.16670000E+00 -0.22497399E-01
 -0.16650000E+00 -0.22468385E-01
 -0.16630000E+00 -0.22439378E-01
 -0.16610000E+00 -0.22410375E-01
 -0.16590000E+00 -0.22381379E-01
 -0.16570000E+00 -0.22352388E-01
 -0.16550000E+00 -0.22323402E-01
 -0.16530000E+00 -0.22294423E-01
 -0.16510000E+00 -0.22265449E-01
 -0.16490000E+00 -0.22236482E-01
 -0.16470000E+00 -0.22207520E-01
 -0.16450000E+00 -0.22178564E-01
 -0.16430000E+00 -0.22149614E-01
 -0.16410000E+00 -0.22120670E-01
 -0.16390000E+00 -0.22091731E-01
 -0.16370000E+00 -0.22062799E-01
 -0.16350000E+00 -0.22033872E-01
 -0.16330000E+00 -0.22004950E-01
 -0.16310000E+00 -0.21976035E-01
 -0.16290000E+00 -0.21947124E-01
 -0.16270000E+00 -0.21918219E-01
 -0.16250000E+00 -0.21889320E-01
 -0.16230000E+00 -0.21860425E-01
 -0.16210000E+00 -0.21831536E-01
 -0.16190000E+00 -0.21802653E-01
 -0.16170000E+00 -0.21773774E-01
 -0.16150000E+00 -0.21744901E-01
 -0.16130000E+00 -0.21716033E-01
 -0.16110000E+00 -0.21687170E-01
 -0.16090000E+00 -0.21658313E-01
 -0.16070000E+00 -0.21629460E-01
 -0.16050000E+00 -0.21600614E-01
 -0.16030000E+00 -0.21571773E-01
 -0.16010000E+00 -0.21542937E-01
 -0.15990000E+00 -0.21514107E-01
 -0.15970000E+00 -0.21485283E-01
 -0.15950000E+00 -0.21456464E-01
 -0.15930000E+00 -0.21427651E-01
 -0.15910000E+00 -0.21398844E-01
 -0.15890000E+00 -0.21370042E-01
 -0.15870000E+00 -0.21341247E-01
 -0.15850000E+00 -0.21312457E-01
 -0.15830000E+00 -0.21283672E-01
 -0.15810000E+00 -0.21254894E-01
 -0.15790000E+00 -0.21226121E-01
 -0.15770000E+00 -0.21197354E-01
 -0.15750000E+00 -0.21168592E-01
 -0.15730000E+00 -0.21139836E-01
 -0.15710000E+00 -0.21111086E-01
 -0.15690000E+00 -0.21082341E-01
 -0.15670000E+00 -0.21053601E-01
 -0.15650000E+00 -0.21024867E-01
 -0.15630000E+00 -0.20996139E-01
 -0.15610000E+00 -0.20967416E-01
 -0.15590000E+00 -0.20938698E-01
 -0.15570000E+00 -0.20909986E-01
 -0.15550000E+00 -0.20881279E-01
 -0.15530000E+00 -0.20852578E-01
 -0.15510000E+00 -0.20823883E-01
 -0.15490000E+00 -0.20795192E-01
 -0.15470000E+00 -0.20766508E-01
 -0.15450000E+00 -0.20737829E-01
 -0.15430000E+00 -0.20709155E-01
 -0.15410000E+00 -0.20680488E-01
 -0.15390000E+00 -0.20651826E-01
 -0.15370000E+00 -0.20623169E-01
 -0.15350000E+00 -0.20594518E-01
 -0.15330000E+00 -0.20565873E-01
 -0.15310000E+00 -0.20537234E-01
 -0.15290000E+00 -0.20508600E-01
 -0.15270000E+00 -0.20479971E-01
 -0.15250000E+00 -0.20451349E-01
 -0.15230000E+00 -0.20422732E-01
 -0.15210000E+00 -0.20394120E-01
 -0.15190000E+00 -0.20365514E-01
 -0.15170000E+00 -0.20336913E-01
 -0.15150000E+00 -0.20308318E-01
 -0.15130000E+00 -0.20279728E-01
 -0.15110000E+00 -0.20251144E-01
 -0.15090000E+00 -0.20222565E-01
 -0.15070000E+00 -0.20193992E-01
 -0.15050000E+00 -0.20165424E-01
 -0.15030000E+00 -0.20136861E-01
 -0.15010000E+00 -0.20108304E-01
 -0.14990000E+00 -0.20079752E-01
 -0.14970000E+00 -0.20051206E-01
 -0.14950000E+00 -0.20022665E-01
 -0.14930000E+00 -0.19994130E-01
 -0.14910000E+00 -0.19965600E-01
 -0.14890000E+00 -0.19937076E-01
 -0.14870000E+00 -0.19908557E-01
 -0.14850000E+00 -0.19880044E-01
 -0.14830000E+00 -0.19851537E-01
 -0.14810000E+00 -0.19823035E-01
 -0.14790000E+00 -0.19794538E-01
 -0.14770000E+00 -0.19766048E-01
 -0.14750000E+00 -0.19737562E-01
 -0.14730000E+00 -0.19709083E-01
 -0.14710000E+00 -0.19680609E-01
 -0.14690000E+00 -0.19652140E-01
 -0.14670000E+00 -0.19623677E-01
 -0.14650000E+00 -0.19595220E-01
 -0.14630000E+00 -0.19566768E-01
 -0.14610000E+00 -0.19538321E-01
 -0.14590000E+00 -0.19509880E-01
 -0.14570000E+00 -0.19481445E-01
 -0.14550000E+00 -0.19453015E-01
 -0.14530000E+00 -0.19424590E-01
 -0.14510000E+00 -0.19396171E-01
 -0.14490000E+00 -0.19367757E-01
 -0.14470000E+00 -0.19339349E-01
 -0.14450000E+00 -0.19310946E-01
 -0.14430000E+00 -0.19282549E-01
 -0.14410000E+00 -0.19254157E-01
 -0.14390000E+00 -0.19225771E-01
 -0.14370000E+00 -0.19197390E-01
 -0.14350000E+00 -0.19169015E-01
 -0.14330000E+00 -0.19140645E-01
 -0.14310000E+00 -0.19112281E-01
 -0.14290000E+00 -0.19083923E-01
 -0.14270000E+00 -0.19055570E-01
 -0.14250000E+00 -0.19027222E-01
 -0.14230000E+00 -0.18998880E-01
 -0.14210000E+00 -0.18970543E-01
 -0.14190000E+00 -0.18942212E-01
 -0.14170000E+00 -0.18913887E-01
 -0.14150000E+00 -0.18885567E-01
 -0.14130000E+00 -0.18857252E-01
 -0.14110000E+00 -0.18828943E-01
 -0.14090000E+00 -0.18800640E-01
 -0.14070000E+00 -0.18772342E-01
 -0.14050000E+00 -0.18744049E-01
 -0.14030000E+00 -0.18715761E-01
 -0.14010000E+00 -0.18687480E-01
 -0.13990000E+00 -0.18659203E-01
 -0.13970000E+00 -0.18630932E-01
 -0.13950000E+00 -0.18602666E-01
 -0.13930000E+00 -0.18574406E-01
 -0.13910000E+00 -0.18546151E-01
 -0.13890000E+00 -0.18517902E-01
 -0.13870000E+00 -0.18489658E-01
 -0.13850000E+00 -0.18461420E-01
 -0.13830000E+00 -0.18433187E-01
 -0.13810000E+00 -0.18404959E-01
 -0.13790000E+00 -0.18376737E-01
 -0.13770000E+00 -0.18348520E-01
 -0.13750000E+00 -0.18320309E-01
 -0.13730000E+00 -0.18292103E-01
 -0.13710000E+00 -0.18263903E-01
 -0.13690000E+00 -0.18235708E-01
 -0.13670000E+00 -0.18207519E-01
 -0.13650000E+00 -0.18179335E-01
 -0.13630000E+00 -0.18151156E-01
 -0.13610000E+00 -0.18122983E-01
 -0.13590000E+00 -0.18094815E-01
 -0.13570000E+00 -0.18066653E-01
 -0.13550000E+00 -0.18038496E-01
 -0.13530000E+00 -0.18010344E-01
 -0.13510000E+00 -0.17982198E-01
 -0.13490000E+00 -0.17954057E-01
 -0.13470000E+00 -0.17925922E-01
 -0.13450000E+00 -0.17897792E-01
 -0.13430000E+00 -0.17869667E-01
 -0.13410000E+00 -0.17841548E-01
 -0.13390000E+00 -0.17813434E-01
 -0.13370000E+00 -0.17785325E-01
 -0.13350000E+00 -0.17757222E-01
 -0.13330000E+00 -0.17729124E-01
 -0.13310000E+00 -0.17701032E-01
 -0.13290000E+00 -0.17672945E-01
 -0.13270000E+00 -0.17644863E-01
 -0.13250000E+00 -0.17616787E-01
 -0.13230000E+00 -0.17588716E-01
 -0.13210000E+00 -0.17560651E-01
 -0.13190000E+00 -0.17532591E-01
 -0.13170000E+00 -0.17504536E-01
 -0.13150000E+00 -0.17476487E-01
 -0.13130000E+00 -0.17448443E-01
 -0.13110000E+00 -0.17420405E-01
 -0.13090000E+00 -0.17392372E-01
 -0.13070000E+00 -0.17364344E-01
 -0.13050000E+00 -0.17336322E-01
 -0.13030000E+00 -0.17308305E-01
 -0.13010000E+00 -0.17280293E-01
 -0.12990000E+00 -0.17252286E-01
 -0.12970000E+00 -0.17224285E-01
 -0.12950000E+00 -0.17196290E-01
 -0.12930000E+00 -0.17168299E-01
 -0.12910000E+00 -0.17140314E-01
 -0.12890000E+00 -0.17112334E-01
 -0.12870000E+00 -0.17084360E-01
 -0.12850000E+00 -0.17056391E-01
 -0.12830000E+00 -0.17028427E-01
 -0.12810000E+00 -0.17000469E-01
 -0.12790000E+00 -0.16972516E-01
 -0.12770000E+00 -0.16944568E-01
 -0.12750000E+00 -0.16916626E-01
 -0.12730000E+00 -0.16888689E-01
 -0.12710000E+00 -0.16860757E-01
 -0.12690000E+00 -0.16832831E-01
 -0.12670000E+00 -0.16804910E-01
 -0.12650000E+00 -0.16776994E-01
 -0.12630000E+00 -0.16749084E-01
 -0.12610000E+00 -0.16721179E-01
 -0.12590000E+00 -0.16693279E-01
 -0.12570000E+00 -0.16665385E-01
 -0.12550000E+00 -0.16637496E-01
 -0.12530000E+00 -0.16609612E-01
 -0.12510000E+00 -0.16581734E-01
 -0.12490000E+00 -0.16553860E-01
 -0.12470000E+00 -0.16525993E-01
 -0.12450000E+00 -0.16498130E-01
 -0.12430000E+00 -0.16470273E-01
 -0.12410000E+00 -0.16442420E-01
 -0.12390000E+00 -0.16414574E-01
 -0.12370000E+00 -0.16386732E-01
 -0.12350000E+00 -0.16358896E-01
 -0.12330000E+00 -0.16331065E-01
 -0.12310000E+00 -0.16303239E-01
 -0.12290000E+00 -0.16275419E-01
 -0.12270000E+00 -0.16247604E-01
 -0.12250000E+00 -0.16219794E-01
 -0.12230000E+00 -0.16191989E-01
 -0.12210000E+00 -0.16164190E-01
 -0.12190000E+00 -0.16136396E-01
 -0.12170000E+00 -0.16108608E-01
 -0.12150000E+00 -0.16080824E-01
 -0.12130000E+00 -0.16053046E-01
 -0.12110000E+00 -0.16025273E-01
 -0.12090000E+00 -0.15997505E-01
 -0.12070000E+00 -0.15969743E-01
 -0.12050000E+00 -0.15941986E-01
 -0.12030000E+00 -0.15914234E-01
 -0.12010000E+00 -0.15886487E-01
 -0.11990000E+00 -0.15858745E-01
 -0.11970000E+00 -0.15831009E-01
 -0.11950000E+00 -0.15803278E-01
 -0.11930000E+00 -0.15775552E-01
 -0.11910000E+00 -0.15747832E-01
 -0.11890000E+00 -0.15720116E-01
 -0.11870000E+00 -0.15692406E-01
 -0.11850000E+00 -0.15664701E-01
 -0.11830000E+00 -0.15637002E-01
 -0.11810000E+00 -0.15609307E-01
 -0.11790000E+00 -0.15581618E-01
 -0.11770000E+00 -0.15553934E-01
 -0.11750000E+00 -0.15526256E-01
 -0.11730000E+00 -0.15498582E-01
 -0.11710000E+00 -0.15470914E-01
 -0.11690000E+00 -0.15443251E-01
 -0.11670000E+00 -0.15415593E-01
 -0.11650000E+00 -0.15387940E-01
 -0.11630000E+00 -0.15360293E-01
 -0.11610000E+00 -0.15332651E-01
 -0.11590000E+00 -0.15305014E-01
 -0.11570000E+00 -0.15277382E-01
 -0.11550000E+00 -0.15249755E-01
 -0.11530000E+00 -0.15222134E-01
 -0.11510000E+00 -0.15194517E-01
 -0.11490000E+00 -0.15166906E-01
 -0.11470000E+00 -0.15139300E-01
 -0.11450000E+00 -0.15111700E-01
 -0.11430000E+00 -0.15084104E-01
 -0.11410000E+00 -0.15056514E-01
 -0.11390000E+00 -0.15028929E-01
 -0.11370000E+00 -0.15001349E-01
 -0.11350000E+00 -0.14973774E-01
 -0.11330000E+00 -0.14946204E-01
 -0.11310000E+00 -0.14918640E-01
 -0.11290000E+00 -0.14891080E-01
 -0.11270000E+00 -0.14863526E-01
 -0.11250000E+00 -0.14835977E-01
 -0.11230000E+00 -0.14808434E-01
 -0.11210000E+00 -0.14780895E-01
 -0.11190000E+00 -0.14753361E-01
 -0.11170000E+00 -0.14725833E-01
 -0.11150000E+00 -0.14698310E-01
 -0.11130000E+00 -0.14670792E-01
 -0.11110000E+00 -0.14643279E-01
 -0.11090000E+00 -0.14615771E-01
 -0.11070000E+00 -0.14588269E-01
 -0.11050000E+00 -0.14560771E-01
 -0.11030000E+00 -0.14533279E-01
 -0.11010000E+00 -0.14505792E-01
 -0.10990000E+00 -0.14478309E-01
 -0.10970000E+00 -0.14450833E-01
 -0.10950000E+00 -0.14423361E-01
 -0.10930000E+00 -0.14395894E-01
 -0.10910000E+00 -0.14368432E-01
 -0.10890000E+00 -0.14340976E-01
 -0.10870000E+00 -0.14313525E-01
 -0.10850000E+00 -0.14286079E-01
 -0.10830000E+00 -0.14258637E-01
 -0.10810000E+00 -0.14231202E-01
 -0.10790000E+00 -0.14203771E-01
 -0.10770000E+00 -0.14176345E-01
 -0.10750000E+00 -0.14148924E-01
 -0.10730000E+00 -0.14121509E-01
 -0.10710000E+00 -0.14094099E-01
 -0.10690000E+00 -0.14066693E-01
 -0.10670000E+00 -0.14039293E-01
 -0.10650000E+00 -0.14011898E-01
 -0.10630000E+00 -0.13984508E-01
 -0.10610000E+00 -0.13957123E-01
 -0.10590000E+00 -0.13929743E-01
 -0.10570000E+00 -0.13902369E-01
 -0.10550000E+00 -0.13874999E-01
 -0.10530000E+00 -0.13847635E-01
 -0.10510000E+00 -0.13820275E-01
 -0.10490000E+00 -0.13792921E-01
 -0.10470000E+00 -0.13765571E-01
 -0.10450000E+00 -0.13738227E-01
 -0.10430000E+00 -0.13710888E-01
 -0.10410000E+00 -0.13683554E-01
 -0.10390000E+00 -0.13656225E-01
 -0.10370000E+00 -0.13628901E-01
 -0.10350000E+00 -0.13601582E-01
 -0.10330000E+00 -0.13574268E-01
 -0.10310000E+00 -0.13546960E-01
 -0.10290000E+00 -0.13519656E-01
 -0.10270000E+00 -0.13492357E-01
 -0.10250000E+00 -0.13465064E-01
 -0.10230000E+00 -0.13437775E-01
 -0.10210000E+00 -0.13410492E-01
 -0.10190000E+00 -0.13383214E-01
 -0.10170000E+00 -0.13355940E-01
 -0.10150000E+00 -0.13328672E-01
 -0.10130000E+00 -0.13301409E-01
 -0.10110000E+00 -0.13274150E-01
 -0.10090000E+00 -0.13246897E-01
 -0.10070000E+00 -0.13219649E-01
 -0.10050000E+00 -0.13192406E-01
 -0.10030000E+00 -0.13165168E-01
 -0.10010000E+00 -0.13137935E-01
 -0.99900000E-01 -0.13110707E-01
 -0.99700000E-01 -0.13083484E-01
 -0.99500000E-01 -0.13056266E-01
 -0.99300000E-01 -0.13029053E-01
 -0.99100000E-01 -0.13001845E-01
 -0.98900000E-01 -0.12974642E-01
 -0.98700000E-01 -0.12947444E-01
 -0.98500000E-01 -0.12920251E-01
 -0.98300000E-01 -0.12893063E-01
 -0.98100000E-01 -0.12865880E-01
 -0.97900000E-01 -0.12838702E-01
 -0.97700000E-01 -0.12811529E-01
 -0.97500000E-01 -0.12784361E-01
 -0.97300000E-01 -0.12757198E-01
 -0.97100000E-01 -0.12730041E-01
 -0.96900000E-01 -0.12702888E-01
 -0.96700000E-01 -0.12675740E-01
 -0.96500000E-01 -0.12648597E-01
 -0.96300000E-01 -0.12621459E-01
 -0.96100000E-01 -0.12594326E-01
 -0.95900000E-01 -0.12567198E-01
 -0.95700000E-01 -0.12540075E-01
 -0.95500000E-01 -0.12512957E-01
 -0.95300000E-01 -0.12485843E-01
 -0.95100000E-01 -0.12458735E-01
 -0.94900000E-01 -0.12431632E-01
 -0.94700000E-01 -0.12404534E-01
 -0.94500000E-01 -0.12377441E-01
 -0.94300000E-01 -0.12350352E-01
 -0.94100000E-01 -0.12323269E-01
 -0.93900000E-01 -0.12296191E-01
 -0.93700000E-01 -0.12269117E-01
 -0.93500000E-01 -0.12242049E-01
 -0.93300000E-01 -0.12214986E-01
 -0.93100000E-01 -0.12187927E-01
 -0.92900000E-01 -0.12160873E-01
 -0.92700000E-01 -0.12133825E-01
 -0.92500000E-01 -0.12106781E-01
 -0.92300000E-01 -0.12079742E-01
 -0.92100000E-01 -0.12052708E-01
 -0.91900000E-01 -0.12025680E-01
 -0.91700000E-01 -0.11998656E-01
 -0.91500000E-01 -0.11971637E-01
 -0.91300000E-01 -0.11944622E-01
 -0.91100000E-01 -0.11917613E-01
 -0.90900000E-01 -0.11890609E-01
 -0.90700000E-01 -0.11863610E-01
 -0.90500000E-01 -0.11836615E-01
 -0.90300000E-01 -0.11809626E-01
 -0.90100000E-01 -0.11782641E-01
 -0.89900000E-01 -0.11755661E-01
 -0.89700000E-01 -0.11728687E-01
 -0.89500000E-01 -0.11701717E-01
 -0.89300000E-01 -0.11674752E-01
 -0.89100000E-01 -0.11647792E-01
 -0.88900000E-01 -0.11620837E-01
 -0.88700000E-01 -0.11593887E-01
 -0.88500000E-01 -0.11566941E-01
 -0.88300000E-01 -0.11540001E-01
 -0.88100000E-01 -0.11513065E-01
 -0.87900000E-01 -0.11486134E-01
 -0.87700000E-01 -0.11459209E-01
 -0.87500000E-01 -0.11432288E-01
 -0.87300000E-01 -0.11405372E-01
 -0.87100000E-01 -0.11378461E-01
 -0.86900000E-01 -0.11351554E-01
 -0.86700000E-01 -0.11324653E-01
 -0.86500000E-01 -0.11297756E-01
 -0.86300000E-01 -0.11270865E-01
 -0.86100000E-01 -0.11243978E-01
 -0.85900000E-01 -0.11217096E-01
 -0.85700000E-01 -0.11190219E-01
 -0.85500000E-01 -0.11163347E-01
 -0.85300000E-01 -0.11136480E-01
 -0.85100000E-01 -0.11109617E-01
 -0.84900000E-01 -0.11082760E-01
 -0.84700000E-01 -0.11055907E-01
 -0.84500000E-01 -0.11029059E-01
 -0.84300000E-01 -0.11002216E-01
 -0.84100000E-01 -0.10975378E-01
 -0.83900000E-01 -0.10948544E-01
 -0.83700000E-01 -0.10921716E-01
 -0.83500000E-01 -0.10894892E-01
 -0.83300000E-01 -0.10868073E-01
 -0.83100000E-01 -0.10841259E-01
 -0.82900000E-01 -0.10814449E-01
 -0.82700000E-01 -0.10787645E-01
 -0.82500000E-01 -0.10760845E-01
 -0.82300000E-01 -0.10734050E-01
 -0.82100000E-01 -0.10707260E-01
 -0.81900000E-01 -0.10680475E-01
 -0.81700000E-01 -0.10653694E-01
 -0.81500000E-01 -0.10626919E-01
 -0.81300000E-01 -0.10600148E-01
 -0.81100000E-01 -0.10573381E-01
 -0.80900000E-01 -0.10546620E-01
 -0.80700000E-01 -0.10519863E-01
 -0.80500000E-01 -0.10493112E-01
 -0.80300000E-01 -0.10466365E-01
 -0.80100000E-01 -0.10439622E-01
 -0.79900000E-01 -0.10412885E-01
 -0.79700000E-01 -0.10386152E-01
 -0.79500000E-01 -0.10359424E-01
 -0.79300000E-01 -0.10332700E-01
 -0.79100000E-01 -0.10305982E-01
 -0.78900000E-01 -0.10279268E-01
 -0.78700000E-01 -0.10252559E-01
 -0.78500000E-01 -0.10225855E-01
 -0.78300000E-01 -0.10199155E-01
 -0.78100000E-01 -0.10172460E-01
 -0.77900000E-01 -0.10145770E-01
 -0.77700000E-01 -0.10119085E-01
 -0.77500000E-01 -0.10092404E-01
 -0.77300000E-01 -0.10065728E-01
 -0.77100000E-01 -0.10039057E-01
 -0.76900000E-01 -0.10012391E-01
 -0.76700000E-01 -0.99857289E-02
 -0.76500000E-01 -0.99590719E-02
 -0.76300000E-01 -0.99324197E-02
 -0.76100000E-01 -0.99057723E-02
 -0.75900000E-01 -0.98791296E-02
 -0.75700000E-01 -0.98524916E-02
 -0.75500000E-01 -0.98258584E-02
 -0.75300000E-01 -0.97992299E-02
 -0.75100000E-01 -0.97726062E-02
 -0.74900000E-01 -0.97459872E-02
 -0.74700000E-01 -0.97193729E-02
 -0.74500000E-01 -0.96927633E-02
 -0.74300000E-01 -0.96661585E-02
 -0.74100000E-01 -0.96395584E-02
 -0.73900000E-01 -0.96129630E-02
 -0.73700000E-01 -0.95863724E-02
 -0.73500000E-01 -0.95597864E-02
 -0.73300000E-01 -0.95332052E-02
 -0.73100000E-01 -0.95066286E-02
 -0.72900000E-01 -0.94800567E-02
 -0.72700000E-01 -0.94534895E-02
 -0.72500000E-01 -0.94269270E-02
 -0.72300000E-01 -0.94003691E-02
 -0.72100000E-01 -0.93738159E-02
 -0.71900000E-01 -0.93472673E-02
 -0.71700000E-01 -0.93207234E-02
 -0.71500000E-01 -0.92941841E-02
 -0.71300000E-01 -0.92676494E-02
 -0.71100000E-01 -0.92411193E-02
 -0.70900000E-01 -0.92145939E-02
 -0.70700000E-01 -0.91880730E-02
 -0.70500000E-01 -0.91615568E-02
 -0.70300000E-01 -0.91350451E-02
 -0.70100000E-01 -0.91085381E-02
 -0.69900000E-01 -0.90820356E-02
 -0.69700000E-01 -0.90555378E-02
 -0.69500000E-01 -0.90290446E-02
 -0.69300000E-01 -0.90025559E-02
 -0.69100000E-01 -0.89760719E-02
 -0.68900000E-01 -0.89495925E-02
 -0.68700000E-01 -0.89231177E-02
 -0.68500000E-01 -0.88966475E-02
 -0.68300000E-01 -0.88701819E-02
 -0.68100000E-01 -0.88437208E-02
 -0.67900000E-01 -0.88172644E-02
 -0.67700000E-01 -0.87908126E-02
 -0.67500000E-01 -0.87643654E-02
 -0.67300000E-01 -0.87379227E-02
 -0.67100000E-01 -0.87114847E-02
 -0.66900000E-01 -0.86850512E-02
 -0.66700000E-01 -0.86586222E-02
 -0.66500000E-01 -0.86321978E-02
 -0.66300000E-01 -0.86057780E-02
 -0.66100000E-01 -0.85793627E-02
 -0.65900000E-01 -0.85529519E-02
 -0.65700000E-01 -0.85265457E-02
 -0.65500000E-01 -0.85001440E-02
 -0.65300000E-01 -0.84737469E-02
 -0.65100000E-01 -0.84473542E-02
 -0.64900000E-01 -0.84209661E-02
 -0.64700000E-01 -0.83945825E-02
 -0.64500000E-01 -0.83682034E-02
 -0.64300000E-01 -0.83418288E-02
 -0.64100000E-01 -0.83154588E-02
 -0.63900000E-01 -0.82890932E-02
 -0.63700000E-01 -0.82627321E-02
 -0.63500000E-01 -0.82363756E-02
 -0.63300000E-01 -0.82100235E-02
 -0.63100000E-01 -0.81836759E-02
 -0.62900000E-01 -0.81573328E-02
 -0.62700000E-01 -0.81309942E-02
 -0.62500000E-01 -0.81046601E-02
 -0.62300000E-01 -0.80783304E-02
 -0.62100000E-01 -0.80520052E-02
 -0.61900000E-01 -0.80256845E-02
 -0.61700000E-01 -0.79993682E-02
 -0.61500000E-01 -0.79730564E-02
 -0.61300000E-01 -0.79467490E-02
 -0.61100000E-01 -0.79204461E-02
 -0.60900000E-01 -0.78941476E-02
 -0.60700000E-01 -0.78678536E-02
 -0.60500000E-01 -0.78415640E-02
 -0.60300000E-01 -0.78152788E-02
 -0.60100000E-01 -0.77889981E-02
 -0.59900000E-01 -0.77627217E-02
 -0.59700000E-01 -0.77364498E-02
 -0.59500000E-01 -0.77101823E-02
 -0.59300000E-01 -0.76839191E-02
 -0.59100000E-01 -0.76576604E-02
 -0.58900000E-01 -0.76314061E-02
 -0.58700000E-01 -0.76051562E-02
 -0.58500000E-01 -0.75789106E-02
 -0.58300000E-01 -0.75526695E-02
 -0.58100000E-01 -0.75264327E-02
 -0.57900000E-01 -0.75002003E-02
 -0.57700000E-01 -0.74739723E-02
 -0.57500000E-01 -0.74477486E-02
 -0.57300000E-01 -0.74215293E-02
 -0.57100000E-01 -0.73953144E-02
 -0.56900000E-01 -0.73691038E-02
 -0.56700000E-01 -0.73428975E-02
 -0.56500000E-01 -0.73166956E-02
 -0.56300000E-01 -0.72904980E-02
 -0.56100000E-01 -0.72643048E-02
 -0.55900000E-01 -0.72381159E-02
 -0.55700000E-01 -0.72119313E-02
 -0.55500000E-01 -0.71857511E-02
 -0.55300000E-01 -0.71595751E-02
 -0.55100000E-01 -0.71334035E-02
 -0.54900000E-01 -0.71072362E-02
 -0.54700000E-01 -0.70810732E-02
 -0.54500000E-01 -0.70549145E-02
 -0.54300000E-01 -0.70287601E-02
 -0.54100000E-01 -0.70026100E-02
 -0.53900000E-01 -0.69764642E-02
 -0.53700000E-01 -0.69503227E-02
 -0.53500000E-01 -0.69241854E-02
 -0.53300000E-01 -0.68980525E-02
 -0.53100000E-01 -0.68719238E-02
 -0.52900000E-01 -0.68457994E-02
 -0.52700000E-01 -0.68196792E-02
 -0.52500000E-01 -0.67935633E-02
 -0.52300000E-01 -0.67674517E-02
 -0.52100000E-01 -0.67413443E-02
 -0.51900000E-01 -0.67152412E-02
 -0.51700000E-01 -0.66891423E-02
 -0.51500000E-01 -0.66630476E-02
 -0.51300000E-01 -0.66369572E-02
 -0.51100000E-01 -0.66108710E-02
 -0.50900000E-01 -0.65847891E-02
 -0.50700000E-01 -0.65587113E-02
 -0.50500000E-01 -0.65326378E-02
 -0.50300000E-01 -0.65065685E-02
 -0.50100000E-01 -0.64805034E-02
 -0.49900000E-01 -0.64544426E-02
 -0.49700000E-01 -0.64283859E-02
 -0.49500000E-01 -0.64023334E-02
 -0.49300000E-01 -0.63762851E-02
 -0.49100000E-01 -0.63502410E-02
 -0.48900000E-01 -0.63242011E-02
 -0.48700000E-01 -0.62981653E-02
 -0.48500000E-01 -0.62721337E-02
 -0.48300000E-01 -0.62461063E-02
 -0.48100000E-01 -0.62200831E-02
 -0.47900000E-01 -0.61940640E-02
 -0.47700000E-01 -0.61680491E-02
 -0.47500000E-01 -0.61420383E-02
 -0.47300000E-01 -0.61160317E-02
 -0.47100000E-01 -0.60900292E-02
 -0.46900000E-01 -0.60640309E-02
 -0.46700000E-01 -0.60380367E-02
 -0.46500000E-01 -0.60120466E-02
 -0.46300000E-01 -0.59860607E-02
 -0.46100000E-01 -0.59600789E-02
 -0.45900000E-01 -0.59341012E-02
 -0.45700000E-01 -0.59081276E-02
 -0.45500000E-01 -0.58821581E-02
 -0.45300000E-01 -0.58561927E-02
 -0.45100000E-01 -0.58302314E-02
 -0.44900000E-01 -0.58042743E-02
 -0.44700000E-01 -0.57783212E-02
 -0.44500000E-01 -0.57523722E-02
 -0.44300000E-01 -0.57264272E-02
 -0.44100000E-01 -0.57004864E-02
 -0.43900000E-01 -0.56745496E-02
 -0.43700000E-01 -0.56486170E-02
 -0.43500000E-01 -0.56226883E-02
 -0.43300000E-01 -0.55967638E-02
 -0.43100000E-01 -0.55708433E-02
 -0.42900000E-01 -0.55449269E-02
 -0.42700000E-01 -0.55190146E-02
 -0.42500000E-01 -0.54931063E-02
 -0.42300000E-01 -0.54672020E-02
 -0.42100000E-01 -0.54413018E-02
 -0.41900000E-01 -0.54154056E-02
 -0.41700000E-01 -0.53895135E-02
 -0.41500000E-01 -0.53636255E-02
 -0.41300000E-01 -0.53377414E-02
 -0.41100000E-01 -0.53118614E-02
 -0.40900000E-01 -0.52859854E-02
 -0.40700000E-01 -0.52601135E-02
 -0.40500000E-01 -0.52342455E-02
 -0.40300000E-01 -0.52083816E-02
 -0.40100000E-01 -0.51825217E-02
 -0.39900000E-01 -0.51566659E-02
 -0.39700000E-01 -0.51308140E-02
 -0.39500000E-01 -0.51049661E-02
 -0.39300000E-01 -0.50791223E-02
 -0.39100000E-01 -0.50532824E-02
 -0.38900000E-01 -0.50274465E-02
 -0.38700000E-01 -0.50016146E-02
 -0.38500000E-01 -0.49757867E-02
 -0.38300000E-01 -0.49499627E-02
 -0.38100000E-01 -0.49241427E-02
 -0.37900000E-01 -0.48983267E-02
 -0.37700000E-01 -0.48725146E-02
 -0.37500000E-01 -0.48467065E-02
 -0.37300000E-01 -0.48209024E-02
 -0.37100000E-01 -0.47951023E-02
 -0.36900000E-01 -0.47693062E-02
 -0.36700000E-01 -0.47435141E-02
 -0.36500000E-01 -0.47177259E-02
 -0.36300000E-01 -0.46919418E-02
 -0.36100000E-01 -0.46661616E-02
 -0.35900000E-01 -0.46403854E-02
 -0.35700000E-01 -0.46146132E-02
 -0.35500000E-01 -0.45888450E-02
 -0.35300000E-01 -0.45630806E-02
 -0.35100000E-01 -0.45373203E-02
 -0.34900000E-01 -0.45115638E-02
 -0.34700000E-01 -0.44858112E-02
 -0.34500000E-01 -0.44600625E-02
 -0.34300000E-01 -0.44343176E-02
 -0.34100000E-01 -0.44085766E-02
 -0.33900000E-01 -0.43828393E-02
 -0.33700000E-01 -0.43571059E-02
 -0.33500000E-01 -0.43313762E-02
 -0.33300000E-01 -0.43056504E-02
 -0.33100000E-01 -0.42799283E-02
 -0.32900000E-01 -0.42542099E-02
 -0.32700000E-01 -0.42284954E-02
 -0.32500000E-01 -0.42027847E-02
 -0.32300000E-01 -0.41770777E-02
 -0.32100000E-01 -0.41513746E-02
 -0.31900000E-01 -0.41256753E-02
 -0.31700000E-01 -0.40999799E-02
 -0.31500000E-01 -0.40742883E-02
 -0.31300000E-01 -0.40486005E-02
 -0.31100000E-01 -0.40229167E-02
 -0.30900000E-01 -0.39972367E-02
 -0.30700000E-01 -0.39715606E-02
 -0.30500000E-01 -0.39458884E-02
 -0.30300000E-01 -0.39202200E-02
 -0.30100000E-01 -0.38945556E-02
 -0.29900000E-01 -0.38688951E-02
 -0.29700000E-01 -0.38432385E-02
 -0.29500000E-01 -0.38175858E-02
 -0.29300000E-01 -0.37919370E-02
 -0.29100000E-01 -0.37662920E-02
 -0.28900000E-01 -0.37406510E-02
 -0.28700000E-01 -0.37150139E-02
 -0.28500000E-01 -0.36893806E-02
 -0.28300000E-01 -0.36637513E-02
 -0.28100000E-01 -0.36381258E-02
 -0.27900000E-01 -0.36125042E-02
 -0.27700000E-01 -0.35868864E-02
 -0.27500000E-01 -0.35612725E-02
 -0.27300000E-01 -0.35356625E-02
 -0.27100000E-01 -0.35100563E-02
 -0.26900000E-01 -0.34844540E-02
 -0.26700000E-01 -0.34588554E-02
 -0.26500000E-01 -0.34332608E-02
 -0.26300000E-01 -0.34076699E-02
 -0.26100000E-01 -0.33820829E-02
 -0.25900000E-01 -0.33564997E-02
 -0.25700000E-01 -0.33309203E-02
 -0.25500000E-01 -0.33053448E-02
 -0.25300000E-01 -0.32797730E-02
 -0.25100000E-01 -0.32542051E-02
 -0.24900000E-01 -0.32286410E-02
 -0.24700000E-01 -0.32030806E-02
 -0.24500000E-01 -0.31775241E-02
 -0.24300000E-01 -0.31519713E-02
 -0.24100000E-01 -0.31264224E-02
 -0.23900000E-01 -0.31008772E-02
 -0.23700000E-01 -0.30753359E-02
 -0.23500000E-01 -0.30497983E-02
 -0.23300000E-01 -0.30242645E-02
 -0.23100000E-01 -0.29987345E-02
 -0.22900000E-01 -0.29732083E-02
 -0.22700000E-01 -0.29476858E-02
 -0.22500000E-01 -0.29221672E-02
 -0.22300000E-01 -0.28966523E-02
 -0.22100000E-01 -0.28711412E-02
 -0.21900000E-01 -0.28456338E-02
 -0.21700000E-01 -0.28201302E-02
 -0.21500000E-01 -0.27946304E-02
 -0.21300000E-01 -0.27691344E-02
 -0.21100000E-01 -0.27436421E-02
 -0.20900000E-01 -0.27181536E-02
 -0.20700000E-01 -0.26926688E-02
 -0.20500000E-01 -0.26671878E-02
 -0.20300000E-01 -0.26417106E-02
 -0.20100000E-01 -0.26162371E-02
 -0.19900000E-01 -0.25907674E-02
 -0.19700000E-01 -0.25653014E-02
 -0.19500000E-01 -0.25398392E-02
 -0.19300000E-01 -0.25143807E-02
 -0.19100000E-01 -0.24889260E-02
 -0.18900000E-01 -0.24634750E-02
 -0.18700000E-01 -0.24380278E-02
 -0.18500000E-01 -0.24125843E-02
 -0.18300000E-01 -0.23871446E-02
 -0.18100000E-01 -0.23617087E-02
 -0.17900000E-01 -0.23362764E-02
 -0.17700000E-01 -0.23108480E-02
 -0.17500000E-01 -0.22854232E-02
 -0.17300000E-01 -0.22600022E-02
 -0.17100000E-01 -0.22345850E-02
 -0.16900000E-01 -0.22091715E-02
 -0.16700000E-01 -0.21837617E-02
 -0.16500000E-01 -0.21583557E-02
 -0.16300000E-01 -0.21329534E-02
 -0.16100000E-01 -0.21075549E-02
 -0.15900000E-01 -0.20821601E-02
 -0.15700000E-01 -0.20567690E-02
 -0.15500000E-01 -0.20313817E-02
 -0.15300000E-01 -0.20059981E-02
 -0.15100000E-01 -0.19806182E-02
 -0.14900000E-01 -0.19552421E-02
 -0.14700000E-01 -0.19298696E-02
 -0.14500000E-01 -0.19045009E-02
 -0.14300000E-01 -0.18791360E-02
 -0.14100000E-01 -0.18537747E-02
 -0.13900000E-01 -0.18284172E-02
 -0.13700000E-01 -0.18030634E-02
 -0.13500000E-01 -0.17777133E-02
 -0.13300000E-01 -0.17523669E-02
 -0.13100000E-01 -0.17270243E-02
 -0.12900000E-01 -0.17016853E-02
 -0.12700000E-01 -0.16763501E-02
 -0.12500000E-01 -0.16510186E-02
 -0.12300000E-01 -0.16256908E-02
 -0.12100000E-01 -0.16003668E-02
 -0.11900000E-01 -0.15750464E-02
 -0.11700000E-01 -0.15497297E-02
 -0.11500000E-01 -0.15244168E-02
 -0.11300000E-01 -0.14991076E-02
 -0.11100000E-01 -0.14738021E-02
 -0.10900000E-01 -0.14485003E-02
 -0.10700000E-01 -0.14232022E-02
 -0.10500000E-01 -0.13979077E-02
 -0.10300000E-01 -0.13726170E-02
 -0.10100000E-01 -0.13473300E-02
 -0.99000000E-02 -0.13220467E-02
 -0.97000000E-02 -0.12967671E-02
 -0.95000000E-02 -0.12714912E-02
 -0.93000000E-02 -0.12462190E-02
 -0.91000000E-02 -0.12209504E-02
 -0.89000000E-02 -0.11956856E-02
 -0.87000000E-02 -0.11704245E-02
 -0.85000000E-02 -0.11451670E-02
 -0.83000000E-02 -0.11199133E-02
 -0.81000000E-02 -0.10946632E-02
 -0.79000000E-02 -0.10694169E-02
 -0.77000000E-02 -0.10441742E-02
 -0.75000000E-02 -0.10189352E-02
 -0.73000000E-02 -0.99369994E-03
 -0.71000000E-02 -0.96846834E-03
 -0.69000000E-02 -0.94324042E-03
 -0.67000000E-02 -0.91801619E-03
 -0.65000000E-02 -0.89279565E-03
 -0.63000000E-02 -0.86757879E-03
 -0.61000000E-02 -0.84236561E-03
 -0.59000000E-02 -0.81715612E-03
 -0.57000000E-02 -0.79195032E-03
 -0.55000000E-02 -0.76674820E-03
 -0.53000000E-02 -0.74154976E-03
 -0.51000000E-02 -0.71635501E-03
 -0.49000000E-02 -0.69116394E-03
 -0.47000000E-02 -0.66597655E-03
 -0.45000000E-02 -0.64079283E-03
 -0.43000000E-02 -0.61561279E-03
 -0.41000000E-02 -0.59043642E-03
 -0.39000000E-02 -0.56526371E-03
 -0.37000000E-02 -0.54009466E-03
 -0.35000000E-02 -0.51492927E-03
 -0.33000000E-02 -0.48976753E-03
 -0.31000000E-02 -0.46460945E-03
 -0.29000000E-02 -0.43945501E-03
 -0.27000000E-02 -0.41430424E-03
 -0.25000000E-02 -0.38915711E-03
 -0.23000000E-02 -0.36401365E-03
 -0.21000000E-02 -0.33887384E-03
 -0.19000000E-02 -0.31373769E-03
 -0.17000000E-02 -0.28860520E-03
 -0.15000000E-02 -0.26347638E-03
 -0.13000000E-02 -0.23835123E-03
 -0.11000000E-02 -0.21322975E-03
 -0.90000000E-03 -0.18811195E-03
 -0.70000000E-03 -0.16299784E-03
 -0.50000000E-03 -0.13788743E-03
 -0.30000000E-03 -0.11278071E-03
 -0.10000000E-03 -0.87677703E-04
  0.10000000E-03 -0.62578394E-04
  0.30000000E-03 -0.37482771E-04
  0.50000000E-03 -0.12390771E-04
  0.70000000E-03  0.12683433E-04
  0.90000000E-03  0.37739691E-04
  0.11000000E-02  0.62792130E-04
  0.13000000E-02  0.87840825E-04
  0.15000000E-02  0.11288581E-03
  0.17000000E-02  0.13792710E-03
  0.19000000E-02  0.16296471E-03
  0.21000000E-02  0.18799865E-03
  0.23000000E-02  0.21302892E-03
  0.25000000E-02  0.23805554E-03
  0.27000000E-02  0.26307849E-03
  0.29000000E-02  0.28809778E-03
  0.31000000E-02  0.31311341E-03
  0.33000000E-02  0.33812538E-03
  0.35000000E-02  0.36313370E-03
  0.37000000E-02  0.38813835E-03
  0.39000000E-02  0.41313935E-03
  0.41000000E-02  0.43813667E-03
  0.43000000E-02  0.46313034E-03
  0.45000000E-02  0.48812034E-03
  0.47000000E-02  0.51310667E-03
  0.49000000E-02  0.53808933E-03
  0.51000000E-02  0.56306833E-03
  0.53000000E-02  0.58804366E-03
  0.55000000E-02  0.61301533E-03
  0.57000000E-02  0.63798333E-03
  0.59000000E-02  0.66294768E-03
  0.61000000E-02  0.68790837E-03
  0.63000000E-02  0.71286540E-03
  0.65000000E-02  0.73781880E-03
  0.67000000E-02  0.76276855E-03
  0.69000000E-02  0.78771468E-03
  0.71000000E-02  0.81265717E-03
  0.73000000E-02  0.83759605E-03
  0.75000000E-02  0.86253132E-03
  0.77000000E-02  0.88746299E-03
  0.79000000E-02  0.91239106E-03
  0.81000000E-02  0.93731554E-03
  0.83000000E-02  0.96223645E-03
  0.85000000E-02  0.98715378E-03
  0.87000000E-02  0.10120675E-02
  0.89000000E-02  0.10369778E-02
  0.91000000E-02  0.10618844E-02
  0.93000000E-02  0.10867875E-02
  0.95000000E-02  0.11116871E-02
  0.97000000E-02  0.11365832E-02
  0.99000000E-02  0.11614757E-02
  0.10100000E-01  0.11863647E-02
  0.10300000E-01  0.12112501E-02
  0.10500000E-01  0.12361321E-02
  0.10700000E-01  0.12610105E-02
  0.10900000E-01  0.12858854E-02
  0.11100000E-01  0.13107568E-02
  0.11300000E-01  0.13356247E-02
  0.11500000E-01  0.13604890E-02
  0.11700000E-01  0.13853499E-02
  0.11900000E-01  0.14102072E-02
  0.12100000E-01  0.14350610E-02
  0.12300000E-01  0.14599113E-02
  0.12500000E-01  0.14847581E-02
  0.12700000E-01  0.15096014E-02
  0.12900000E-01  0.15344411E-02
  0.13100000E-01  0.15592774E-02
  0.13300000E-01  0.15841102E-02
  0.13500000E-01  0.16089394E-02
  0.13700000E-01  0.16337651E-02
  0.13900000E-01  0.16585874E-02
  0.14100000E-01  0.16834061E-02
  0.14300000E-01  0.17082214E-02
  0.14500000E-01  0.17330331E-02
  0.14700000E-01  0.17578413E-02
  0.14900000E-01  0.17826461E-02
  0.15100000E-01  0.18074474E-02
  0.15300000E-01  0.18322451E-02
  0.15500000E-01  0.18570394E-02
  0.15700000E-01  0.18818302E-02
  0.15900000E-01  0.19066176E-02
  0.16100000E-01  0.19314014E-02
  0.16300000E-01  0.19561817E-02
  0.16500000E-01  0.19809586E-02
  0.16700000E-01  0.20057320E-02
  0.16900000E-01  0.20305019E-02
  0.17100000E-01  0.20552683E-02
  0.17300000E-01  0.20800312E-02
  0.17500000E-01  0.21047906E-02
  0.17700000E-01  0.21295466E-02
  0.17900000E-01  0.21542991E-02
  0.18100000E-01  0.21790480E-02
  0.18300000E-01  0.22037935E-02
  0.18500000E-01  0.22285355E-02
  0.18700000E-01  0.22532740E-02
  0.18900000E-01  0.22780090E-02
  0.19100000E-01  0.23027405E-02
  0.19300000E-01  0.23274685E-02
  0.19500000E-01  0.23521931E-02
  0.19700000E-01  0.23769141E-02
  0.19900000E-01  0.24016316E-02
  0.20100000E-01  0.24263456E-02
  0.20300000E-01  0.24510561E-02
  0.20500000E-01  0.24757631E-02
  0.20700000E-01  0.25004666E-02
  0.20900000E-01  0.25251666E-02
  0.21100000E-01  0.25498631E-02
  0.21300000E-01  0.25745561E-02
  0.21500000E-01  0.25992456E-02
  0.21700000E-01  0.26239315E-02
  0.21900000E-01  0.26486140E-02
  0.22100000E-01  0.26732929E-02
  0.22300000E-01  0.26979683E-02
  0.22500000E-01  0.27226402E-02
  0.22700000E-01  0.27473086E-02
  0.22900000E-01  0.27719735E-02
  0.23100000E-01  0.27966349E-02
  0.23300000E-01  0.28212927E-02
  0.23500000E-01  0.28459470E-02
  0.23700000E-01  0.28705978E-02
  0.23900000E-01  0.28952451E-02
  0.24100000E-01  0.29198889E-02
  0.24300000E-01  0.29445292E-02
  0.24500000E-01  0.29691659E-02
  0.24700000E-01  0.29937991E-02
  0.24900000E-01  0.30184288E-02
  0.25100000E-01  0.30430550E-02
  0.25300000E-01  0.30676777E-02
  0.25500000E-01  0.30922969E-02
  0.25700000E-01  0.31169125E-02
  0.25900000E-01  0.31415246E-02
  0.26100000E-01  0.31661332E-02
  0.26300000E-01  0.31907383E-02
  0.26500000E-01  0.32153399E-02
  0.26700000E-01  0.32399380E-02
  0.26900000E-01  0.32645326E-02
  0.27100000E-01  0.32891236E-02
  0.27300000E-01  0.33137111E-02
  0.27500000E-01  0.33382952E-02
  0.27700000E-01  0.33628757E-02
  0.27900000E-01  0.33874527E-02
  0.28100000E-01  0.34120262E-02
  0.28300000E-01  0.34365962E-02
  0.28500000E-01  0.34611628E-02
  0.28700000E-01  0.34857258E-02
  0.28900000E-01  0.35102853E-02
  0.29100000E-01  0.35348413E-02
  0.29300000E-01  0.35593938E-02
  0.29500000E-01  0.35839429E-02
  0.29700000E-01  0.36084884E-02
  0.29900000E-01  0.36330305E-02
  0.30100000E-01  0.36575691E-02
  0.30300000E-01  0.36821042E-02
  0.30500000E-01  0.37066358E-02
  0.30700000E-01  0.37311640E-02
  0.30900000E-01  0.37556887E-02
  0.31100000E-01  0.37802099E-02
  0.31300000E-01  0.38047277E-02
  0.31500000E-01  0.38292419E-02
  0.31700000E-01  0.38537528E-02
  0.31900000E-01  0.38782601E-02
  0.32100000E-01  0.39027641E-02
  0.32300000E-01  0.39272645E-02
  0.32500000E-01  0.39517615E-02
  0.32700000E-01  0.39762551E-02
  0.32900000E-01  0.40007452E-02
  0.33100000E-01  0.40252319E-02
  0.33300000E-01  0.40497151E-02
  0.33500000E-01  0.40741949E-02
  0.33700000E-01  0.40986713E-02
  0.33900000E-01  0.41231442E-02
  0.34100000E-01  0.41476137E-02
  0.34300000E-01  0.41720798E-02
  0.34500000E-01  0.41965424E-02
  0.34700000E-01  0.42210017E-02
  0.34900000E-01  0.42454575E-02
  0.35100000E-01  0.42699099E-02
  0.35300000E-01  0.42943589E-02
  0.35500000E-01  0.43188045E-02
  0.35700000E-01  0.43432467E-02
  0.35900000E-01  0.43676855E-02
  0.36100000E-01  0.43921209E-02
  0.36300000E-01  0.44165529E-02
  0.36500000E-01  0.44409815E-02
  0.36700000E-01  0.44654067E-02
  0.36900000E-01  0.44898286E-02
  0.37100000E-01  0.45142470E-02
  0.37300000E-01  0.45386621E-02
  0.37500000E-01  0.45630738E-02
  0.37700000E-01  0.45874822E-02
  0.37900000E-01  0.46118871E-02
  0.38100000E-01  0.46362887E-02
  0.38300000E-01  0.46606869E-02
  0.38500000E-01  0.46850818E-02
  0.38700000E-01  0.47094733E-02
  0.38900000E-01  0.47338615E-02
  0.39100000E-01  0.47582463E-02
  0.39300000E-01  0.47826277E-02
  0.39500000E-01  0.48070058E-02
  0.39700000E-01  0.48313806E-02
  0.39900000E-01  0.48557520E-02
  0.40100000E-01  0.48801201E-02
  0.40300000E-01  0.49044848E-02
  0.40500000E-01  0.49288462E-02
  0.40700000E-01  0.49532043E-02
  0.40900000E-01  0.49775590E-02
  0.41100000E-01  0.50019105E-02
  0.41300000E-01  0.50262585E-02
  0.41500000E-01  0.50506033E-02
  0.41700000E-01  0.50749447E-02
  0.41900000E-01  0.50992828E-02
  0.42100000E-01  0.51236176E-02
  0.42300000E-01  0.51479491E-02
  0.42500000E-01  0.51722772E-02
  0.42700000E-01  0.51966020E-02
  0.42900000E-01  0.52209235E-02
  0.43100000E-01  0.52452417E-02
  0.43300000E-01  0.52695566E-02
  0.43500000E-01  0.52938682E-02
  0.43700000E-01  0.53181765E-02
  0.43900000E-01  0.53424814E-02
  0.44100000E-01  0.53667831E-02
  0.44300000E-01  0.53910814E-02
  0.44500000E-01  0.54153764E-02
  0.44700000E-01  0.54396682E-02
  0.44900000E-01  0.54639566E-02
  0.45100000E-01  0.54882417E-02
  0.45300000E-01  0.55125235E-02
  0.45500000E-01  0.55368021E-02
  0.45700000E-01  0.55610773E-02
  0.45900000E-01  0.55853492E-02
  0.46100000E-01  0.56096178E-02
  0.46300000E-01  0.56338832E-02
  0.46500000E-01  0.56581452E-02
  0.46700000E-01  0.56824039E-02
  0.46900000E-01  0.57066593E-02
  0.47100000E-01  0.57309115E-02
  0.47300000E-01  0.57551603E-02
  0.47500000E-01  0.57794058E-02
  0.47700000E-01  0.58036481E-02
  0.47900000E-01  0.58278870E-02
  0.48100000E-01  0.58521227E-02
  0.48300000E-01  0.58763550E-02
  0.48500000E-01  0.59005841E-02
  0.48700000E-01  0.59248099E-02
  0.48900000E-01  0.59490323E-02
  0.49100000E-01  0.59732515E-02
  0.49300000E-01  0.59974674E-02
  0.49500000E-01  0.60216800E-02
  0.49700000E-01  0.60458893E-02
  0.49900000E-01  0.60700953E-02
  0.50100000E-01  0.60942980E-02
  0.50300000E-01  0.61184974E-02
  0.50500000E-01  0.61426936E-02
  0.50700000E-01  0.61668864E-02
  0.50900000E-01  0.61910760E-02
  0.51100000E-01  0.62152622E-02
  0.51300000E-01  0.62394452E-02
  0.51500000E-01  0.62636249E-02
  0.51700000E-01  0.62878013E-02
  0.51900000E-01  0.63119744E-02
  0.52100000E-01  0.63361442E-02
  0.52300000E-01  0.63603107E-02
  0.52500000E-01  0.63844739E-02
  0.52700000E-01  0.64086339E-02
  0.52900000E-01  0.64327905E-02
  0.53100000E-01  0.64569439E-02
  0.53300000E-01  0.64810939E-02
  0.53500000E-01  0.65052407E-02
  0.53700000E-01  0.65293842E-02
  0.53900000E-01  0.65535244E-02
  0.54100000E-01  0.65776614E-02
  0.54300000E-01  0.66017950E-02
  0.54500000E-01  0.66259254E-02
  0.54700000E-01  0.66500524E-02
  0.54900000E-01  0.66741762E-02
  0.55100000E-01  0.66982967E-02
  0.55300000E-01  0.67224139E-02
  0.55500000E-01  0.67465279E-02
  0.55700000E-01  0.67706385E-02
  0.55900000E-01  0.67947459E-02
  0.56100000E-01  0.68188500E-02
  0.56300000E-01  0.68429508E-02
  0.56500000E-01  0.68670483E-02
  0.56700000E-01  0.68911426E-02
  0.56900000E-01  0.69152336E-02
  0.57100000E-01  0.69393213E-02
  0.57300000E-01  0.69634057E-02
  0.57500000E-01  0.69874868E-02
  0.57700000E-01  0.70115647E-02
  0.57900000E-01  0.70356393E-02
  0.58100000E-01  0.70597106E-02
  0.58300000E-01  0.70837787E-02
  0.58500000E-01  0.71078435E-02
  0.58700000E-01  0.71319050E-02
  0.58900000E-01  0.71559633E-02
  0.59100000E-01  0.71800183E-02
  0.59300000E-01  0.72040700E-02
  0.59500000E-01  0.72281185E-02
  0.59700000E-01  0.72521637E-02
  0.59900000E-01  0.72762056E-02
  0.60100000E-01  0.73002443E-02
  0.60300000E-01  0.73242798E-02
  0.60500000E-01  0.73483119E-02
  0.60700000E-01  0.73723409E-02
  0.60900000E-01  0.73963666E-02
  0.61100000E-01  0.74203890E-02
  0.61300000E-01  0.74444082E-02
  0.61500000E-01  0.74684241E-02
  0.61700000E-01  0.74924368E-02
  0.61900000E-01  0.75164463E-02
  0.62100000E-01  0.75404525E-02
  0.62300000E-01  0.75644555E-02
  0.62500000E-01  0.75884553E-02
  0.62700000E-01  0.76124518E-02
  0.62900000E-01  0.76364451E-02
  0.63100000E-01  0.76604352E-02
  0.63300000E-01  0.76844221E-02
  0.63500000E-01  0.77084057E-02
  0.63700000E-01  0.77323861E-02
  0.63900000E-01  0.77563633E-02
  0.64100000E-01  0.77803373E-02
  0.64300000E-01  0.78043081E-02
  0.64500000E-01  0.78282757E-02
  0.64700000E-01  0.78522400E-02
  0.64900000E-01  0.78762012E-02
  0.65100000E-01  0.79001592E-02
  0.65300000E-01  0.79241139E-02
  0.65500000E-01  0.79480655E-02
  0.65700000E-01  0.79720139E-02
  0.65900000E-01  0.79959591E-02
  0.66100000E-01  0.80199011E-02
  0.66300000E-01  0.80438399E-02
  0.66500000E-01  0.80677756E-02
  0.66700000E-01  0.80917080E-02
  0.66900000E-01  0.81156373E-02
  0.67100000E-01  0.81395634E-02
  0.67300000E-01  0.81634864E-02
  0.67500000E-01  0.81874061E-02
  0.67700000E-01  0.82113228E-02
  0.67900000E-01  0.82352362E-02
  0.68100000E-01  0.82591465E-02
  0.68300000E-01  0.82830536E-02
  0.68500000E-01  0.83069576E-02
  0.68700000E-01  0.83308584E-02
  0.68900000E-01  0.83547561E-02
  0.69100000E-01  0.83786507E-02
  0.69300000E-01  0.84025420E-02
  0.69500000E-01  0.84264303E-02
  0.69700000E-01  0.84503154E-02
  0.69900000E-01  0.84741974E-02
  0.70100000E-01  0.84980762E-02
  0.70300000E-01  0.85219519E-02
  0.70500000E-01  0.85458245E-02
  0.70700000E-01  0.85696940E-02
  0.70900000E-01  0.85935603E-02
  0.71100000E-01  0.86174235E-02
  0.71300000E-01  0.86412836E-02
  0.71500000E-01  0.86651406E-02
  0.71700000E-01  0.86889945E-02
  0.71900000E-01  0.87128452E-02
  0.72100000E-01  0.87366929E-02
  0.72300000E-01  0.87605374E-02
  0.72500000E-01  0.87843789E-02
  0.72700000E-01  0.88082172E-02
  0.72900000E-01  0.88320525E-02
  0.73100000E-01  0.88558846E-02
  0.73300000E-01  0.88797137E-02
  0.73500000E-01  0.89035396E-02
  0.73700000E-01  0.89273625E-02
  0.73900000E-01  0.89511823E-02
  0.74100000E-01  0.89749989E-02
  0.74300000E-01  0.89988125E-02
  0.74500000E-01  0.90226231E-02
  0.74700000E-01  0.90464305E-02
  0.74900000E-01  0.90702349E-02
  0.75100000E-01  0.90940361E-02
  0.75300000E-01  0.91178343E-02
  0.75500000E-01  0.91416295E-02
  0.75700000E-01  0.91654215E-02
  0.75900000E-01  0.91892105E-02
  0.76100000E-01  0.92129964E-02
  0.76300000E-01  0.92367793E-02
  0.76500000E-01  0.92605591E-02
  0.76700000E-01  0.92843358E-02
  0.76900000E-01  0.93081094E-02
  0.77100000E-01  0.93318800E-02
  0.77300000E-01  0.93556475E-02
  0.77500000E-01  0.93794120E-02
  0.77700000E-01  0.94031734E-02
  0.77900000E-01  0.94269317E-02
  0.78100000E-01  0.94506870E-02
  0.78300000E-01  0.94744392E-02
  0.78500000E-01  0.94981884E-02
  0.78700000E-01  0.95219345E-02
  0.78900000E-01  0.95456776E-02
  0.79100000E-01  0.95694176E-02
  0.79300000E-01  0.95931545E-02
  0.79500000E-01  0.96168884E-02
  0.79700000E-01  0.96406193E-02
  0.79900000E-01  0.96643471E-02
  0.80100000E-01  0.96880719E-02
  0.80300000E-01  0.97117936E-02
  0.80500000E-01  0.97355122E-02
  0.80700000E-01  0.97592278E-02
  0.80900000E-01  0.97829404E-02
  0.81100000E-01  0.98066499E-02
  0.81300000E-01  0.98303564E-02
  0.81500000E-01  0.98540598E-02
  0.81700000E-01  0.98777602E-02
  0.81900000E-01  0.99014576E-02
  0.82100000E-01  0.99251519E-02
  0.82300000E-01  0.99488431E-02
  0.82500000E-01  0.99725314E-02
  0.82700000E-01  0.99962165E-02
  0.82900000E-01  0.10019899E-01
  0.83100000E-01  0.10043578E-01
  0.83300000E-01  0.10067254E-01
  0.83500000E-01  0.10090927E-01
  0.83700000E-01  0.10114597E-01
  0.83900000E-01  0.10138264E-01
  0.84100000E-01  0.10161928E-01
  0.84300000E-01  0.10185589E-01
  0.84500000E-01  0.10209246E-01
  0.84700000E-01  0.10232901E-01
  0.84900000E-01  0.10256553E-01
  0.85100000E-01  0.10280202E-01
  0.85300000E-01  0.10303847E-01
  0.85500000E-01  0.10327490E-01
  0.85700000E-01  0.10351130E-01
  0.85900000E-01  0.10374766E-01
  0.86100000E-01  0.10398400E-01
  0.86300000E-01  0.10422030E-01
  0.86500000E-01  0.10445658E-01
  0.86700000E-01  0.10469282E-01
  0.86900000E-01  0.10492903E-01
  0.87100000E-01  0.10516522E-01
  0.87300000E-01  0.10540137E-01
  0.87500000E-01  0.10563749E-01
  0.87700000E-01  0.10587359E-01
  0.87900000E-01  0.10610965E-01
  0.88100000E-01  0.10634568E-01
  0.88300000E-01  0.10658168E-01
  0.88500000E-01  0.10681765E-01
  0.88700000E-01  0.10705359E-01
  0.88900000E-01  0.10728950E-01
  0.89100000E-01  0.10752538E-01
  0.89300000E-01  0.10776123E-01
  0.89500000E-01  0.10799705E-01
  0.89700000E-01  0.10823284E-01
  0.89900000E-01  0.10846860E-01
  0.90100000E-01  0.10870433E-01
  0.90300000E-01  0.10894003E-01
  0.90500000E-01  0.10917570E-01
  0.90700000E-01  0.10941133E-01
  0.90900000E-01  0.10964694E-01
  0.91100000E-01  0.10988252E-01
  0.91300000E-01  0.11011806E-01
  0.91500000E-01  0.11035358E-01
  0.91700000E-01  0.11058906E-01
  0.91900000E-01  0.11082452E-01
  0.92100000E-01  0.11105994E-01
  0.92300000E-01  0.11129533E-01
  0.92500000E-01  0.11153070E-01
  0.92700000E-01  0.11176603E-01
  0.92900000E-01  0.11200133E-01
  0.93100000E-01  0.11223661E-01
  0.93300000E-01  0.11247185E-01
  0.93500000E-01  0.11270706E-01
  0.93700000E-01  0.11294224E-01
  0.93900000E-01  0.11317739E-01
  0.94100000E-01  0.11341252E-01
  0.94300000E-01  0.11364761E-01
  0.94500000E-01  0.11388267E-01
  0.94700000E-01  0.11411770E-01
  0.94900000E-01  0.11435270E-01
  0.95100000E-01  0.11458767E-01
  0.95300000E-01  0.11482261E-01
  0.95500000E-01  0.11505752E-01
  0.95700000E-01  0.11529240E-01
  0.95900000E-01  0.11552725E-01
  0.96100000E-01  0.11576207E-01
  0.96300000E-01  0.11599686E-01
  0.96500000E-01  0.11623163E-01
  0.96700000E-01  0.11646636E-01
  0.96900000E-01  0.11670106E-01
  0.97100000E-01  0.11693573E-01
  0.97300000E-01  0.11717037E-01
  0.97500000E-01  0.11740498E-01
  0.97700000E-01  0.11763956E-01
  0.97900000E-01  0.11787412E-01
  0.98100000E-01  0.11810864E-01
  0.98300000E-01  0.11834313E-01
  0.98500000E-01  0.11857759E-01
  0.98700000E-01  0.11881203E-01
  0.98900000E-01  0.11904643E-01
  0.99100000E-01  0.11928081E-01
  0.99300000E-01  0.11951515E-01
  0.99500000E-01  0.11974946E-01
  0.99700000E-01  0.11998375E-01
  0.99900000E-01  0.12021800E-01
  0.10010000E+00  0.12045223E-01
  0.10030000E+00  0.12068643E-01
  0.10050000E+00  0.12092059E-01
  0.10070000E+00  0.12115473E-01
  0.10090000E+00  0.12138884E-01
  0.10110000E+00  0.12162291E-01
  0.10130000E+00  0.12185696E-01
  0.10150000E+00  0.12209098E-01
  0.10170000E+00  0.12232497E-01
  0.10190000E+00  0.12255893E-01
  0.10210000E+00  0.12279286E-01
  0.10230000E+00  0.12302676E-01
  0.10250000E+00  0.12326063E-01
  0.10270000E+00  0.12349448E-01
  0.10290000E+00  0.12372829E-01
  0.10310000E+00  0.12396207E-01
  0.10330000E+00  0.12419583E-01
  0.10350000E+00  0.12442955E-01
  0.10370000E+00  0.12466325E-01
  0.10390000E+00  0.12489691E-01
  0.10410000E+00  0.12513055E-01
  0.10430000E+00  0.12536416E-01
  0.10450000E+00  0.12559774E-01
  0.10470000E+00  0.12583129E-01
  0.10490000E+00  0.12606481E-01
  0.10510000E+00  0.12629830E-01
  0.10530000E+00  0.12653176E-01
  0.10550000E+00  0.12676519E-01
  0.10570000E+00  0.12699860E-01
  0.10590000E+00  0.12723197E-01
  0.10610000E+00  0.12746532E-01
  0.10630000E+00  0.12769864E-01
  0.10650000E+00  0.12793193E-01
  0.10670000E+00  0.12816518E-01
  0.10690000E+00  0.12839842E-01
  0.10710000E+00  0.12863162E-01
  0.10730000E+00  0.12886479E-01
  0.10750000E+00  0.12909794E-01
  0.10770000E+00  0.12933105E-01
  0.10790000E+00  0.12956414E-01
  0.10810000E+00  0.12979720E-01
  0.10830000E+00  0.13003023E-01
  0.10850000E+00  0.13026323E-01
  0.10870000E+00  0.13049620E-01
  0.10890000E+00  0.13072914E-01
  0.10910000E+00  0.13096206E-01
  0.10930000E+00  0.13119495E-01
  0.10950000E+00  0.13142781E-01
  0.10970000E+00  0.13166064E-01
  0.10990000E+00  0.13189344E-01
  0.11010000E+00  0.13212621E-01
  0.11030000E+00  0.13235896E-01
  0.11050000E+00  0.13259167E-01
  0.11070000E+00  0.13282436E-01
  0.11090000E+00  0.13305702E-01
  0.11110000E+00  0.13328966E-01
  0.11130000E+00  0.13352226E-01
  0.11150000E+00  0.13375484E-01
  0.11170000E+00  0.13398739E-01
  0.11190000E+00  0.13421991E-01
  0.11210000E+00  0.13445240E-01
  0.11230000E+00  0.13468486E-01
  0.11250000E+00  0.13491730E-01
  0.11270000E+00  0.13514971E-01
  0.11290000E+00  0.13538209E-01
  0.11310000E+00  0.13561444E-01
  0.11330000E+00  0.13584676E-01
  0.11350000E+00  0.13607906E-01
  0.11370000E+00  0.13631133E-01
  0.11390000E+00  0.13654357E-01
  0.11410000E+00  0.13677579E-01
  0.11430000E+00  0.13700797E-01
  0.11450000E+00  0.13724013E-01
  0.11470000E+00  0.13747226E-01
  0.11490000E+00  0.13770436E-01
  0.11510000E+00  0.13793644E-01
  0.11530000E+00  0.13816848E-01
  0.11550000E+00  0.13840050E-01
  0.11570000E+00  0.13863250E-01
  0.11590000E+00  0.13886446E-01
  0.11610000E+00  0.13909640E-01
  0.11630000E+00  0.13932831E-01
  0.11650000E+00  0.13956019E-01
  0.11670000E+00  0.13979204E-01
  0.11690000E+00  0.14002387E-01
  0.11710000E+00  0.14025567E-01
  0.11730000E+00  0.14048744E-01
  0.11750000E+00  0.14071918E-01
  0.11770000E+00  0.14095090E-01
  0.11790000E+00  0.14118259E-01
  0.11810000E+00  0.14141425E-01
  0.11830000E+00  0.14164589E-01
  0.11850000E+00  0.14187749E-01
  0.11870000E+00  0.14210907E-01
  0.11890000E+00  0.14234063E-01
  0.11910000E+00  0.14257215E-01
  0.11930000E+00  0.14280365E-01
  0.11950000E+00  0.14303512E-01
  0.11970000E+00  0.14326656E-01
  0.11990000E+00  0.14349797E-01
  0.12010000E+00  0.14372936E-01
  0.12030000E+00  0.14396072E-01
  0.12050000E+00  0.14419206E-01
  0.12070000E+00  0.14442336E-01
  0.12090000E+00  0.14465464E-01
  0.12110000E+00  0.14488589E-01
  0.12130000E+00  0.14511711E-01
  0.12150000E+00  0.14534831E-01
  0.12170000E+00  0.14557948E-01
  0.12190000E+00  0.14581062E-01
  0.12210000E+00  0.14604173E-01
  0.12230000E+00  0.14627282E-01
  0.12250000E+00  0.14650388E-01
  0.12270000E+00  0.14673491E-01
  0.12290000E+00  0.14696591E-01
  0.12310000E+00  0.14719689E-01
  0.12330000E+00  0.14742784E-01
  0.12350000E+00  0.14765876E-01
  0.12370000E+00  0.14788966E-01
  0.12390000E+00  0.14812052E-01
  0.12410000E+00  0.14835136E-01
  0.12430000E+00  0.14858218E-01
  0.12450000E+00  0.14881296E-01
  0.12470000E+00  0.14904372E-01
  0.12490000E+00  0.14927445E-01
  0.12510000E+00  0.14950515E-01
  0.12530000E+00  0.14973582E-01
  0.12550000E+00  0.14996647E-01
  0.12570000E+00  0.15019709E-01
  0.12590000E+00  0.15042768E-01
  0.12610000E+00  0.15065825E-01
  0.12630000E+00  0.15088878E-01
  0.12650000E+00  0.15111929E-01
  0.12670000E+00  0.15134977E-01
  0.12690000E+00  0.15158023E-01
  0.12710000E+00  0.15181066E-01
  0.12730000E+00  0.15204105E-01
  0.12750000E+00  0.15227143E-01
  0.12770000E+00  0.15250177E-01
  0.12790000E+00  0.15273209E-01
  0.12810000E+00  0.15296237E-01
  0.12830000E+00  0.15319263E-01
  0.12850000E+00  0.15342287E-01
  0.12870000E+00  0.15365307E-01
  0.12890000E+00  0.15388325E-01
  0.12910000E+00  0.15411340E-01
  0.12930000E+00  0.15434352E-01
  0.12950000E+00  0.15457361E-01
  0.12970000E+00  0.15480368E-01
  0.12990000E+00  0.15503372E-01
  0.13010000E+00  0.15526373E-01
  0.13030000E+00  0.15549371E-01
  0.13050000E+00  0.15572367E-01
  0.13070000E+00  0.15595360E-01
  0.13090000E+00  0.15618349E-01
  0.13110000E+00  0.15641337E-01
  0.13130000E+00  0.15664321E-01
  0.13150000E+00  0.15687303E-01
  0.13170000E+00  0.15710281E-01
  0.13190000E+00  0.15733257E-01
  0.13210000E+00  0.15756231E-01
  0.13230000E+00  0.15779201E-01
  0.13250000E+00  0.15802169E-01
  0.13270000E+00  0.15825134E-01
  0.13290000E+00  0.15848096E-01
  0.13310000E+00  0.15871055E-01
  0.13330000E+00  0.15894012E-01
  0.13350000E+00  0.15916965E-01
  0.13370000E+00  0.15939916E-01
  0.13390000E+00  0.15962864E-01
  0.13410000E+00  0.15985810E-01
  0.13430000E+00  0.16008752E-01
  0.13450000E+00  0.16031692E-01
  0.13470000E+00  0.16054629E-01
  0.13490000E+00  0.16077563E-01
  0.13510000E+00  0.16100495E-01
  0.13530000E+00  0.16123423E-01
  0.13550000E+00  0.16146349E-01
  0.13570000E+00  0.16169272E-01
  0.13590000E+00  0.16192192E-01
  0.13610000E+00  0.16215110E-01
  0.13630000E+00  0.16238025E-01
  0.13650000E+00  0.16260937E-01
  0.13670000E+00  0.16283846E-01
  0.13690000E+00  0.16306752E-01
  0.13710000E+00  0.16329656E-01
  0.13730000E+00  0.16352556E-01
  0.13750000E+00  0.16375454E-01
  0.13770000E+00  0.16398350E-01
  0.13790000E+00  0.16421242E-01
  0.13810000E+00  0.16444132E-01
  0.13830000E+00  0.16467019E-01
  0.13850000E+00  0.16489903E-01
  0.13870000E+00  0.16512784E-01
  0.13890000E+00  0.16535663E-01
  0.13910000E+00  0.16558538E-01
  0.13930000E+00  0.16581412E-01
  0.13950000E+00  0.16604282E-01
  0.13970000E+00  0.16627149E-01
  0.13990000E+00  0.16650014E-01
  0.14010000E+00  0.16672876E-01
  0.14030000E+00  0.16695735E-01
  0.14050000E+00  0.16718591E-01
  0.14070000E+00  0.16741445E-01
  0.14090000E+00  0.16764296E-01
  0.14110000E+00  0.16787144E-01
  0.14130000E+00  0.16809990E-01
  0.14150000E+00  0.16832832E-01
  0.14170000E+00  0.16855672E-01
  0.14190000E+00  0.16878509E-01
  0.14210000E+00  0.16901343E-01
  0.14230000E+00  0.16924175E-01
  0.14250000E+00  0.16947004E-01
  0.14270000E+00  0.16969830E-01
  0.14290000E+00  0.16992653E-01
  0.14310000E+00  0.17015474E-01
  0.14330000E+00  0.17038292E-01
  0.14350000E+00  0.17061107E-01
  0.14370000E+00  0.17083919E-01
  0.14390000E+00  0.17106729E-01
  0.14410000E+00  0.17129536E-01
  0.14430000E+00  0.17152340E-01
  0.14450000E+00  0.17175142E-01
  0.14470000E+00  0.17197940E-01
  0.14490000E+00  0.17220736E-01
  0.14510000E+00  0.17243530E-01
  0.14530000E+00  0.17266320E-01
  0.14550000E+00  0.17289108E-01
  0.14570000E+00  0.17311893E-01
  0.14590000E+00  0.17334675E-01
  0.14610000E+00  0.17357455E-01
  0.14630000E+00  0.17380232E-01
  0.14650000E+00  0.17403006E-01
  0.14670000E+00  0.17425778E-01
  0.14690000E+00  0.17448547E-01
  0.14710000E+00  0.17471313E-01
  0.14730000E+00  0.17494076E-01
  0.14750000E+00  0.17516837E-01
  0.14770000E+00  0.17539595E-01
  0.14790000E+00  0.17562351E-01
  0.14810000E+00  0.17585103E-01
  0.14830000E+00  0.17607853E-01
  0.14850000E+00  0.17630601E-01
  0.14870000E+00  0.17653345E-01
  0.14890000E+00  0.17676087E-01
  0.14910000E+00  0.17698827E-01
  0.14930000E+00  0.17721564E-01
  0.14950000E+00  0.17744298E-01
  0.14970000E+00  0.17767029E-01
  0.14990000E+00  0.17789758E-01
  0.15010000E+00  0.17812484E-01
  0.15030000E+00  0.17835208E-01
  0.15050000E+00  0.17857928E-01
  0.15070000E+00  0.17880647E-01
  0.15090000E+00  0.17903362E-01
  0.15110000E+00  0.17926075E-01
  0.15130000E+00  0.17948786E-01
  0.15150000E+00  0.17971494E-01
  0.15170000E+00  0.17994199E-01
  0.15190000E+00  0.18016902E-01
  0.15210000E+00  0.18039602E-01
  0.15230000E+00  0.18062299E-01
  0.15250000E+00  0.18084994E-01
  0.15270000E+00  0.18107687E-01
  0.15290000E+00  0.18130376E-01
  0.15310000E+00  0.18153064E-01
  0.15330000E+00  0.18175748E-01
  0.15350000E+00  0.18198430E-01
  0.15370000E+00  0.18221110E-01
  0.15390000E+00  0.18243787E-01
  0.15410000E+00  0.18266461E-01
  0.15430000E+00  0.18289133E-01
  0.15450000E+00  0.18311803E-01
  0.15470000E+00  0.18334469E-01
  0.15490000E+00  0.18357134E-01
  0.15510000E+00  0.18379795E-01
  0.15530000E+00  0.18402455E-01
  0.15550000E+00  0.18425111E-01
  0.15570000E+00  0.18447765E-01
  0.15590000E+00  0.18470417E-01
  0.15610000E+00  0.18493066E-01
  0.15630000E+00  0.18515713E-01
  0.15650000E+00  0.18538357E-01
  0.15670000E+00  0.18560998E-01
  0.15690000E+00  0.18583638E-01
  0.15710000E+00  0.18606274E-01
  0.15730000E+00  0.18628908E-01
  0.15750000E+00  0.18651540E-01
  0.15770000E+00  0.18674169E-01
  0.15790000E+00  0.18696795E-01
  0.15810000E+00  0.18719419E-01
  0.15830000E+00  0.18742041E-01
  0.15850000E+00  0.18764660E-01
  0.15870000E+00  0.18787277E-01
  0.15890000E+00  0.18809891E-01
  0.15910000E+00  0.18832503E-01
  0.15930000E+00  0.18855112E-01
  0.15950000E+00  0.18877719E-01
  0.15970000E+00  0.18900323E-01
  0.15990000E+00  0.18922925E-01
  0.16010000E+00  0.18945524E-01
  0.16030000E+00  0.18968121E-01
  0.16050000E+00  0.18990716E-01
  0.16070000E+00  0.19013308E-01
  0.16090000E+00  0.19035897E-01
  0.16110000E+00  0.19058484E-01
  0.16130000E+00  0.19081069E-01
  0.16150000E+00  0.19103651E-01
  0.16170000E+00  0.19126231E-01
  0.16190000E+00  0.19148808E-01
  0.16210000E+00  0.19171383E-01
  0.16230000E+00  0.19193956E-01
  0.16250000E+00  0.19216526E-01
  0.16270000E+00  0.19239093E-01
  0.16290000E+00  0.19261658E-01
  0.16310000E+00  0.19284221E-01
  0.16330000E+00  0.19306781E-01
  0.16350000E+00  0.19329339E-01
  0.16370000E+00  0.19351895E-01
  0.16390000E+00  0.19374448E-01
  0.16410000E+00  0.19396998E-01
  0.16430000E+00  0.19419547E-01
  0.16450000E+00  0.19442092E-01
  0.16470000E+00  0.19464636E-01
  0.16490000E+00  0.19487177E-01
  0.16510000E+00  0.19509715E-01
  0.16530000E+00  0.19532251E-01
  0.16550000E+00  0.19554785E-01
  0.16570000E+00  0.19577316E-01
  0.16590000E+00  0.19599845E-01
  0.16610000E+00  0.19622372E-01
  0.16630000E+00  0.19644896E-01
  0.16650000E+00  0.19667417E-01
  0.16670000E+00  0.19689936E-01
  0.16690000E+00  0.19712453E-01
  0.16710000E+00  0.19734968E-01
  0.16730000E+00  0.19757480E-01
  0.16750000E+00  0.19779989E-01
  0.16770000E+00  0.19802496E-01
  0.16790000E+00  0.19825001E-01
  0.16810000E+00  0.19847503E-01
  0.16830000E+00  0.19870003E-01
  0.16850000E+00  0.19892500E-01
  0.16870000E+00  0.19914995E-01
  0.16890000E+00  0.19937488E-01
  0.16910000E+00  0.19959978E-01
  0.16930000E+00  0.19982466E-01
  0.16950000E+00  0.20004951E-01
  0.16970000E+00  0.20027434E-01
  0.16990000E+00  0.20049915E-01
  0.17010000E+00  0.20072393E-01
  0.17030000E+00  0.20094869E-01
  0.17050000E+00  0.20117342E-01
  0.17070000E+00  0.20139813E-01
  0.17090000E+00  0.20162281E-01
  0.17110000E+00  0.20184747E-01
  0.17130000E+00  0.20207210E-01
  0.17150000E+00  0.20229671E-01
  0.17170000E+00  0.20252130E-01
  0.17190000E+00  0.20274586E-01
  0.17210000E+00  0.20297040E-01
  0.17230000E+00  0.20319491E-01
  0.17250000E+00  0.20341940E-01
  0.17270000E+00  0.20364386E-01
  0.17290000E+00  0.20386830E-01
  0.17310000E+00  0.20409272E-01
  0.17330000E+00  0.20431711E-01
  0.17350000E+00  0.20454147E-01
  0.17370000E+00  0.20476582E-01
  0.17390000E+00  0.20499013E-01
  0.17410000E+00  0.20521442E-01
  0.17430000E+00  0.20543869E-01
  0.17450000E+00  0.20566293E-01
  0.17470000E+00  0.20588715E-01
  0.17490000E+00  0.20611134E-01
  0.17510000E+00  0.20633551E-01
  0.17530000E+00  0.20655965E-01
  0.17550000E+00  0.20678377E-01
  0.17570000E+00  0.20700786E-01
  0.17590000E+00  0.20723193E-01
  0.17610000E+00  0.20745597E-01
  0.17630000E+00  0.20767999E-01
  0.17650000E+00  0.20790398E-01
  0.17670000E+00  0.20812795E-01
  0.17690000E+00  0.20835189E-01
  0.17710000E+00  0.20857581E-01
  0.17730000E+00  0.20879970E-01
  0.17750000E+00  0.20902357E-01
  0.17770000E+00  0.20924741E-01
  0.17790000E+00  0.20947122E-01
  0.17810000E+00  0.20969501E-01
  0.17830000E+00  0.20991878E-01
  0.17850000E+00  0.21014252E-01
  0.17870000E+00  0.21036623E-01
  0.17890000E+00  0.21058992E-01
  0.17910000E+00  0.21081358E-01
  0.17930000E+00  0.21103722E-01
  0.17950000E+00  0.21126083E-01
  0.17970000E+00  0.21148442E-01
  0.17990000E+00  0.21170798E-01
  0.18010000E+00  0.21193151E-01
  0.18030000E+00  0.21215502E-01
  0.18050000E+00  0.21237850E-01
  0.18070000E+00  0.21260196E-01
  0.18090000E+00  0.21282539E-01
  0.18110000E+00  0.21304879E-01
  0.18130000E+00  0.21327217E-01
  0.18150000E+00  0.21349552E-01
  0.18170000E+00  0.21371885E-01
  0.18190000E+00  0.21394215E-01
  0.18210000E+00  0.21416542E-01
  0.18230000E+00  0.21438867E-01
  0.18250000E+00  0.21461189E-01
  0.18270000E+00  0.21483508E-01
  0.18290000E+00  0.21505825E-01
  0.18310000E+00  0.21528139E-01
  0.18330000E+00  0.21550451E-01
  0.18350000E+00  0.21572759E-01
  0.18370000E+00  0.21595065E-01
  0.18390000E+00  0.21617369E-01
  0.18410000E+00  0.21639669E-01
  0.18430000E+00  0.21661967E-01
  0.18450000E+00  0.21684263E-01
  0.18470000E+00  0.21706555E-01
  0.18490000E+00  0.21728845E-01
  0.18510000E+00  0.21751132E-01
  0.18530000E+00  0.21773417E-01
  0.18550000E+00  0.21795698E-01
  0.18570000E+00  0.21817977E-01
  0.18590000E+00  0.21840254E-01
  0.18610000E+00  0.21862527E-01
  0.18630000E+00  0.21884798E-01
  0.18650000E+00  0.21907066E-01
  0.18670000E+00  0.21929331E-01
  0.18690000E+00  0.21951593E-01
  0.18710000E+00  0.21973853E-01
  0.18730000E+00  0.21996110E-01
  0.18750000E+00  0.22018364E-01
  0.18770000E+00  0.22040615E-01
  0.18790000E+00  0.22062863E-01
  0.18810000E+00  0.22085109E-01
  0.18830000E+00  0.22107352E-01
  0.18850000E+00  0.22129591E-01
  0.18870000E+00  0.22151829E-01
  0.18890000E+00  0.22174063E-01
  0.18910000E+00  0.22196294E-01
  0.18930000E+00  0.22218523E-01
  0.18950000E+00  0.22240748E-01
  0.18970000E+00  0.22262971E-01
  0.18990000E+00  0.22285191E-01
  0.19010000E+00  0.22307408E-01
  0.19030000E+00  0.22329622E-01
  0.19050000E+00  0.22351833E-01
  0.19070000E+00  0.22374042E-01
  0.19090000E+00  0.22396247E-01
  0.19110000E+00  0.22418449E-01
  0.19130000E+00  0.22440649E-01
  0.19150000E+00  0.22462845E-01
  0.19170000E+00  0.22485039E-01
  0.19190000E+00  0.22507230E-01
  0.19210000E+00  0.22529417E-01
  0.19230000E+00  0.22551602E-01
  0.19250000E+00  0.22573784E-01
  0.19270000E+00  0.22595963E-01
  0.19290000E+00  0.22618139E-01
  0.19310000E+00  0.22640312E-01
  0.19330000E+00  0.22662481E-01
  0.19350000E+00  0.22684648E-01
  0.19370000E+00  0.22706812E-01
  0.19390000E+00  0.22728973E-01
  0.19410000E+00  0.22751131E-01
  0.19430000E+00  0.22773286E-01
  0.19450000E+00  0.22795437E-01
  0.19470000E+00  0.22817586E-01
  0.19490000E+00  0.22839732E-01
  0.19510000E+00  0.22861874E-01
  0.19530000E+00  0.22884014E-01
  0.19550000E+00  0.22906151E-01
  0.19570000E+00  0.22928284E-01
  0.19590000E+00  0.22950415E-01
  0.19610000E+00  0.22972542E-01
  0.19630000E+00  0.22994666E-01
  0.19650000E+00  0.23016788E-01
  0.19670000E+00  0.23038906E-01
  0.19690000E+00  0.23061021E-01
  0.19710000E+00  0.23083133E-01
  0.19730000E+00  0.23105242E-01
  0.19750000E+00  0.23127348E-01
  0.19770000E+00  0.23149450E-01
  0.19790000E+00  0.23171550E-01
  0.19810000E+00  0.23193647E-01
  0.19830000E+00  0.23215740E-01
  0.19850000E+00  0.23237830E-01
  0.19870000E+00  0.23259917E-01
  0.19890000E+00  0.23282001E-01
  0.19910000E+00  0.23304082E-01
  0.19930000E+00  0.23326160E-01
  0.19950000E+00  0.23348235E-01
  0.19970000E+00  0.23370306E-01
  0.19990000E+00  0.23392375E-01
  0.20010000E+00  0.23414440E-01
  0.20030000E+00  0.23436502E-01
  0.20050000E+00  0.23458561E-01
  0.20070000E+00  0.23480617E-01
  0.20090000E+00  0.23502670E-01
  0.20110000E+00  0.23524719E-01
  0.20130000E+00  0.23546765E-01
  0.20150000E+00  0.23568809E-01
  0.20170000E+00  0.23590849E-01
  0.20190000E+00  0.23612885E-01
  0.20210000E+00  0.23634919E-01
  0.20230000E+00  0.23656950E-01
  0.20250000E+00  0.23678977E-01
  0.20270000E+00  0.23701001E-01
  0.20290000E+00  0.23723022E-01
  0.20310000E+00  0.23745040E-01
  0.20330000E+00  0.23767055E-01
  0.20350000E+00  0.23789067E-01
  0.20370000E+00  0.23811075E-01
  0.20390000E+00  0.23833080E-01
  0.20410000E+00  0.23855082E-01
  0.20430000E+00  0.23877081E-01
  0.20450000E+00  0.23899077E-01
  0.20470000E+00  0.23921070E-01
  0.20490000E+00  0.23943060E-01
  0.20510000E+00  0.23965046E-01
  0.20530000E+00  0.23987029E-01
  0.20550000E+00  0.24009010E-01
  0.20570000E+00  0.24030987E-01
  0.20590000E+00  0.24052961E-01
  0.20610000E+00  0.24074932E-01
  0.20630000E+00  0.24096899E-01
  0.20650000E+00  0.24118864E-01
  0.20670000E+00  0.24140826E-01
  0.20690000E+00  0.24162784E-01
  0.20710000E+00  0.24184740E-01
  0.20730000E+00  0.24206692E-01
  0.20750000E+00  0.24228641E-01
  0.20770000E+00  0.24250588E-01
  0.20790000E+00  0.24272531E-01
  0.20810000E+00  0.24294471E-01
  0.20830000E+00  0.24316408E-01
  0.20850000E+00  0.24338342E-01
  0.20870000E+00  0.24360273E-01
  0.20890000E+00  0.24382201E-01
  0.20910000E+00  0.24404126E-01
  0.20930000E+00  0.24426048E-01
  0.20950000E+00  0.24447967E-01
  0.20970000E+00  0.24469883E-01
  0.20990000E+00  0.24491796E-01
  0.21010000E+00  0.24513706E-01
  0.21030000E+00  0.24535613E-01
  0.21050000E+00  0.24557518E-01
  0.21070000E+00  0.24579419E-01
  0.21090000E+00  0.24601317E-01
  0.21110000E+00  0.24623213E-01
  0.21130000E+00  0.24645105E-01
  0.21150000E+00  0.24666995E-01
  0.21170000E+00  0.24688882E-01
  0.21190000E+00  0.24710766E-01
  0.21210000E+00  0.24732647E-01
  0.21230000E+00  0.24754525E-01
  0.21250000E+00  0.24776400E-01
  0.21270000E+00  0.24798273E-01
  0.21290000E+00  0.24820143E-01
  0.21310000E+00  0.24842010E-01
  0.21330000E+00  0.24863874E-01
  0.21350000E+00  0.24885736E-01
  0.21370000E+00  0.24907594E-01
  0.21390000E+00  0.24929451E-01
  0.21410000E+00  0.24951304E-01
  0.21430000E+00  0.24973155E-01
  0.21450000E+00  0.24995003E-01
  0.21470000E+00  0.25016849E-01
  0.21490000E+00  0.25038692E-01
  0.21510000E+00  0.25060532E-01
  0.21530000E+00  0.25082370E-01
  0.21550000E+00  0.25104205E-01
  0.21570000E+00  0.25126038E-01
  0.21590000E+00  0.25147869E-01
  0.21610000E+00  0.25169697E-01
  0.21630000E+00  0.25191522E-01
  0.21650000E+00  0.25213345E-01
  0.21670000E+00  0.25235165E-01
  0.21690000E+00  0.25256983E-01
  0.21710000E+00  0.25278799E-01
  0.21730000E+00  0.25300612E-01
  0.21750000E+00  0.25322423E-01
  0.21770000E+00  0.25344232E-01
  0.21790000E+00  0.25366038E-01
  0.21810000E+00  0.25387842E-01
  0.21830000E+00  0.25409644E-01
  0.21850000E+00  0.25431443E-01
  0.21870000E+00  0.25453240E-01
  0.21890000E+00  0.25475035E-01
  0.21910000E+00  0.25496828E-01
  0.21930000E+00  0.25518618E-01
  0.21950000E+00  0.25540406E-01
  0.21970000E+00  0.25562192E-01
  0.21990000E+00  0.25583976E-01
  0.22010000E+00  0.25605757E-01
  0.22030000E+00  0.25627536E-01
  0.22050000E+00  0.25649313E-01
  0.22070000E+00  0.25671088E-01
  0.22090000E+00  0.25692860E-01
  0.22110000E+00  0.25714631E-01
  0.22130000E+00  0.25736399E-01
  0.22150000E+00  0.25758165E-01
  0.22170000E+00  0.25779929E-01
  0.22190000E+00  0.25801691E-01
  0.22210000E+00  0.25823450E-01
  0.22230000E+00  0.25845208E-01
  0.22250000E+00  0.25866964E-01
  0.22270000E+00  0.25888717E-01
  0.22290000E+00  0.25910469E-01
  0.22310000E+00  0.25932219E-01
  0.22330000E+00  0.25953967E-01
  0.22350000E+00  0.25975713E-01
  0.22370000E+00  0.25997457E-01
  0.22390000E+00  0.26019199E-01
  0.22410000E+00  0.26040939E-01
  0.22430000E+00  0.26062678E-01
  0.22450000E+00  0.26084415E-01
  0.22470000E+00  0.26106149E-01
  0.22490000E+00  0.26127882E-01
  0.22510000E+00  0.26149613E-01
  0.22530000E+00  0.26171343E-01
  0.22550000E+00  0.26193070E-01
  0.22570000E+00  0.26214796E-01
  0.22590000E+00  0.26236520E-01
  0.22610000E+00  0.26258242E-01
  0.22630000E+00  0.26279962E-01
  0.22650000E+00  0.26301680E-01
  0.22670000E+00  0.26323397E-01
  0.22690000E+00  0.26345112E-01
  0.22710000E+00  0.26366825E-01
  0.22730000E+00  0.26388536E-01
  0.22750000E+00  0.26410246E-01
  0.22770000E+00  0.26431954E-01
  0.22790000E+00  0.26453661E-01
  0.22810000E+00  0.26475366E-01
  0.22830000E+00  0.26497069E-01
  0.22850000E+00  0.26518771E-01
  0.22870000E+00  0.26540471E-01
  0.22890000E+00  0.26562170E-01
  0.22910000E+00  0.26583867E-01
  0.22930000E+00  0.26605562E-01
  0.22950000E+00  0.26627256E-01
  0.22970000E+00  0.26648949E-01
  0.22990000E+00  0.26670640E-01
  0.23010000E+00  0.26692330E-01
  0.23030000E+00  0.26714018E-01
  0.23050000E+00  0.26735704E-01
  0.23070000E+00  0.26757389E-01
  0.23090000E+00  0.26779073E-01
  0.23110000E+00  0.26800755E-01
  0.23130000E+00  0.26822435E-01
  0.23150000E+00  0.26844114E-01
  0.23170000E+00  0.26865792E-01
  0.23190000E+00  0.26887469E-01
  0.23210000E+00  0.26909143E-01
  0.23230000E+00  0.26930817E-01
  0.23250000E+00  0.26952489E-01
  0.23270000E+00  0.26974160E-01
  0.23290000E+00  0.26995830E-01
  0.23310000E+00  0.27017498E-01
  0.23330000E+00  0.27039165E-01
  0.23350000E+00  0.27060831E-01
  0.23370000E+00  0.27082495E-01
  0.23390000E+00  0.27104158E-01
  0.23410000E+00  0.27125820E-01
  0.23430000E+00  0.27147480E-01
  0.23450000E+00  0.27169140E-01
  0.23470000E+00  0.27190797E-01
  0.23490000E+00  0.27212454E-01
  0.23510000E+00  0.27234109E-01
  0.23530000E+00  0.27255762E-01
  0.23550000E+00  0.27277415E-01
  0.23570000E+00  0.27299066E-01
  0.23590000E+00  0.27320715E-01
  0.23610000E+00  0.27342364E-01
  0.23630000E+00  0.27364011E-01
  0.23650000E+00  0.27385656E-01
  0.23670000E+00  0.27407301E-01
  0.23690000E+00  0.27428944E-01
  0.23710000E+00  0.27450586E-01
  0.23730000E+00  0.27472227E-01
  0.23750000E+00  0.27493867E-01
  0.23770000E+00  0.27515505E-01
  0.23790000E+00  0.27537143E-01
  0.23810000E+00  0.27558779E-01
  0.23830000E+00  0.27580415E-01
  0.23850000E+00  0.27602049E-01
  0.23870000E+00  0.27623682E-01
  0.23890000E+00  0.27645314E-01
  0.23910000E+00  0.27666945E-01
  0.23930000E+00  0.27688574E-01
  0.23950000E+00  0.27710202E-01
  0.23970000E+00  0.27731829E-01
  0.23990000E+00  0.27753455E-01
  0.24010000E+00  0.27775079E-01
  0.24030000E+00  0.27796702E-01
  0.24050000E+00  0.27818324E-01
  0.24070000E+00  0.27839944E-01
  0.24090000E+00  0.27861563E-01
  0.24110000E+00  0.27883181E-01
  0.24130000E+00  0.27904797E-01
  0.24150000E+00  0.27926412E-01
  0.24170000E+00  0.27948027E-01
  0.24190000E+00  0.27969640E-01
  0.24210000E+00  0.27991252E-01
  0.24230000E+00  0.28012863E-01
  0.24250000E+00  0.28034473E-01
  0.24270000E+00  0.28056082E-01
  0.24290000E+00  0.28077690E-01
  0.24310000E+00  0.28099297E-01
  0.24330000E+00  0.28120904E-01
  0.24350000E+00  0.28142509E-01
  0.24370000E+00  0.28164114E-01
  0.24390000E+00  0.28185718E-01
  0.24410000E+00  0.28207321E-01
  0.24430000E+00  0.28228923E-01
  0.24450000E+00  0.28250524E-01
  0.24470000E+00  0.28272124E-01
  0.24490000E+00  0.28293722E-01
  0.24510000E+00  0.28315320E-01
  0.24530000E+00  0.28336916E-01
  0.24550000E+00  0.28358511E-01
  0.24570000E+00  0.28380105E-01
  0.24590000E+00  0.28401697E-01
  0.24610000E+00  0.28423288E-01
  0.24630000E+00  0.28444879E-01
  0.24650000E+00  0.28466468E-01
  0.24670000E+00  0.28488056E-01
  0.24690000E+00  0.28509643E-01
  0.24710000E+00  0.28531229E-01
  0.24730000E+00  0.28552815E-01
  0.24750000E+00  0.28574400E-01
  0.24770000E+00  0.28595985E-01
  0.24790000E+00  0.28617568E-01
  0.24810000E+00  0.28639152E-01
  0.24830000E+00  0.28660735E-01
  0.24850000E+00  0.28682318E-01
  0.24870000E+00  0.28703901E-01
  0.24890000E+00  0.28725483E-01
  0.24910000E+00  0.28747064E-01
  0.24930000E+00  0.28768645E-01
  0.24950000E+00  0.28790226E-01
  0.24970000E+00  0.28811806E-01
  0.24990000E+00  0.28833385E-01
  0.25010000E+00  0.28854964E-01
  0.25030000E+00  0.28876541E-01
  0.25050000E+00  0.28898118E-01
  0.25070000E+00  0.28919693E-01
  0.25090000E+00  0.28941268E-01
  0.25110000E+00  0.28962841E-01
  0.25130000E+00  0.28984414E-01
  0.25150000E+00  0.29005985E-01
  0.25170000E+00  0.29027555E-01
  0.25190000E+00  0.29049124E-01
  0.25210000E+00  0.29070693E-01
  0.25230000E+00  0.29092261E-01
  0.25250000E+00  0.29113829E-01
  0.25270000E+00  0.29135396E-01
  0.25290000E+00  0.29156963E-01
  0.25310000E+00  0.29178530E-01
  0.25330000E+00  0.29200097E-01
  0.25350000E+00  0.29221664E-01
  0.25370000E+00  0.29243231E-01
  0.25390000E+00  0.29264799E-01
  0.25410000E+00  0.29286367E-01
  0.25430000E+00  0.29307936E-01
  0.25450000E+00  0.29329505E-01
  0.25470000E+00  0.29351074E-01
  0.25490000E+00  0.29372643E-01
  0.25510000E+00  0.29394212E-01
  0.25530000E+00  0.29415781E-01
  0.25550000E+00  0.29437349E-01
  0.25570000E+00  0.29458917E-01
  0.25590000E+00  0.29480484E-01
  0.25610000E+00  0.29502050E-01
  0.25630000E+00  0.29523615E-01
  0.25650000E+00  0.29545179E-01
  0.25670000E+00  0.29566741E-01
  0.25690000E+00  0.29588302E-01
  0.25710000E+00  0.29609862E-01
  0.25730000E+00  0.29631421E-01
  0.25750000E+00  0.29652979E-01
  0.25770000E+00  0.29674536E-01
  0.25790000E+00  0.29696092E-01
  0.25810000E+00  0.29717647E-01
  0.25830000E+00  0.29739203E-01
  0.25850000E+00  0.29760758E-01
  0.25870000E+00  0.29782313E-01
  0.25890000E+00  0.29803869E-01
  0.25910000E+00  0.29825426E-01
  0.25930000E+00  0.29846984E-01
  0.25950000E+00  0.29868543E-01
  0.25970000E+00  0.29890103E-01
  0.25990000E+00  0.29911664E-01
  0.26010000E+00  0.29933227E-01
  0.26030000E+00  0.29954791E-01
  0.26050000E+00  0.29976356E-01
  0.26070000E+00  0.29997922E-01
  0.26090000E+00  0.30019488E-01
  0.26110000E+00  0.30041055E-01
  0.26130000E+00  0.30062622E-01
  0.26150000E+00  0.30084189E-01
  0.26170000E+00  0.30105755E-01
  0.26190000E+00  0.30127320E-01
  0.26210000E+00  0.30148884E-01
  0.26230000E+00  0.30170447E-01
  0.26250000E+00  0.30192008E-01
  0.26270000E+00  0.30213566E-01
  0.26290000E+00  0.30235123E-01
  0.26310000E+00  0.30256678E-01
  0.26330000E+00  0.30278231E-01
  0.26350000E+00  0.30299781E-01
  0.26370000E+00  0.30321331E-01
  0.26390000E+00  0.30342878E-01
  0.26410000E+00  0.30364425E-01
  0.26430000E+00  0.30385971E-01
  0.26450000E+00  0.30407517E-01
  0.26470000E+00  0.30429064E-01
  0.26490000E+00  0.30450611E-01
  0.26510000E+00  0.30472159E-01
  0.26530000E+00  0.30493710E-01
  0.26550000E+00  0.30515262E-01
  0.26570000E+00  0.30536817E-01
  0.26590000E+00  0.30558375E-01
  0.26610000E+00  0.30579935E-01
  0.26630000E+00  0.30601499E-01
  0.26650000E+00  0.30623066E-01
  0.26670000E+00  0.30644635E-01
  0.26690000E+00  0.30666208E-01
  0.26710000E+00  0.30687782E-01
  0.26730000E+00  0.30709358E-01
  0.26750000E+00  0.30730936E-01
  0.26770000E+00  0.30752514E-01
  0.26790000E+00  0.30774092E-01
  0.26810000E+00  0.30795670E-01
  0.26830000E+00  0.30817247E-01
  0.26850000E+00  0.30838821E-01
  0.26870000E+00  0.30860394E-01
  0.26890000E+00  0.30881963E-01
  0.26910000E+00  0.30903529E-01
  0.26930000E+00  0.30925092E-01
  0.26950000E+00  0.30946650E-01
  0.26970000E+00  0.30968205E-01
  0.26990000E+00  0.30989756E-01
  0.27010000E+00  0.31011303E-01
  0.27030000E+00  0.31032846E-01
  0.27050000E+00  0.31054388E-01
  0.27070000E+00  0.31075926E-01
  0.27090000E+00  0.31097464E-01
  0.27110000E+00  0.31119001E-01
  0.27130000E+00  0.31140538E-01
  0.27150000E+00  0.31162077E-01
  0.27170000E+00  0.31183617E-01
  0.27190000E+00  0.31205161E-01
  0.27210000E+00  0.31226709E-01
  0.27230000E+00  0.31248262E-01
  0.27250000E+00  0.31269820E-01
  0.27270000E+00  0.31291385E-01
  0.27290000E+00  0.31312956E-01
  0.27310000E+00  0.31334534E-01
  0.27330000E+00  0.31356119E-01
  0.27350000E+00  0.31377712E-01
  0.27370000E+00  0.31399311E-01
  0.27390000E+00  0.31420917E-01
  0.27410000E+00  0.31442529E-01
  0.27430000E+00  0.31464147E-01
  0.27450000E+00  0.31485769E-01
  0.27470000E+00  0.31507394E-01
  0.27490000E+00  0.31529021E-01
  0.27510000E+00  0.31550650E-01
  0.27530000E+00  0.31572279E-01
  0.27550000E+00  0.31593906E-01
  0.27570000E+00  0.31615530E-01
  0.27590000E+00  0.31637149E-01
  0.27610000E+00  0.31658763E-01
  0.27630000E+00  0.31680370E-01
  0.27650000E+00  0.31701968E-01
  0.27670000E+00  0.31723557E-01
  0.27690000E+00  0.31745136E-01
  0.27710000E+00  0.31766704E-01
  0.27730000E+00  0.31788260E-01
  0.27750000E+00  0.31809804E-01
  0.27770000E+00  0.31831336E-01
  0.27790000E+00  0.31852858E-01
  0.27810000E+00  0.31874371E-01
  0.27830000E+00  0.31895874E-01
  0.27850000E+00  0.31917368E-01
  0.27870000E+00  0.31938857E-01
  0.27890000E+00  0.31960342E-01
  0.27910000E+00  0.31981826E-01
  0.27930000E+00  0.32003312E-01
  0.27950000E+00  0.32024804E-01
  0.27970000E+00  0.32046304E-01
  0.27990000E+00  0.32067814E-01
  0.28010000E+00  0.32089337E-01
  0.28030000E+00  0.32110877E-01
  0.28050000E+00  0.32132437E-01
  0.28070000E+00  0.32154021E-01
  0.28090000E+00  0.32175632E-01
  0.28110000E+00  0.32197270E-01
  0.28130000E+00  0.32218937E-01
  0.28150000E+00  0.32240633E-01
  0.28170000E+00  0.32262357E-01
  0.28190000E+00  0.32284110E-01
  0.28210000E+00  0.32305893E-01
  0.28230000E+00  0.32327706E-01
  0.28250000E+00  0.32349546E-01
  0.28270000E+00  0.32371408E-01
  0.28290000E+00  0.32393284E-01
  0.28310000E+00  0.32415169E-01
  0.28330000E+00  0.32437055E-01
  0.28350000E+00  0.32458936E-01
  0.28370000E+00  0.32480808E-01
  0.28390000E+00  0.32502662E-01
  0.28410000E+00  0.32524485E-01
  0.28430000E+00  0.32546262E-01
  0.28450000E+00  0.32567973E-01
  0.28470000E+00  0.32589601E-01
  0.28490000E+00  0.32611130E-01
  0.28510000E+00  0.32632551E-01
  0.28530000E+00  0.32653855E-01
  0.28550000E+00  0.32675036E-01
  0.28570000E+00  0.32696079E-01
  0.28590000E+00  0.32716969E-01
  0.28610000E+00  0.32737690E-01
  0.28630000E+00  0.32758240E-01
  0.28650000E+00  0.32778630E-01
  0.28670000E+00  0.32798891E-01
  0.28690000E+00  0.32819060E-01
  0.28710000E+00  0.32839173E-01
  0.28730000E+00  0.32859253E-01
  0.28750000E+00  0.32879311E-01
  0.28770000E+00  0.32899357E-01
  0.28790000E+00  0.32919412E-01
  0.28810000E+00  0.32939515E-01
  0.28830000E+00  0.32959721E-01
  0.28850000E+00  0.32980085E-01
  0.28870000E+00  0.33000640E-01
  0.28890000E+00  0.33021384E-01
  0.28910000E+00  0.33042291E-01
  0.28930000E+00  0.33063322E-01
  0.28950000E+00  0.33084455E-01
  0.28970000E+00  0.33105697E-01
  0.28990000E+00  0.33127080E-01
  0.29010000E+00  0.33148647E-01
  0.29030000E+00  0.33170422E-01
  0.29050000E+00  0.33192398E-01
  0.29070000E+00  0.33214537E-01
  0.29090000E+00  0.33236788E-01
  0.29110000E+00  0.33259110E-01
  0.29130000E+00  0.33281484E-01
  0.29150000E+00  0.33303915E-01
  0.29170000E+00  0.33326416E-01
  0.29190000E+00  0.33348995E-01
  0.29210000E+00  0.33371650E-01
  0.29230000E+00  0.33394385E-01
  0.29250000E+00  0.33417223E-01
  0.29270000E+00  0.33440216E-01
  0.29290000E+00  0.33463423E-01
  0.29310000E+00  0.33486865E-01
  0.29330000E+00  0.33510480E-01
  0.29350000E+00  0.33534101E-01
  0.29370000E+00  0.33557489E-01
  0.29390000E+00  0.33580436E-01
  0.29410000E+00  0.33602880E-01
  0.29430000E+00  0.33625008E-01
  0.29450000E+00  0.33647258E-01
  0.29470000E+00  0.33670212E-01
  0.29490000E+00  0.33694372E-01
  0.29510000E+00  0.33719896E-01
  0.29530000E+00  0.33746365E-01
  0.29550000E+00  0.33772728E-01
  0.29570000E+00  0.33797513E-01
  0.29590000E+00  0.33819325E-01
  0.29610000E+00  0.33837463E-01
  0.29630000E+00  0.33852336E-01
  0.29650000E+00  0.33865427E-01
  0.29670000E+00  0.33878807E-01
  0.29690000E+00  0.33894470E-01
  0.29710000E+00  0.33913819E-01
  0.29730000E+00  0.33937427E-01
  0.29750000E+00  0.33964937E-01
  0.29770000E+00  0.33994976E-01
  0.29790000E+00  0.34025399E-01
  0.29810000E+00  0.34054857E-01
  0.29830000E+00  0.34086753E-01
  0.29850000E+00  0.34134112E-01
  0.29870000E+00  0.34218061E-01
  0.29890000E+00  0.34349088E-01
  0.29910000E+00  0.34496287E-01
  0.29930000E+00  0.34592084E-01
  0.29950000E+00  0.34617063E-01
  0.29970000E+00  0.34686855E-01
  0.29990000E+00  0.34902717E-01
  0.30010000E+00  0.35028450E-01
  0.30030000E+00  0.35192388E-01
  0.30050000E+00  0.36001644E-01
  0.30070000E+00  0.36643030E-01
  0.30090000E+00  0.38971159E-01
  0.30110000E+00  0.45495732E-01
  0.30130000E+00  0.63902635E-01
  0.30150000E+00  0.18972732E+01
  0.30170000E+00  0.30000000E+01
  0.30190000E+00  0.30000000E+01
  0.30210000E+00  0.30000000E+01
  0.30230000E+00  0.30000000E+01
  0.30250000E+00  0.30000000E+01
  0.30270000E+00  0.30000000E+01
  0.30290000E+00  0.30000000E+01
  0.30310000E+00  0.30000000E+01
  0.30330000E+00  0.30000000E+01
  0.30350000E+00  0.30000000E+01
  0.30370000E+00  0.30000000E+01
  0.30390000E+00  0.30000000E+01
  0.30410000E+00  0.30000000E+01
  0.30430000E+00  0.30000000E+01
  0.30450000E+00  0.30000000E+01
  0.30470000E+00  0.30000000E+01
  0.30490000E+00  0.30000000E+01
  0.30510000E+00  0.30000000E+01
  0.30530000E+00  0.30000000E+01
  0.30550000E+00  0.30000000E+01
  0.30570000E+00  0.30000000E+01
  0.30590000E+00  0.30000000E+01
  0.30610000E+00  0.30000000E+01
  0.30630000E+00  0.30000000E+01
  0.30650000E+00  0.30000000E+01
  0.30670000E+00  0.30000000E+01
  0.30690000E+00  0.30000000E+01
  0.30710000E+00  0.30000000E+01
  0.30730000E+00  0.30000000E+01
  0.30750000E+00  0.30000000E+01
  0.30770000E+00  0.30000000E+01
  0.30790000E+00  0.30000000E+01
  0.30810000E+00  0.30000000E+01
  0.30830000E+00  0.30000000E+01
  0.30850000E+00  0.30000000E+01
  0.30870000E+00  0.30000000E+01
  0.30890000E+00  0.30000000E+01
  0.30910000E+00  0.30000000E+01
  0.30930000E+00  0.30000000E+01
  0.30950000E+00  0.30000000E+01
  0.30970000E+00  0.30000000E+01
  0.30990000E+00  0.30000000E+01
  0.31010000E+00  0.30000000E+01
  0.31030000E+00  0.30000000E+01
  0.31050000E+00  0.30000000E+01
  0.31070000E+00  0.30000000E+01
  0.31090000E+00  0.30000000E+01
  0.31110000E+00  0.30000000E+01
  0.31130000E+00  0.30000000E+01
  0.31150000E+00  0.30000000E+01
  0.31170000E+00  0.30000000E+01
  0.31190000E+00  0.30000000E+01
  0.31210000E+00  0.30000000E+01
  0.31230000E+00  0.30000000E+01
  0.31250000E+00  0.30000000E+01
  0.31270000E+00  0.30000000E+01
  0.31290000E+00  0.30000000E+01
  0.31310000E+00  0.30000000E+01
  0.31330000E+00  0.30000000E+01
  0.31350000E+00  0.30000000E+01
  0.31370000E+00  0.30000000E+01
  0.31390000E+00  0.30000000E+01
  0.31410000E+00  0.30000000E+01
  0.31430000E+00  0.30000000E+01
  0.31450000E+00  0.30000000E+01
  0.31470000E+00  0.30000000E+01
  0.31490000E+00  0.30000000E+01
  0.31510000E+00  0.30000000E+01
  0.31530000E+00  0.30000000E+01
  0.31550000E+00  0.30000000E+01
  0.31570000E+00  0.30000000E+01
  0.31590000E+00  0.30000000E+01
  0.31610000E+00  0.30000000E+01
  0.31630000E+00  0.30000000E+01
  0.31650000E+00  0.30000000E+01
  0.31670000E+00  0.30000000E+01
  0.31690000E+00  0.30000000E+01
  0.31710000E+00  0.30000000E+01
  0.31730000E+00  0.30000000E+01
  0.31750000E+00  0.30000000E+01
  0.31770000E+00  0.30000000E+01
  0.31790000E+00  0.30000000E+01
  0.31810000E+00  0.30000000E+01
  0.31830000E+00  0.30000000E+01
  0.31850000E+00  0.30000000E+01
  0.31870000E+00  0.30000000E+01
  0.31890000E+00  0.30000000E+01
  0.31910000E+00  0.30000000E+01
  0.31930000E+00  0.30000000E+01
  0.31950000E+00  0.30000000E+01
  0.31970000E+00  0.30000000E+01
  0.31990000E+00  0.30000000E+01
  0.32010000E+00  0.30000000E+01
  0.32030000E+00  0.30000000E+01
  0.32050000E+00  0.30000000E+01
  0.32070000E+00  0.30000000E+01
  0.32090000E+00  0.30000000E+01
  0.32110000E+00  0.30000000E+01
  0.32130000E+00  0.30000000E+01
  0.32150000E+00  0.30000000E+01
  0.32170000E+00  0.30000000E+01
  0.32190000E+00  0.30000000E+01
  0.32210000E+00  0.30000000E+01
  0.32230000E+00  0.30000000E+01
  0.32250000E+00  0.30000000E+01
  0.32270000E+00  0.30000000E+01
  0.32290000E+00  0.30000000E+01
  0.32310000E+00  0.30000000E+01
  0.32330000E+00  0.30000000E+01
  0.32350000E+00  0.30000000E+01
  0.32370000E+00  0.30000000E+01
  0.32390000E+00  0.30000000E+01
  0.32410000E+00  0.30000000E+01
  0.32430000E+00  0.30000000E+01
  0.32450000E+00  0.30000000E+01
  0.32470000E+00  0.30000000E+01
  0.32490000E+00  0.30000000E+01
  0.32510000E+00  0.30000000E+01
  0.32530000E+00  0.30000000E+01
  0.32550000E+00  0.30000000E+01
  0.32570000E+00  0.30000000E+01
  0.32590000E+00  0.30000000E+01
  0.32610000E+00  0.30000000E+01
  0.32630000E+00  0.30000000E+01
  0.32650000E+00  0.30000000E+01
  0.32670000E+00  0.30000000E+01
  0.32690000E+00  0.30000000E+01
  0.32710000E+00  0.30000000E+01
  0.32730000E+00  0.30000000E+01
  0.32750000E+00  0.30000000E+01
  0.32770000E+00  0.30000000E+01
  0.32790000E+00  0.30000000E+01
  0.32810000E+00  0.30000000E+01
  0.32830000E+00  0.30000000E+01
  0.32850000E+00  0.30000000E+01
  0.32870000E+00  0.30000000E+01
  0.32890000E+00  0.30000000E+01
  0.32910000E+00  0.30000000E+01
  0.32930000E+00  0.30000000E+01
  0.32950000E+00  0.30000000E+01
  0.32970000E+00  0.30000000E+01
  0.32990000E+00  0.30000000E+01
  0.33010000E+00  0.30000000E+01
  0.33030000E+00  0.30000000E+01
  0.33050000E+00  0.30000000E+01
  0.33070000E+00  0.30000000E+01
  0.33090000E+00  0.30000000E+01
  0.33110000E+00  0.30000000E+01
  0.33130000E+00  0.30000000E+01
  0.33150000E+00  0.30000000E+01
  0.33170000E+00  0.30000000E+01
  0.33190000E+00  0.30000000E+01
  0.33210000E+00  0.30000000E+01
  0.33230000E+00  0.30000000E+01
  0.33250000E+00  0.30000000E+01
  0.33270000E+00  0.30000000E+01
  0.33290000E+00  0.30000000E+01
  0.33310000E+00  0.30000000E+01
  0.33330000E+00  0.30000000E+01
  0.33350000E+00  0.30000000E+01
  0.33370000E+00  0.30000000E+01
  0.33390000E+00  0.30000000E+01
  0.33410000E+00  0.30000000E+01
  0.33430000E+00  0.30000000E+01
  0.33450000E+00  0.30000000E+01
  0.33470000E+00  0.30000000E+01
  0.33490000E+00  0.30000000E+01
  0.33510000E+00  0.30000000E+01
  0.33530000E+00  0.30000000E+01
  0.33550000E+00  0.30000000E+01
  0.33570000E+00  0.30000000E+01
  0.33590000E+00  0.30000000E+01
  0.33610000E+00  0.30000000E+01
  0.33630000E+00  0.30000000E+01
  0.33650000E+00  0.30000000E+01
  0.33670000E+00  0.30000000E+01
  0.33690000E+00  0.30000000E+01
  0.33710000E+00  0.30000000E+01
  0.33730000E+00  0.30000000E+01
  0.33750000E+00  0.30000000E+01
  0.33770000E+00  0.30000000E+01
  0.33790000E+00  0.30000000E+01
  0.33810000E+00  0.30000000E+01
  0.33830000E+00  0.30000000E+01
  0.33850000E+00  0.30000000E+01
  0.33870000E+00  0.30000000E+01
  0.33890000E+00  0.30000000E+01
  0.33910000E+00  0.30000000E+01
  0.33930000E+00  0.30000000E+01
  0.33950000E+00  0.30000000E+01
  0.33970000E+00  0.30000000E+01
  0.33990000E+00  0.30000000E+01
  0.34010000E+00  0.30000000E+01
  0.34030000E+00  0.30000000E+01
  0.34050000E+00  0.30000000E+01
  0.34070000E+00  0.30000000E+01
  0.34090000E+00  0.30000000E+01
  0.34110000E+00  0.30000000E+01
  0.34130000E+00  0.30000000E+01
  0.34150000E+00  0.30000000E+01
  0.34170000E+00  0.30000000E+01
  0.34190000E+00  0.30000000E+01
  0.34210000E+00  0.30000000E+01
  0.34230000E+00  0.30000000E+01
  0.34250000E+00  0.30000000E+01
  0.34270000E+00  0.30000000E+01
  0.34290000E+00  0.30000000E+01
  0.34310000E+00  0.30000000E+01
  0.34330000E+00  0.30000000E+01
  0.34350000E+00  0.30000000E+01
  0.34370000E+00  0.30000000E+01
  0.34390000E+00  0.30000000E+01
  0.34410000E+00  0.30000000E+01
  0.34430000E+00  0.30000000E+01
  0.34450000E+00  0.30000000E+01
  0.34470000E+00  0.30000000E+01
  0.34490000E+00  0.30000000E+01
  0.34510000E+00  0.30000000E+01
  0.34530000E+00  0.30000000E+01
  0.34550000E+00  0.30000000E+01
  0.34570000E+00  0.30000000E+01
  0.34590000E+00  0.30000000E+01
  0.34610000E+00  0.30000000E+01
  0.34630000E+00  0.30000000E+01
  0.34650000E+00  0.30000000E+01
  0.34670000E+00  0.30000000E+01
  0.34690000E+00  0.30000000E+01
  0.34710000E+00  0.30000000E+01
  0.34730000E+00  0.30000000E+01
  0.34750000E+00  0.30000000E+01
  0.34770000E+00  0.30000000E+01
  0.34790000E+00  0.30000000E+01
  0.34810000E+00  0.30000000E+01
  0.34830000E+00  0.30000000E+01
  0.34850000E+00  0.30000000E+01
  0.34870000E+00  0.30000000E+01
  0.34890000E+00  0.30000000E+01
  0.34910000E+00  0.30000000E+01
  0.34930000E+00  0.30000000E+01
  0.34950000E+00  0.30000000E+01
  0.34970000E+00  0.30000000E+01
  0.34990000E+00  0.30000000E+01
  0.35010000E+00  0.30000000E+01
  0.35030000E+00  0.30000000E+01
  0.35050000E+00  0.30000000E+01
  0.35070000E+00  0.30000000E+01
  0.35090000E+00  0.30000000E+01
  0.35110000E+00  0.30000000E+01
  0.35130000E+00  0.30000000E+01
  0.35150000E+00  0.30000000E+01
  0.35170000E+00  0.30000000E+01
  0.35190000E+00  0.30000000E+01
  0.35210000E+00  0.30000000E+01
  0.35230000E+00  0.30000000E+01
  0.35250000E+00  0.30000000E+01
  0.35270000E+00  0.30000000E+01
  0.35290000E+00  0.30000000E+01
  0.35310000E+00  0.30000000E+01
  0.35330000E+00  0.30000000E+01
  0.35350000E+00  0.30000000E+01
  0.35370000E+00  0.30000000E+01
  0.35390000E+00  0.30000000E+01
  0.35410000E+00  0.30000000E+01
  0.35430000E+00  0.30000000E+01
  0.35450000E+00  0.30000000E+01
  0.35470000E+00  0.30000000E+01
  0.35490000E+00  0.30000000E+01
  0.35510000E+00  0.30000000E+01
  0.35530000E+00  0.30000000E+01
  0.35550000E+00  0.30000000E+01
  0.35570000E+00  0.30000000E+01
  0.35590000E+00  0.30000000E+01
  0.35610000E+00  0.30000000E+01
  0.35630000E+00  0.30000000E+01
  0.35650000E+00  0.30000000E+01
  0.35670000E+00  0.30000000E+01
  0.35690000E+00  0.30000000E+01
  0.35710000E+00  0.30000000E+01
  0.35730000E+00  0.30000000E+01
  0.35750000E+00  0.30000000E+01
  0.35770000E+00  0.30000000E+01
  0.35790000E+00  0.30000000E+01
  0.35810000E+00  0.30000000E+01
  0.35830000E+00  0.30000000E+01
  0.35850000E+00  0.30000000E+01
  0.35870000E+00  0.30000000E+01
  0.35890000E+00  0.30000000E+01
  0.35910000E+00  0.30000000E+01
  0.35930000E+00  0.30000000E+01
  0.35950000E+00  0.30000000E+01
  0.35970000E+00  0.30000000E+01
  0.35990000E+00  0.30000000E+01
  0.36010000E+00  0.30000000E+01
  0.36030000E+00  0.30000000E+01
  0.36050000E+00  0.30000000E+01
  0.36070000E+00  0.30000000E+01
  0.36090000E+00  0.30000000E+01
  0.36110000E+00  0.30000000E+01
  0.36130000E+00  0.30000000E+01
  0.36150000E+00  0.30000000E+01
  0.36170000E+00  0.30000000E+01
  0.36190000E+00  0.30000000E+01
  0.36210000E+00  0.30000000E+01
  0.36230000E+00  0.30000000E+01
  0.36250000E+00  0.30000000E+01
  0.36270000E+00  0.30000000E+01
  0.36290000E+00  0.30000000E+01
  0.36310000E+00  0.30000000E+01
  0.36330000E+00  0.30000000E+01
  0.36350000E+00  0.30000000E+01
  0.36370000E+00  0.30000000E+01
  0.36390000E+00  0.30000000E+01
  0.36410000E+00  0.30000000E+01
  0.36430000E+00  0.30000000E+01
  0.36450000E+00  0.30000000E+01
  0.36470000E+00  0.30000000E+01
  0.36490000E+00  0.30000000E+01
  0.36510000E+00  0.30000000E+01
  0.36530000E+00  0.30000000E+01
  0.36550000E+00  0.30000000E+01
  0.36570000E+00  0.30000000E+01
  0.36590000E+00  0.30000000E+01
  0.36610000E+00  0.30000000E+01
  0.36630000E+00  0.30000000E+01
  0.36650000E+00  0.30000000E+01
  0.36670000E+00  0.30000000E+01
  0.36690000E+00  0.30000000E+01
  0.36710000E+00  0.30000000E+01
  0.36730000E+00  0.30000000E+01
  0.36750000E+00  0.30000000E+01
  0.36770000E+00  0.30000000E+01
  0.36790000E+00  0.30000000E+01
  0.36810000E+00  0.30000000E+01
  0.36830000E+00  0.30000000E+01
  0.36850000E+00  0.30000000E+01
  0.36870000E+00  0.30000000E+01
  0.36890000E+00  0.30000000E+01
  0.36910000E+00  0.30000000E+01
  0.36930000E+00  0.30000000E+01
  0.36950000E+00  0.30000000E+01
  0.36970000E+00  0.30000000E+01
  0.36990000E+00  0.30000000E+01
  0.37010000E+00  0.30000000E+01
  0.37030000E+00  0.30000000E+01
  0.37050000E+00  0.30000000E+01
  0.37070000E+00  0.30000000E+01
  0.37090000E+00  0.30000000E+01
  0.37110000E+00  0.30000000E+01
  0.37130000E+00  0.30000000E+01
  0.37150000E+00  0.30000000E+01
  0.37170000E+00  0.30000000E+01
  0.37190000E+00  0.30000000E+01
  0.37210000E+00  0.30000000E+01
  0.37230000E+00  0.30000000E+01
  0.37250000E+00  0.30000000E+01
  0.37270000E+00  0.30000000E+01
  0.37290000E+00  0.30000000E+01
  0.37310000E+00  0.30000000E+01
  0.37330000E+00  0.30000000E+01
  0.37350000E+00  0.30000000E+01
  0.37370000E+00  0.30000000E+01
  0.37390000E+00  0.30000000E+01
  0.37410000E+00  0.30000000E+01
  0.37430000E+00  0.30000000E+01
  0.37450000E+00  0.30000000E+01
  0.37470000E+00  0.30000000E+01
  0.37490000E+00  0.30000000E+01
  0.37510000E+00  0.30000000E+01
  0.37530000E+00  0.30000000E+01
  0.37550000E+00  0.30000000E+01
  0.37570000E+00  0.30000000E+01
  0.37590000E+00  0.30000000E+01
  0.37610000E+00  0.30000000E+01
  0.37630000E+00  0.30000000E+01
  0.37650000E+00  0.30000000E+01
  0.37670000E+00  0.30000000E+01
  0.37690000E+00  0.30000000E+01
  0.37710000E+00  0.30000000E+01
  0.37730000E+00  0.30000000E+01
  0.37750000E+00  0.30000000E+01
  0.37770000E+00  0.30000000E+01
  0.37790000E+00  0.30000000E+01
  0.37810000E+00  0.30000000E+01
  0.37830000E+00  0.30000000E+01
  0.37850000E+00  0.30000000E+01
  0.37870000E+00  0.30000000E+01
  0.37890000E+00  0.30000000E+01
  0.37910000E+00  0.30000000E+01
  0.37930000E+00  0.30000000E+01
  0.37950000E+00  0.30000000E+01
  0.37970000E+00  0.30000000E+01
  0.37990000E+00  0.30000000E+01
  0.38010000E+00  0.30000000E+01
  0.38030000E+00  0.30000000E+01
  0.38050000E+00  0.30000000E+01
  0.38070000E+00  0.30000000E+01
  0.38090000E+00  0.30000000E+01
  0.38110000E+00  0.30000000E+01
  0.38130000E+00  0.30000000E+01
  0.38150000E+00  0.30000000E+01
  0.38170000E+00  0.30000000E+01
  0.38190000E+00  0.30000000E+01
  0.38210000E+00  0.30000000E+01
  0.38230000E+00  0.30000000E+01
  0.38250000E+00  0.30000000E+01
  0.38270000E+00  0.30000000E+01
  0.38290000E+00  0.30000000E+01
  0.38310000E+00  0.30000000E+01
  0.38330000E+00  0.30000000E+01
  0.38350000E+00  0.30000000E+01
  0.38370000E+00  0.30000000E+01
  0.38390000E+00  0.30000000E+01
  0.38410000E+00  0.30000000E+01
  0.38430000E+00  0.30000000E+01
  0.38450000E+00  0.30000000E+01
  0.38470000E+00  0.30000000E+01
  0.38490000E+00  0.30000000E+01
  0.38510000E+00  0.30000000E+01
  0.38530000E+00  0.30000000E+01
  0.38550000E+00  0.30000000E+01
  0.38570000E+00  0.30000000E+01
  0.38590000E+00  0.30000000E+01
  0.38610000E+00  0.30000000E+01
  0.38630000E+00  0.30000000E+01
  0.38650000E+00  0.30000000E+01
  0.38670000E+00  0.30000000E+01
  0.38690000E+00  0.30000000E+01
  0.38710000E+00  0.30000000E+01
  0.38730000E+00  0.30000000E+01
  0.38750000E+00  0.30000000E+01
  0.38770000E+00  0.30000000E+01
  0.38790000E+00  0.30000000E+01
  0.38810000E+00  0.30000000E+01
  0.38830000E+00  0.30000000E+01
  0.38850000E+00  0.30000000E+01
  0.38870000E+00  0.30000000E+01
  0.38890000E+00  0.30000000E+01
  0.38910000E+00  0.30000000E+01
  0.38930000E+00  0.30000000E+01
  0.38950000E+00  0.30000000E+01
  0.38970000E+00  0.30000000E+01
  0.38990000E+00  0.30000000E+01
  0.39010000E+00  0.30000000E+01
  0.39030000E+00  0.30000000E+01
  0.39050000E+00  0.30000000E+01
  0.39070000E+00  0.30000000E+01
  0.39090000E+00  0.30000000E+01
  0.39110000E+00  0.30000000E+01
  0.39130000E+00  0.30000000E+01
  0.39150000E+00  0.30000000E+01
  0.39170000E+00  0.30000000E+01
  0.39190000E+00  0.30000000E+01
  0.39210000E+00  0.30000000E+01
  0.39230000E+00  0.30000000E+01
  0.39250000E+00  0.30000000E+01
  0.39270000E+00  0.30000000E+01
  0.39290000E+00  0.30000000E+01
  0.39310000E+00  0.30000000E+01
  0.39330000E+00  0.30000000E+01
  0.39350000E+00  0.30000000E+01
  0.39370000E+00  0.30000000E+01
  0.39390000E+00  0.30000000E+01
  0.39410000E+00  0.30000000E+01
  0.39430000E+00  0.30000000E+01
  0.39450000E+00  0.30000000E+01
  0.39470000E+00  0.30000000E+01
  0.39490000E+00  0.30000000E+01
  0.39510000E+00  0.30000000E+01
  0.39530000E+00  0.30000000E+01
  0.39550000E+00  0.30000000E+01
  0.39570000E+00  0.30000000E+01
  0.39590000E+00  0.30000000E+01
  0.39610000E+00  0.30000000E+01
  0.39630000E+00  0.30000000E+01
  0.39650000E+00  0.30000000E+01
  0.39670000E+00  0.30000000E+01
  0.39690000E+00  0.30000000E+01
  0.39710000E+00  0.30000000E+01
  0.39730000E+00  0.30000000E+01
  0.39750000E+00  0.30000000E+01
  0.39770000E+00  0.30000000E+01
  0.39790000E+00  0.30000000E+01
  0.39810000E+00  0.30000000E+01
  0.39830000E+00  0.30000000E+01
  0.39850000E+00  0.30000000E+01
  0.39870000E+00  0.30000000E+01
  0.39890000E+00  0.30000000E+01
  0.39910000E+00  0.30000000E+01
  0.39930000E+00  0.30000000E+01
  0.39950000E+00  0.30000000E+01
  0.39970000E+00  0.30000000E+01
  0.39990000E+00  0.30000000E+01
  0.40010000E+00  0.30000000E+01
  0.40030000E+00  0.30000000E+01
  0.40050000E+00  0.30000000E+01
  0.40070000E+00  0.30000000E+01
  0.40090000E+00  0.30000000E+01
  0.40110000E+00  0.30000000E+01
  0.40130000E+00  0.30000000E+01
  0.40150000E+00  0.30000000E+01
  0.40170000E+00  0.30000000E+01
  0.40190000E+00  0.30000000E+01
  0.40210000E+00  0.30000000E+01
  0.40230000E+00  0.30000000E+01
  0.40250000E+00  0.30000000E+01
  0.40270000E+00  0.30000000E+01
  0.40290000E+00  0.30000000E+01
  0.40310000E+00  0.30000000E+01
  0.40330000E+00  0.30000000E+01
  0.40350000E+00  0.30000000E+01
  0.40370000E+00  0.30000000E+01
  0.40390000E+00  0.30000000E+01
  0.40410000E+00  0.30000000E+01
  0.40430000E+00  0.30000000E+01
  0.40450000E+00  0.30000000E+01
  0.40470000E+00  0.30000000E+01
  0.40490000E+00  0.30000000E+01
  0.40510000E+00  0.30000000E+01
  0.40530000E+00  0.30000000E+01
  0.40550000E+00  0.30000000E+01
  0.40570000E+00  0.30000000E+01
  0.40590000E+00  0.30000000E+01
  0.40610000E+00  0.30000000E+01
  0.40630000E+00  0.30000000E+01
  0.40650000E+00  0.30000000E+01
  0.40670000E+00  0.30000000E+01
  0.40690000E+00  0.30000000E+01
  0.40710000E+00  0.30000000E+01
  0.40730000E+00  0.30000000E+01
  0.40750000E+00  0.30000000E+01
  0.40770000E+00  0.30000000E+01
  0.40790000E+00  0.30000000E+01
  0.40810000E+00  0.30000000E+01
  0.40830000E+00  0.30000000E+01
  0.40850000E+00  0.30000000E+01
  0.40870000E+00  0.30000000E+01
  0.40890000E+00  0.30000000E+01
  0.40910000E+00  0.30000000E+01
  0.40930000E+00  0.30000000E+01
  0.40950000E+00  0.30000000E+01
  0.40970000E+00  0.30000000E+01
  0.40990000E+00  0.30000000E+01
  0.41010000E+00  0.30000000E+01
  0.41030000E+00  0.30000000E+01
  0.41050000E+00  0.30000000E+01
  0.41070000E+00  0.30000000E+01
  0.41090000E+00  0.30000000E+01
  0.41110000E+00  0.30000000E+01
  0.41130000E+00  0.30000000E+01
  0.41150000E+00  0.30000000E+01
  0.41170000E+00  0.30000000E+01
  0.41190000E+00  0.30000000E+01
  0.41210000E+00  0.30000000E+01
  0.41230000E+00  0.30000000E+01
  0.41250000E+00  0.30000000E+01
  0.41270000E+00  0.30000000E+01
  0.41290000E+00  0.30000000E+01
  0.41310000E+00  0.30000000E+01
  0.41330000E+00  0.30000000E+01
  0.41350000E+00  0.30000000E+01
  0.41370000E+00  0.30000000E+01
  0.41390000E+00  0.30000000E+01
  0.41410000E+00  0.30000000E+01
  0.41430000E+00  0.30000000E+01
  0.41450000E+00  0.30000000E+01
  0.41470000E+00  0.30000000E+01
  0.41490000E+00  0.30000000E+01
  0.41510000E+00  0.30000000E+01
  0.41530000E+00  0.30000000E+01
  0.41550000E+00  0.30000000E+01
  0.41570000E+00  0.30000000E+01
  0.41590000E+00  0.30000000E+01
  0.41610000E+00  0.30000000E+01
  0.41630000E+00  0.30000000E+01
  0.41650000E+00  0.30000000E+01
  0.41670000E+00  0.30000000E+01
  0.41690000E+00  0.30000000E+01
  0.41710000E+00  0.30000000E+01
  0.41730000E+00  0.30000000E+01
  0.41750000E+00  0.30000000E+01
  0.41770000E+00  0.30000000E+01
  0.41790000E+00  0.30000000E+01
  0.41810000E+00  0.30000000E+01
  0.41830000E+00  0.30000000E+01
  0.41850000E+00  0.30000000E+01
  0.41870000E+00  0.30000000E+01
  0.41890000E+00  0.30000000E+01
  0.41910000E+00  0.30000000E+01
  0.41930000E+00  0.30000000E+01
  0.41950000E+00  0.30000000E+01
  0.41970000E+00  0.30000000E+01
  0.41990000E+00  0.30000000E+01
  0.42010000E+00  0.30000000E+01
  0.42030000E+00  0.30000000E+01
  0.42050000E+00  0.30000000E+01
  0.42070000E+00  0.30000000E+01
  0.42090000E+00  0.30000000E+01
  0.42110000E+00  0.30000000E+01
  0.42130000E+00  0.30000000E+01
  0.42150000E+00  0.30000000E+01
  0.42170000E+00  0.30000000E+01
  0.42190000E+00  0.30000000E+01
  0.42210000E+00  0.30000000E+01
  0.42230000E+00  0.30000000E+01
  0.42250000E+00  0.30000000E+01
  0.42270000E+00  0.30000000E+01
  0.42290000E+00  0.30000000E+01
  0.42310000E+00  0.30000000E+01
  0.42330000E+00  0.30000000E+01
  0.42350000E+00  0.30000000E+01
  0.42370000E+00  0.30000000E+01
  0.42390000E+00  0.30000000E+01
  0.42410000E+00  0.30000000E+01
  0.42430000E+00  0.30000000E+01
  0.42450000E+00  0.30000000E+01
  0.42470000E+00  0.30000000E+01
  0.42490000E+00  0.30000000E+01
  0.42510000E+00  0.30000000E+01
  0.42530000E+00  0.30000000E+01
  0.42550000E+00  0.30000000E+01
  0.42570000E+00  0.30000000E+01
  0.42590000E+00  0.30000000E+01
  0.42610000E+00  0.30000000E+01
  0.42630000E+00  0.30000000E+01
  0.42650000E+00  0.30000000E+01
  0.42670000E+00  0.30000000E+01
  0.42690000E+00  0.30000000E+01
  0.42710000E+00  0.30000000E+01
  0.42730000E+00  0.30000000E+01
  0.42750000E+00  0.30000000E+01
  0.42770000E+00  0.30000000E+01
  0.42790000E+00  0.30000000E+01
  0.42810000E+00  0.30000000E+01
  0.42830000E+00  0.30000000E+01
  0.42850000E+00  0.30000000E+01
  0.42870000E+00  0.30000000E+01
  0.42890000E+00  0.30000000E+01
  0.42910000E+00  0.30000000E+01
  0.42930000E+00  0.30000000E+01
  0.42950000E+00  0.30000000E+01
  0.42970000E+00  0.30000000E+01
  0.42990000E+00  0.30000000E+01
  0.43010000E+00  0.30000000E+01
  0.43030000E+00  0.30000000E+01
  0.43050000E+00  0.30000000E+01
  0.43070000E+00  0.30000000E+01
  0.43090000E+00  0.30000000E+01
  0.43110000E+00  0.30000000E+01
  0.43130000E+00  0.30000000E+01
  0.43150000E+00  0.30000000E+01
  0.43170000E+00  0.30000000E+01
  0.43190000E+00  0.30000000E+01
  0.43210000E+00  0.30000000E+01
  0.43230000E+00  0.30000000E+01
  0.43250000E+00  0.30000000E+01
  0.43270000E+00  0.30000000E+01
  0.43290000E+00  0.30000000E+01
  0.43310000E+00  0.30000000E+01
  0.43330000E+00  0.30000000E+01
  0.43350000E+00  0.30000000E+01
  0.43370000E+00  0.30000000E+01
  0.43390000E+00  0.30000000E+01
  0.43410000E+00  0.30000000E+01
  0.43430000E+00  0.30000000E+01
  0.43450000E+00  0.30000000E+01
  0.43470000E+00  0.30000000E+01
  0.43490000E+00  0.30000000E+01
  0.43510000E+00  0.30000000E+01
  0.43530000E+00  0.30000000E+01
  0.43550000E+00  0.30000000E+01
  0.43570000E+00  0.30000000E+01
  0.43590000E+00  0.30000000E+01
  0.43610000E+00  0.30000000E+01
  0.43630000E+00  0.30000000E+01
  0.43650000E+00  0.30000000E+01
  0.43670000E+00  0.30000000E+01
  0.43690000E+00  0.30000000E+01
  0.43710000E+00  0.30000000E+01
  0.43730000E+00  0.30000000E+01
  0.43750000E+00  0.30000000E+01
  0.43770000E+00  0.30000000E+01
  0.43790000E+00  0.30000000E+01
  0.43810000E+00  0.30000000E+01
  0.43830000E+00  0.30000000E+01
  0.43850000E+00  0.30000000E+01
  0.43870000E+00  0.30000000E+01
  0.43890000E+00  0.30000000E+01
  0.43910000E+00  0.30000000E+01
  0.43930000E+00  0.30000000E+01
  0.43950000E+00  0.30000000E+01
  0.43970000E+00  0.30000000E+01
  0.43990000E+00  0.30000000E+01
  0.44010000E+00  0.30000000E+01
  0.44030000E+00  0.30000000E+01
  0.44050000E+00  0.30000000E+01
  0.44070000E+00  0.30000000E+01
  0.44090000E+00  0.30000000E+01
  0.44110000E+00  0.30000000E+01
  0.44130000E+00  0.30000000E+01
  0.44150000E+00  0.30000000E+01
  0.44170000E+00  0.30000000E+01
  0.44190000E+00  0.30000000E+01
  0.44210000E+00  0.30000000E+01
  0.44230000E+00  0.30000000E+01
  0.44250000E+00  0.30000000E+01
  0.44270000E+00  0.30000000E+01
  0.44290000E+00  0.30000000E+01
  0.44310000E+00  0.30000000E+01
  0.44330000E+00  0.30000000E+01
  0.44350000E+00  0.30000000E+01
  0.44370000E+00  0.30000000E+01
  0.44390000E+00  0.30000000E+01
  0.44410000E+00  0.30000000E+01
  0.44430000E+00  0.30000000E+01
  0.44450000E+00  0.30000000E+01
  0.44470000E+00  0.30000000E+01
  0.44490000E+00  0.30000000E+01
  0.44510000E+00  0.30000000E+01
  0.44530000E+00  0.30000000E+01
  0.44550000E+00  0.30000000E+01
  0.44570000E+00  0.30000000E+01
  0.44590000E+00  0.30000000E+01
  0.44610000E+00  0.30000000E+01
  0.44630000E+00  0.30000000E+01
  0.44650000E+00  0.30000000E+01
  0.44670000E+00  0.30000000E+01
  0.44690000E+00  0.30000000E+01
  0.44710000E+00  0.30000000E+01
  0.44730000E+00  0.30000000E+01
  0.44750000E+00  0.30000000E+01
  0.44770000E+00  0.30000000E+01
  0.44790000E+00  0.30000000E+01
  0.44810000E+00  0.30000000E+01
  0.44830000E+00  0.30000000E+01
  0.44850000E+00  0.30000000E+01
  0.44870000E+00  0.30000000E+01
  0.44890000E+00  0.30000000E+01
  0.44910000E+00  0.30000000E+01
  0.44930000E+00  0.30000000E+01
  0.44950000E+00  0.30000000E+01
  0.44970000E+00  0.30000000E+01
  0.44990000E+00  0.30000000E+01
  0.45010000E+00  0.30000000E+01
  0.45030000E+00  0.30000000E+01
  0.45050000E+00  0.30000000E+01
  0.45070000E+00  0.30000000E+01
  0.45090000E+00  0.30000000E+01
  0.45110000E+00  0.30000000E+01
  0.45130000E+00  0.30000000E+01
  0.45150000E+00  0.30000000E+01
  0.45170000E+00  0.30000000E+01
  0.45190000E+00  0.30000000E+01
  0.45210000E+00  0.30000000E+01
  0.45230000E+00  0.30000000E+01
  0.45250000E+00  0.30000000E+01
  0.45270000E+00  0.30000000E+01
  0.45290000E+00  0.30000000E+01
  0.45310000E+00  0.30000000E+01
  0.45330000E+00  0.30000000E+01
  0.45350000E+00  0.30000000E+01
  0.45370000E+00  0.30000000E+01
  0.45390000E+00  0.30000000E+01
  0.45410000E+00  0.30000000E+01
  0.45430000E+00  0.30000000E+01
  0.45450000E+00  0.30000000E+01
  0.45470000E+00  0.30000000E+01
  0.45490000E+00  0.30000000E+01
  0.45510000E+00  0.30000000E+01
  0.45530000E+00  0.30000000E+01
  0.45550000E+00  0.30000000E+01
  0.45570000E+00  0.30000000E+01
  0.45590000E+00  0.30000000E+01
  0.45610000E+00  0.30000000E+01
  0.45630000E+00  0.30000000E+01
  0.45650000E+00  0.30000000E+01
  0.45670000E+00  0.30000000E+01
  0.45690000E+00  0.30000000E+01
  0.45710000E+00  0.30000000E+01
  0.45730000E+00  0.30000000E+01
  0.45750000E+00  0.30000000E+01
  0.45770000E+00  0.30000000E+01
  0.45790000E+00  0.30000000E+01
  0.45810000E+00  0.30000000E+01
  0.45830000E+00  0.30000000E+01
  0.45850000E+00  0.30000000E+01
  0.45870000E+00  0.30000000E+01
  0.45890000E+00  0.30000000E+01
  0.45910000E+00  0.30000000E+01
  0.45930000E+00  0.30000000E+01
  0.45950000E+00  0.30000000E+01
  0.45970000E+00  0.30000000E+01
  0.45990000E+00  0.30000000E+01
  0.46010000E+00  0.30000000E+01
  0.46030000E+00  0.30000000E+01
  0.46050000E+00  0.30000000E+01
  0.46070000E+00  0.30000000E+01
  0.46090000E+00  0.30000000E+01
  0.46110000E+00  0.30000000E+01
  0.46130000E+00  0.30000000E+01
  0.46150000E+00  0.30000000E+01
  0.46170000E+00  0.30000000E+01
  0.46190000E+00  0.30000000E+01
  0.46210000E+00  0.30000000E+01
  0.46230000E+00  0.30000000E+01
  0.46250000E+00  0.30000000E+01
  0.46270000E+00  0.30000000E+01
  0.46290000E+00  0.30000000E+01
  0.46310000E+00  0.30000000E+01
  0.46330000E+00  0.30000000E+01
  0.46350000E+00  0.30000000E+01
  0.46370000E+00  0.30000000E+01
  0.46390000E+00  0.30000000E+01
  0.46410000E+00  0.30000000E+01
  0.46430000E+00  0.30000000E+01
  0.46450000E+00  0.30000000E+01
  0.46470000E+00  0.30000000E+01
  0.46490000E+00  0.30000000E+01
  0.46510000E+00  0.30000000E+01
  0.46530000E+00  0.30000000E+01
  0.46550000E+00  0.30000000E+01
  0.46570000E+00  0.30000000E+01
  0.46590000E+00  0.30000000E+01
  0.46610000E+00  0.30000000E+01
  0.46630000E+00  0.30000000E+01
  0.46650000E+00  0.30000000E+01
  0.46670000E+00  0.30000000E+01
  0.46690000E+00  0.30000000E+01
  0.46710000E+00  0.30000000E+01
  0.46730000E+00  0.30000000E+01
  0.46750000E+00  0.30000000E+01
  0.46770000E+00  0.30000000E+01
  0.46790000E+00  0.30000000E+01
  0.46810000E+00  0.30000000E+01
  0.46830000E+00  0.30000000E+01
  0.46850000E+00  0.30000000E+01
  0.46870000E+00  0.30000000E+01
  0.46890000E+00  0.30000000E+01
  0.46910000E+00  0.30000000E+01
  0.46930000E+00  0.30000000E+01
  0.46950000E+00  0.30000000E+01
  0.46970000E+00  0.30000000E+01
  0.46990000E+00  0.30000000E+01
  0.47010000E+00  0.30000000E+01
  0.47030000E+00  0.30000000E+01
  0.47050000E+00  0.30000000E+01
  0.47070000E+00  0.30000000E+01
  0.47090000E+00  0.30000000E+01
  0.47110000E+00  0.30000000E+01
  0.47130000E+00  0.30000000E+01
  0.47150000E+00  0.30000000E+01
  0.47170000E+00  0.30000000E+01
  0.47190000E+00  0.30000000E+01
  0.47210000E+00  0.30000000E+01
  0.47230000E+00  0.30000000E+01
  0.47250000E+00  0.30000000E+01
  0.47270000E+00  0.30000000E+01
  0.47290000E+00  0.30000000E+01
  0.47310000E+00  0.30000000E+01
  0.47330000E+00  0.30000000E+01
  0.47350000E+00  0.30000000E+01
  0.47370000E+00  0.30000000E+01
  0.47390000E+00  0.30000000E+01
  0.47410000E+00  0.30000000E+01
  0.47430000E+00  0.30000000E+01
  0.47450000E+00  0.30000000E+01
  0.47470000E+00  0.30000000E+01
  0.47490000E+00  0.30000000E+01
  0.47510000E+00  0.30000000E+01
  0.47530000E+00  0.30000000E+01
  0.47550000E+00  0.30000000E+01
  0.47570000E+00  0.30000000E+01
  0.47590000E+00  0.30000000E+01
  0.47610000E+00  0.30000000E+01
  0.47630000E+00  0.30000000E+01
  0.47650000E+00  0.30000000E+01
  0.47670000E+00  0.30000000E+01
  0.47690000E+00  0.30000000E+01
  0.47710000E+00  0.30000000E+01
  0.47730000E+00  0.30000000E+01
  0.47750000E+00  0.30000000E+01
  0.47770000E+00  0.30000000E+01
  0.47790000E+00  0.30000000E+01
  0.47810000E+00  0.30000000E+01
  0.47830000E+00  0.30000000E+01
  0.47850000E+00  0.30000000E+01
  0.47870000E+00  0.30000000E+01
  0.47890000E+00  0.30000000E+01
  0.47910000E+00  0.30000000E+01
  0.47930000E+00  0.30000000E+01
  0.47950000E+00  0.30000000E+01
  0.47970000E+00  0.30000000E+01
  0.47990000E+00  0.30000000E+01
  0.48010000E+00  0.30000000E+01
  0.48030000E+00  0.30000000E+01
  0.48050000E+00  0.30000000E+01
  0.48070000E+00  0.30000000E+01
  0.48090000E+00  0.30000000E+01
  0.48110000E+00  0.30000000E+01
  0.48130000E+00  0.30000000E+01
  0.48150000E+00  0.30000000E+01
  0.48170000E+00  0.30000000E+01
  0.48190000E+00  0.30000000E+01
  0.48210000E+00  0.30000000E+01
  0.48230000E+00  0.30000000E+01
  0.48250000E+00  0.30000000E+01
  0.48270000E+00  0.30000000E+01
  0.48290000E+00  0.30000000E+01
  0.48310000E+00  0.30000000E+01
  0.48330000E+00  0.30000000E+01
  0.48350000E+00  0.30000000E+01
  0.48370000E+00  0.30000000E+01
  0.48390000E+00  0.30000000E+01
  0.48410000E+00  0.30000000E+01
  0.48430000E+00  0.30000000E+01
  0.48450000E+00  0.30000000E+01
  0.48470000E+00  0.30000000E+01
  0.48490000E+00  0.30000000E+01
  0.48510000E+00  0.30000000E+01
  0.48530000E+00  0.30000000E+01
  0.48550000E+00  0.30000000E+01
  0.48570000E+00  0.30000000E+01
  0.48590000E+00  0.30000000E+01
  0.48610000E+00  0.30000000E+01
  0.48630000E+00  0.30000000E+01
  0.48650000E+00  0.30000000E+01
  0.48670000E+00  0.30000000E+01
  0.48690000E+00  0.30000000E+01
  0.48710000E+00  0.30000000E+01
  0.48730000E+00  0.30000000E+01
  0.48750000E+00  0.30000000E+01
  0.48770000E+00  0.30000000E+01
  0.48790000E+00  0.30000000E+01
  0.48810000E+00  0.30000000E+01
  0.48830000E+00  0.30000000E+01
  0.48850000E+00  0.30000000E+01
  0.48870000E+00  0.30000000E+01
  0.48890000E+00  0.30000000E+01
  0.48910000E+00  0.30000000E+01
  0.48930000E+00  0.30000000E+01
  0.48950000E+00  0.30000000E+01
  0.48970000E+00  0.30000000E+01
  0.48990000E+00  0.30000000E+01
  0.49010000E+00  0.30000000E+01
  0.49030000E+00  0.30000000E+01
  0.49050000E+00  0.30000000E+01
  0.49070000E+00  0.30000000E+01
  0.49090000E+00  0.30000000E+01
  0.49110000E+00  0.30000000E+01
  0.49130000E+00  0.30000000E+01
  0.49150000E+00  0.30000000E+01
  0.49170000E+00  0.30000000E+01
  0.49190000E+00  0.30000000E+01
  0.49210000E+00  0.30000000E+01
  0.49230000E+00  0.30000000E+01
  0.49250000E+00  0.30000000E+01
  0.49270000E+00  0.30000000E+01
  0.49290000E+00  0.30000000E+01
  0.49310000E+00  0.30000000E+01
  0.49330000E+00  0.30000000E+01
  0.49350000E+00  0.30000000E+01
  0.49370000E+00  0.30000000E+01
  0.49390000E+00  0.30000000E+01
  0.49410000E+00  0.30000000E+01
  0.49430000E+00  0.30000000E+01
  0.49450000E+00  0.30000000E+01
  0.49470000E+00  0.30000000E+01
  0.49490000E+00  0.30000000E+01
  0.49510000E+00  0.30000000E+01
  0.49530000E+00  0.30000000E+01
  0.49550000E+00  0.30000000E+01
  0.49570000E+00  0.30000000E+01
  0.49590000E+00  0.30000000E+01
  0.49610000E+00  0.30000000E+01
  0.49630000E+00  0.30000000E+01
  0.49650000E+00  0.30000000E+01
  0.49670000E+00  0.30000000E+01
  0.49690000E+00  0.30000000E+01
  0.49710000E+00  0.30000000E+01
  0.49730000E+00  0.30000000E+01
  0.49750000E+00  0.30000000E+01
  0.49770000E+00  0.30000000E+01
  0.49790000E+00  0.30000000E+01
  0.49810000E+00  0.30000000E+01
  0.49830000E+00  0.30000000E+01
  0.49850000E+00  0.30000000E+01
  0.49870000E+00  0.30000000E+01
  0.49890000E+00  0.30000000E+01
  0.49910000E+00  0.30000000E+01
  0.49930000E+00  0.30000000E+01
  0.49950000E+00  0.30000000E+01
  0.49970000E+00  0.30000000E+01
  0.49990000E+00  0.30000000E+01
